content_id,genre_id,is_primary_genre
1,1,TRUE
2,2,TRUE
2,3,FALSE
2,4,FALSE
3,5,TRUE
3,2,FALSE
3,6,FALSE
4,7,TRUE
4,8,FALSE
5,2,TRUE
5,9,FALSE
5,10,FALSE
6,3,TRUE
6,11,FALSE
6,4,FALSE
7,12,TRUE
8,13,TRUE
8,14,FALSE
8,15,FALSE
9,16,TRUE
9,8,FALSE
10,17,TRUE
10,13,FALSE
11,5,TRUE
11,7,FALSE
11,2,FALSE
12,5,TRUE
12,2,FALSE
12,6,FALSE
13,13,TRUE
13,15,FALSE
14,12,TRUE
14,17,FALSE
15,16,TRUE
15,5,FALSE
15,7,FALSE
16,10,TRUE
16,3,FALSE
17,1,TRUE
17,15,FALSE
18,5,TRUE
18,18,FALSE
18,3,FALSE
19,19,TRUE
20,2,TRUE
20,18,FALSE
20,6,FALSE
21,5,TRUE
21,7,FALSE
21,2,FALSE
22,2,TRUE
22,6,FALSE
22,3,FALSE
23,17,TRUE
23,15,FALSE
24,12,TRUE
25,17,TRUE
25,15,FALSE
25,20,FALSE
26,7,TRUE
26,2,FALSE
26,8,FALSE
27,17,TRUE
27,15,FALSE
27,21,FALSE
28,17,TRUE
29,22,TRUE
29,23,FALSE
30,19,TRUE
31,13,TRUE
31,14,FALSE
31,15,FALSE
32,10,TRUE
33,16,TRUE
33,2,FALSE
33,10,FALSE
34,2,TRUE
34,3,FALSE
34,24,FALSE
35,25,TRUE
36,13,TRUE
36,15,FALSE
36,19,FALSE
37,26,TRUE
37,13,FALSE
37,15,FALSE
38,25,TRUE
38,10,FALSE
39,26,TRUE
39,13,FALSE
40,25,TRUE
41,25,TRUE
41,27,FALSE
42,26,TRUE
42,28,FALSE
42,13,FALSE
43,13,TRUE
43,22,FALSE
43,19,FALSE
44,26,TRUE
44,22,FALSE
44,19,FALSE
45,26,TRUE
45,22,FALSE
45,19,FALSE
46,1,TRUE
47,26,TRUE
48,2,TRUE
48,9,FALSE
48,10,FALSE
49,13,TRUE
49,19,FALSE
50,2,TRUE
50,3,FALSE
51,2,TRUE
51,3,FALSE
51,27,FALSE
52,26,TRUE
52,29,FALSE
52,15,FALSE
53,26,TRUE
53,29,FALSE
53,15,FALSE
54,26,TRUE
54,29,FALSE
54,15,FALSE
55,26,TRUE
55,29,FALSE
55,15,FALSE
56,8,TRUE
57,26,TRUE
57,29,FALSE
57,15,FALSE
58,26,TRUE
58,29,FALSE
58,15,FALSE
59,26,TRUE
59,29,FALSE
59,15,FALSE
60,26,TRUE
60,29,FALSE
60,15,FALSE
61,26,TRUE
61,29,FALSE
61,15,FALSE
62,26,TRUE
62,29,FALSE
62,15,FALSE
63,26,TRUE
63,29,FALSE
63,15,FALSE
64,26,TRUE
64,29,FALSE
64,15,FALSE
65,12,TRUE
66,25,TRUE
67,7,TRUE
67,2,FALSE
68,25,TRUE
68,10,FALSE
69,1,TRUE
69,15,FALSE
69,30,FALSE
70,2,TRUE
70,3,FALSE
71,2,TRUE
71,8,FALSE
71,9,FALSE
72,12,TRUE
73,16,TRUE
73,7,FALSE
73,2,FALSE
74,13,TRUE
74,15,FALSE
75,8,TRUE
76,12,TRUE
77,31,TRUE
77,2,FALSE
78,12,TRUE
78,17,FALSE
79,17,TRUE
79,13,FALSE
79,15,FALSE
80,17,TRUE
80,13,FALSE
80,15,FALSE
81,12,TRUE
82,26,TRUE
83,5,TRUE
83,10,FALSE
83,3,FALSE
84,8,TRUE
85,26,TRUE
85,17,FALSE
85,13,FALSE
86,31,TRUE
86,25,FALSE
87,15,TRUE
87,19,FALSE
88,25,TRUE
88,32,FALSE
89,1,TRUE
89,30,FALSE
90,25,TRUE
91,23,TRUE
91,19,FALSE
92,1,TRUE
92,15,FALSE
93,2,TRUE
93,3,FALSE
93,4,FALSE
94,13,TRUE
94,15,FALSE
94,20,FALSE
95,12,TRUE
95,17,FALSE
96,8,TRUE
97,1,TRUE
97,21,FALSE
98,25,TRUE
98,10,FALSE
98,27,FALSE
99,16,TRUE
99,25,FALSE
100,10,TRUE
100,3,FALSE
101,25,TRUE
102,1,TRUE
102,30,FALSE
103,7,TRUE
103,33,FALSE
104,13,TRUE
104,15,FALSE
104,19,FALSE
105,25,TRUE
105,32,FALSE
106,26,TRUE
106,17,FALSE
106,13,FALSE
107,25,TRUE
107,10,FALSE
108,12,TRUE
108,13,FALSE
109,25,TRUE
109,3,FALSE
109,34,FALSE
110,5,TRUE
110,2,FALSE
110,18,FALSE
111,7,TRUE
111,2,FALSE
111,18,FALSE
112,25,TRUE
113,13,TRUE
114,17,TRUE
114,20,FALSE
115,13,TRUE
115,15,FALSE
115,19,FALSE
116,13,TRUE
116,20,FALSE
117,17,TRUE
117,13,FALSE
117,14,FALSE
118,1,TRUE
119,13,TRUE
119,15,FALSE
119,19,FALSE
120,13,TRUE
120,15,FALSE
120,20,FALSE
121,25,TRUE
121,10,FALSE
122,2,TRUE
122,9,FALSE
122,10,FALSE
123,19,TRUE
124,25,TRUE
125,25,TRUE
125,32,FALSE
126,5,TRUE
126,6,FALSE
126,10,FALSE
127,13,TRUE
127,15,FALSE
127,20,FALSE
128,12,TRUE
128,17,FALSE
129,13,TRUE
129,15,FALSE
129,19,FALSE
130,13,TRUE
131,12,TRUE
131,21,FALSE
132,26,TRUE
132,28,FALSE
132,35,FALSE
133,2,TRUE
133,6,FALSE
133,10,FALSE
134,26,TRUE
134,23,FALSE
135,26,TRUE
135,13,FALSE
136,26,TRUE
137,13,TRUE
137,20,FALSE
138,26,TRUE
138,17,FALSE
139,13,TRUE
139,20,FALSE
140,28,TRUE
140,17,FALSE
140,13,FALSE
141,13,TRUE
141,15,FALSE
141,19,FALSE
142,26,TRUE
143,13,TRUE
144,26,TRUE
144,23,FALSE
145,17,TRUE
145,35,FALSE
146,17,TRUE
146,35,FALSE
146,21,FALSE
147,17,TRUE
147,21,FALSE
148,8,TRUE
149,36,TRUE
150,26,TRUE
150,17,FALSE
151,19,TRUE
152,26,TRUE
152,15,FALSE
153,17,TRUE
154,25,TRUE
155,31,TRUE
155,2,FALSE
155,34,FALSE
156,26,TRUE
156,12,FALSE
156,35,FALSE
157,17,TRUE
157,13,FALSE
157,20,FALSE
158,23,TRUE
158,19,FALSE
159,17,TRUE
159,20,FALSE
160,17,TRUE
160,13,FALSE
160,15,FALSE
161,10,TRUE
162,17,TRUE
162,35,FALSE
162,23,FALSE
163,13,TRUE
164,17,TRUE
164,20,FALSE
165,26,TRUE
165,17,FALSE
166,5,TRUE
166,2,FALSE
166,18,FALSE
167,28,TRUE
167,13,FALSE
168,12,TRUE
168,17,FALSE
169,26,TRUE
169,12,FALSE
169,17,FALSE
170,26,TRUE
170,13,FALSE
171,1,TRUE
171,21,FALSE
172,13,TRUE
172,37,FALSE
173,17,TRUE
173,21,FALSE
174,1,TRUE
174,38,FALSE
175,26,TRUE
175,13,FALSE
176,13,TRUE
176,20,FALSE
177,26,TRUE
177,17,FALSE
178,26,TRUE
178,28,FALSE
179,26,TRUE
179,17,FALSE
180,17,TRUE
180,20,FALSE
181,17,TRUE
181,20,FALSE
182,7,TRUE
183,17,TRUE
184,26,TRUE
184,28,FALSE
185,8,TRUE
186,1,TRUE
186,30,FALSE
187,2,TRUE
187,9,FALSE
187,10,FALSE
188,2,TRUE
188,10,FALSE
189,17,TRUE
189,15,FALSE
190,25,TRUE
190,10,FALSE
191,13,TRUE
191,15,FALSE
192,13,TRUE
192,14,FALSE
193,26,TRUE
193,17,FALSE
193,15,FALSE
194,2,TRUE
194,3,FALSE
195,2,TRUE
195,18,FALSE
195,3,FALSE
196,17,TRUE
196,13,FALSE
196,15,FALSE
197,17,TRUE
197,20,FALSE
198,25,TRUE
198,10,FALSE
199,5,TRUE
199,2,FALSE
199,3,FALSE
200,17,TRUE
200,13,FALSE
200,15,FALSE
201,26,TRUE
201,22,FALSE
201,15,FALSE
202,13,TRUE
202,15,FALSE
202,19,FALSE
203,17,TRUE
203,15,FALSE
203,21,FALSE
204,17,TRUE
204,15,FALSE
205,17,TRUE
205,15,FALSE
206,17,TRUE
206,15,FALSE
206,23,FALSE
207,13,TRUE
207,14,FALSE
207,15,FALSE
208,26,TRUE
208,15,FALSE
208,21,FALSE
209,13,TRUE
209,15,FALSE
209,21,FALSE
210,13,TRUE
210,15,FALSE
210,21,FALSE
211,22,TRUE
211,15,FALSE
212,22,TRUE
212,15,FALSE
213,2,TRUE
213,3,FALSE
214,7,TRUE
214,2,FALSE
215,26,TRUE
215,15,FALSE
216,26,TRUE
216,13,FALSE
216,15,FALSE
217,17,TRUE
217,13,FALSE
217,14,FALSE
218,17,TRUE
218,13,FALSE
218,15,FALSE
219,8,TRUE
219,34,FALSE
220,31,TRUE
220,2,FALSE
221,25,TRUE
221,10,FALSE
222,1,TRUE
223,5,TRUE
223,3,FALSE
223,4,FALSE
224,5,TRUE
224,7,FALSE
224,2,FALSE
225,2,TRUE
225,8,FALSE
226,2,TRUE
226,3,FALSE
226,4,FALSE
227,2,TRUE
227,10,FALSE
227,3,FALSE
228,13,TRUE
228,14,FALSE
228,20,FALSE
229,26,TRUE
230,22,TRUE
231,1,TRUE
231,30,FALSE
232,12,TRUE
232,13,FALSE
233,8,TRUE
234,1,TRUE
234,21,FALSE
235,25,TRUE
235,10,FALSE
236,1,TRUE
236,38,FALSE
236,30,FALSE
237,22,TRUE
237,15,FALSE
237,19,FALSE
238,22,TRUE
238,15,FALSE
238,19,FALSE
239,22,TRUE
239,15,FALSE
239,19,FALSE
240,22,TRUE
240,15,FALSE
240,19,FALSE
241,26,TRUE
241,29,FALSE
242,3,TRUE
242,4,FALSE
242,27,FALSE
243,2,TRUE
243,10,FALSE
244,2,TRUE
244,18,FALSE
244,10,FALSE
245,13,TRUE
245,15,FALSE
245,19,FALSE
246,7,TRUE
246,2,FALSE
247,13,TRUE
247,15,FALSE
247,20,FALSE
248,26,TRUE
248,13,FALSE
249,10,TRUE
249,3,FALSE
250,12,TRUE
250,17,FALSE
250,21,FALSE
251,13,TRUE
251,15,FALSE
251,20,FALSE
252,13,TRUE
252,14,FALSE
252,20,FALSE
253,15,TRUE
253,19,FALSE
254,13,TRUE
254,15,FALSE
254,20,FALSE
255,25,TRUE
256,1,TRUE
256,15,FALSE
257,13,TRUE
257,15,FALSE
258,13,TRUE
258,15,FALSE
258,20,FALSE
259,17,TRUE
259,13,FALSE
259,15,FALSE
260,17,TRUE
260,13,FALSE
260,15,FALSE
261,5,TRUE
261,2,FALSE
261,3,FALSE
262,17,TRUE
262,15,FALSE
262,20,FALSE
263,1,TRUE
263,38,FALSE
263,30,FALSE
264,25,TRUE
265,17,TRUE
265,14,FALSE
266,31,TRUE
266,2,FALSE
266,9,FALSE
267,7,TRUE
267,2,FALSE
268,28,TRUE
268,13,FALSE
268,14,FALSE
269,13,TRUE
269,15,FALSE
270,25,TRUE
271,26,TRUE
272,3,TRUE
272,11,FALSE
272,4,FALSE
273,25,TRUE
274,5,TRUE
274,2,FALSE
274,3,FALSE
275,10,TRUE
275,3,FALSE
276,5,TRUE
276,2,FALSE
276,18,FALSE
277,2,TRUE
277,9,FALSE
277,18,FALSE
278,2,TRUE
278,3,FALSE
278,34,FALSE
279,39,TRUE
280,26,TRUE
280,29,FALSE
280,12,FALSE
281,8,TRUE
282,17,TRUE
282,15,FALSE
283,13,TRUE
283,14,FALSE
283,15,FALSE
284,1,TRUE
284,15,FALSE
285,17,TRUE
285,20,FALSE
286,13,TRUE
286,15,FALSE
287,25,TRUE
288,2,TRUE
288,9,FALSE
288,10,FALSE
289,5,TRUE
289,2,FALSE
289,18,FALSE
290,2,TRUE
290,9,FALSE
290,3,FALSE
291,1,TRUE
291,30,FALSE
292,31,TRUE
292,2,FALSE
293,17,TRUE
293,13,FALSE
293,14,FALSE
294,17,TRUE
294,15,FALSE
294,20,FALSE
295,15,TRUE
295,21,FALSE
296,26,TRUE
296,17,FALSE
297,6,TRUE
297,3,FALSE
297,4,FALSE
298,36,TRUE
299,17,TRUE
299,13,FALSE
299,15,FALSE
300,22,TRUE
300,14,FALSE
300,15,FALSE
301,12,TRUE
301,21,FALSE
302,26,TRUE
302,17,FALSE
302,15,FALSE
303,1,TRUE
303,15,FALSE
304,17,TRUE
304,35,FALSE
304,15,FALSE
305,1,TRUE
306,28,TRUE
306,13,FALSE
306,15,FALSE
307,13,TRUE
307,15,FALSE
308,22,TRUE
309,40,TRUE
310,8,TRUE
311,5,TRUE
311,7,FALSE
312,2,TRUE
312,18,FALSE
312,3,FALSE
313,8,TRUE
314,2,TRUE
314,9,FALSE
314,3,FALSE
315,13,TRUE
315,14,FALSE
315,20,FALSE
316,13,TRUE
316,15,FALSE
317,2,TRUE
317,9,FALSE
317,10,FALSE
318,1,TRUE
318,38,FALSE
319,1,TRUE
319,15,FALSE
320,2,TRUE
320,9,FALSE
320,10,FALSE
321,7,TRUE
322,2,TRUE
322,9,FALSE
322,10,FALSE
323,2,TRUE
323,9,FALSE
323,10,FALSE
324,10,TRUE
325,25,TRUE
326,12,TRUE
326,17,FALSE
327,12,TRUE
327,17,FALSE
328,26,TRUE
328,23,FALSE
329,26,TRUE
330,13,TRUE
331,12,TRUE
331,17,FALSE
331,23,FALSE
332,31,TRUE
332,2,FALSE
332,24,FALSE
333,26,TRUE
333,22,FALSE
333,23,FALSE
334,28,TRUE
334,17,FALSE
334,35,FALSE
335,13,TRUE
335,20,FALSE
336,13,TRUE
336,19,FALSE
337,3,TRUE
337,34,FALSE
338,17,TRUE
338,20,FALSE
339,31,TRUE
339,2,FALSE
340,13,TRUE
340,14,FALSE
340,15,FALSE
341,26,TRUE
341,23,FALSE
341,19,FALSE
342,13,TRUE
342,14,FALSE
343,17,TRUE
344,13,TRUE
345,12,TRUE
345,17,FALSE
345,13,FALSE
346,12,TRUE
346,17,FALSE
347,26,TRUE
347,17,FALSE
348,12,TRUE
348,17,FALSE
348,23,FALSE
349,17,TRUE
350,13,TRUE
350,30,FALSE
351,26,TRUE
351,13,FALSE
351,23,FALSE
352,26,TRUE
352,17,FALSE
352,35,FALSE
353,17,TRUE
353,13,FALSE
354,22,TRUE
355,26,TRUE
355,17,FALSE
356,13,TRUE
356,19,FALSE
357,26,TRUE
358,13,TRUE
358,14,FALSE
358,19,FALSE
359,19,TRUE
360,39,TRUE
361,17,TRUE
361,20,FALSE
362,3,TRUE
362,27,FALSE
363,13,TRUE
363,15,FALSE
364,26,TRUE
364,15,FALSE
364,19,FALSE
365,25,TRUE
365,10,FALSE
366,13,TRUE
366,14,FALSE
366,15,FALSE
367,16,TRUE
367,2,FALSE
367,8,FALSE
368,1,TRUE
368,15,FALSE
369,2,TRUE
369,8,FALSE
370,16,TRUE
370,5,FALSE
370,7,FALSE
371,6,TRUE
371,3,FALSE
371,34,FALSE
372,13,TRUE
372,14,FALSE
372,15,FALSE
373,26,TRUE
373,15,FALSE
374,26,TRUE
374,17,FALSE
374,15,FALSE
375,17,TRUE
375,15,FALSE
375,20,FALSE
376,17,TRUE
376,20,FALSE
377,31,TRUE
378,26,TRUE
378,15,FALSE
379,1,TRUE
380,8,TRUE
381,5,TRUE
381,6,FALSE
381,27,FALSE
382,5,TRUE
382,2,FALSE
382,18,FALSE
383,3,TRUE
383,34,FALSE
384,26,TRUE
384,15,FALSE
385,19,TRUE
386,5,TRUE
386,2,FALSE
386,10,FALSE
387,25,TRUE
388,17,TRUE
388,13,FALSE
388,15,FALSE
389,41,TRUE
389,10,FALSE
390,13,TRUE
390,15,FALSE
390,19,FALSE
391,42,TRUE
391,6,FALSE
391,3,FALSE
392,2,TRUE
392,6,FALSE
392,3,FALSE
393,26,TRUE
393,13,FALSE
394,12,TRUE
394,30,FALSE
395,13,TRUE
395,14,FALSE
395,15,FALSE
396,17,TRUE
396,15,FALSE
397,26,TRUE
397,22,FALSE
397,15,FALSE
398,2,TRUE
398,9,FALSE
398,10,FALSE
399,22,TRUE
399,15,FALSE
399,19,FALSE
400,6,TRUE
400,27,FALSE
401,31,TRUE
401,41,FALSE
402,2,TRUE
402,18,FALSE
402,6,FALSE
403,13,TRUE
403,20,FALSE
404,7,TRUE
405,1,TRUE
406,12,TRUE
407,12,TRUE
408,12,TRUE
409,12,TRUE
410,12,TRUE
411,12,TRUE
412,12,TRUE
413,12,TRUE
414,12,TRUE
415,12,TRUE
416,12,TRUE
417,12,TRUE
418,12,TRUE
419,12,TRUE
420,12,TRUE
420,30,FALSE
421,12,TRUE
422,12,TRUE
423,12,TRUE
424,12,TRUE
425,12,TRUE
426,3,TRUE
427,13,TRUE
428,17,TRUE
428,15,FALSE
429,29,TRUE
429,12,FALSE
429,15,FALSE
430,13,TRUE
430,15,FALSE
430,19,FALSE
431,16,TRUE
431,2,FALSE
431,8,FALSE
432,2,TRUE
432,8,FALSE
432,9,FALSE
433,12,TRUE
434,17,TRUE
434,13,FALSE
434,14,FALSE
435,42,TRUE
435,5,FALSE
435,2,FALSE
436,5,TRUE
436,2,FALSE
436,9,FALSE
437,13,TRUE
437,15,FALSE
437,20,FALSE
438,26,TRUE
439,13,TRUE
439,15,FALSE
439,20,FALSE
440,13,TRUE
440,15,FALSE
440,19,FALSE
441,7,TRUE
441,33,FALSE
442,22,TRUE
442,38,FALSE
443,25,TRUE
443,10,FALSE
444,17,TRUE
444,15,FALSE
445,7,TRUE
446,13,TRUE
446,14,FALSE
446,19,FALSE
447,13,TRUE
448,13,TRUE
448,20,FALSE
449,13,TRUE
449,20,FALSE
450,13,TRUE
450,20,FALSE
451,13,TRUE
451,20,FALSE
452,26,TRUE
452,13,FALSE
452,20,FALSE
453,17,TRUE
453,13,FALSE
453,15,FALSE
454,31,TRUE
454,2,FALSE
455,17,TRUE
455,35,FALSE
456,1,TRUE
456,15,FALSE
456,21,FALSE
457,2,TRUE
457,9,FALSE
457,10,FALSE
458,1,TRUE
458,15,FALSE
458,30,FALSE
459,13,TRUE
459,15,FALSE
459,20,FALSE
460,10,TRUE
460,3,FALSE
460,34,FALSE
461,12,TRUE
461,17,FALSE
461,30,FALSE
462,17,TRUE
462,13,FALSE
462,14,FALSE
463,1,TRUE
464,22,TRUE
464,15,FALSE
465,26,TRUE
465,17,FALSE
466,5,TRUE
466,7,FALSE
467,8,TRUE
468,1,TRUE
468,15,FALSE
469,17,TRUE
469,13,FALSE
469,15,FALSE
470,13,TRUE
470,14,FALSE
471,40,TRUE
472,12,TRUE
472,13,FALSE
472,15,FALSE
473,25,TRUE
474,1,TRUE
474,30,FALSE
475,26,TRUE
475,17,FALSE
476,39,TRUE
477,17,TRUE
477,1,FALSE
477,15,FALSE
478,10,TRUE
478,3,FALSE
478,34,FALSE
479,2,TRUE
479,3,FALSE
479,27,FALSE
480,22,TRUE
481,17,TRUE
481,13,FALSE
481,15,FALSE
482,26,TRUE
482,13,FALSE
482,15,FALSE
483,7,TRUE
484,13,TRUE
484,15,FALSE
484,20,FALSE
485,39,TRUE
486,19,TRUE
487,12,TRUE
487,17,FALSE
487,23,FALSE
488,2,TRUE
488,9,FALSE
488,18,FALSE
489,9,TRUE
489,3,FALSE
490,17,TRUE
490,15,FALSE
491,5,TRUE
491,7,FALSE
491,2,FALSE
492,17,TRUE
492,13,FALSE
492,20,FALSE
493,13,TRUE
493,20,FALSE
494,31,TRUE
494,11,FALSE
494,24,FALSE
495,17,TRUE
495,21,FALSE
496,1,TRUE
496,15,FALSE
497,26,TRUE
497,15,FALSE
498,7,TRUE
499,13,TRUE
499,15,FALSE
500,7,TRUE
501,26,TRUE
501,15,FALSE
502,13,TRUE
502,15,FALSE
503,13,TRUE
503,15,FALSE
503,20,FALSE
504,5,TRUE
504,2,FALSE
504,3,FALSE
505,2,TRUE
505,18,FALSE
505,10,FALSE
506,13,TRUE
506,15,FALSE
507,15,TRUE
507,20,FALSE
508,17,TRUE
508,15,FALSE
509,13,TRUE
509,15,FALSE
510,25,TRUE
511,2,TRUE
511,3,FALSE
511,4,FALSE
512,41,TRUE
512,10,FALSE
513,25,TRUE
514,6,TRUE
514,3,FALSE
514,27,FALSE
515,16,TRUE
515,2,FALSE
515,10,FALSE
516,16,TRUE
516,2,FALSE
516,10,FALSE
517,2,TRUE
517,3,FALSE
517,4,FALSE
518,2,TRUE
518,9,FALSE
518,10,FALSE
519,13,TRUE
519,15,FALSE
520,16,TRUE
520,5,FALSE
520,7,FALSE
521,10,TRUE
522,2,TRUE
522,10,FALSE
523,25,TRUE
523,32,FALSE
523,10,FALSE
524,16,TRUE
524,5,FALSE
524,2,FALSE
525,2,TRUE
525,3,FALSE
526,25,TRUE
527,10,TRUE
527,3,FALSE
528,25,TRUE
529,13,TRUE
529,15,FALSE
529,20,FALSE
530,13,TRUE
530,15,FALSE
531,25,TRUE
531,10,FALSE
532,13,TRUE
532,15,FALSE
533,5,TRUE
533,11,FALSE
533,4,FALSE
534,2,TRUE
534,3,FALSE
535,13,TRUE
535,15,FALSE
536,25,TRUE
536,10,FALSE
537,7,TRUE
537,2,FALSE
537,33,FALSE
538,2,TRUE
538,8,FALSE
539,16,TRUE
539,2,FALSE
539,3,FALSE
540,25,TRUE
540,6,FALSE
540,27,FALSE
541,16,TRUE
541,25,FALSE
542,17,TRUE
542,13,FALSE
542,15,FALSE
543,13,TRUE
543,15,FALSE
544,5,TRUE
544,2,FALSE
544,6,FALSE
545,2,TRUE
545,10,FALSE
546,25,TRUE
546,32,FALSE
547,2,TRUE
547,9,FALSE
547,3,FALSE
548,25,TRUE
549,9,TRUE
549,3,FALSE
550,2,TRUE
550,8,FALSE
551,22,TRUE
551,38,FALSE
552,15,TRUE
552,20,FALSE
552,19,FALSE
553,17,TRUE
553,15,FALSE
554,5,TRUE
554,2,FALSE
554,3,FALSE
555,13,TRUE
555,15,FALSE
555,19,FALSE
556,26,TRUE
556,35,FALSE
556,15,FALSE
557,22,TRUE
557,15,FALSE
557,19,FALSE
558,22,TRUE
558,23,FALSE
559,26,TRUE
560,26,TRUE
561,1,TRUE
561,30,FALSE
562,26,TRUE
562,17,FALSE
563,17,TRUE
564,26,TRUE
564,17,FALSE
564,23,FALSE
565,17,TRUE
565,13,FALSE
565,14,FALSE
566,2,TRUE
566,25,FALSE
566,4,FALSE
567,26,TRUE
567,17,FALSE
568,26,TRUE
568,19,FALSE
569,12,TRUE
569,17,FALSE
570,13,TRUE
570,15,FALSE
570,20,FALSE
571,26,TRUE
571,15,FALSE
572,2,TRUE
572,9,FALSE
572,10,FALSE
573,17,TRUE
573,13,FALSE
573,15,FALSE
574,12,TRUE
574,17,FALSE
575,12,TRUE
575,17,FALSE
576,17,TRUE
576,13,FALSE
576,20,FALSE
577,13,TRUE
577,37,FALSE
577,15,FALSE
578,2,TRUE
578,10,FALSE
579,13,TRUE
579,20,FALSE
580,26,TRUE
580,28,FALSE
580,17,FALSE
581,26,TRUE
581,29,FALSE
581,15,FALSE
582,26,TRUE
582,23,FALSE
583,17,TRUE
583,13,FALSE
584,17,TRUE
584,20,FALSE
585,17,TRUE
586,13,TRUE
586,20,FALSE
587,22,TRUE
588,2,TRUE
588,10,FALSE
588,3,FALSE
589,25,TRUE
590,13,TRUE
590,15,FALSE
591,31,TRUE
591,25,FALSE
592,13,TRUE
592,20,FALSE
593,17,TRUE
593,20,FALSE
594,12,TRUE
594,17,FALSE
595,26,TRUE
595,23,FALSE
596,12,TRUE
596,17,FALSE
597,17,TRUE
597,13,FALSE
597,14,FALSE
598,26,TRUE
598,17,FALSE
598,30,FALSE
599,13,TRUE
599,19,FALSE
600,13,TRUE
601,19,TRUE
602,26,TRUE
602,12,FALSE
602,28,FALSE
603,26,TRUE
603,12,FALSE
603,13,FALSE
604,12,TRUE
604,13,FALSE
605,13,TRUE
606,26,TRUE
607,13,TRUE
607,15,FALSE
608,22,TRUE
608,19,FALSE
609,26,TRUE
610,26,TRUE
610,20,FALSE
611,26,TRUE
611,22,FALSE
611,23,FALSE
612,26,TRUE
612,22,FALSE
612,23,FALSE
613,26,TRUE
613,22,FALSE
613,23,FALSE
614,13,TRUE
614,15,FALSE
614,19,FALSE
615,13,TRUE
615,20,FALSE
615,23,FALSE
616,13,TRUE
616,21,FALSE
616,20,FALSE
617,13,TRUE
618,2,TRUE
618,9,FALSE
618,3,FALSE
619,26,TRUE
619,17,FALSE
620,13,TRUE
620,15,FALSE
621,8,TRUE
622,31,TRUE
622,5,FALSE
622,2,FALSE
623,19,TRUE
624,17,TRUE
624,13,FALSE
624,15,FALSE
625,13,TRUE
625,15,FALSE
625,19,FALSE
626,5,TRUE
626,2,FALSE
626,18,FALSE
627,16,TRUE
627,5,FALSE
627,7,FALSE
628,31,TRUE
628,2,FALSE
628,34,FALSE
629,25,TRUE
630,13,TRUE
630,15,FALSE
631,13,TRUE
632,31,TRUE
632,2,FALSE
633,17,TRUE
633,15,FALSE
634,13,TRUE
634,14,FALSE
634,15,FALSE
635,1,TRUE
635,15,FALSE
636,13,TRUE
636,15,FALSE
637,26,TRUE
638,2,TRUE
638,3,FALSE
638,4,FALSE
639,9,TRUE
639,3,FALSE
640,31,TRUE
640,2,FALSE
641,2,TRUE
641,3,FALSE
642,1,TRUE
642,30,FALSE
643,2,TRUE
643,3,FALSE
644,22,TRUE
645,17,TRUE
645,20,FALSE
646,1,TRUE
646,15,FALSE
647,17,TRUE
647,15,FALSE
647,21,FALSE
648,2,TRUE
648,8,FALSE
649,8,TRUE
649,9,FALSE
650,13,TRUE
650,15,FALSE
650,20,FALSE
651,13,TRUE
651,15,FALSE
652,17,TRUE
652,13,FALSE
652,15,FALSE
653,17,TRUE
653,13,FALSE
653,15,FALSE
654,7,TRUE
654,2,FALSE
655,17,TRUE
655,13,FALSE
655,15,FALSE
656,17,TRUE
656,13,FALSE
656,15,FALSE
657,15,TRUE
657,21,FALSE
657,20,FALSE
658,8,TRUE
658,6,FALSE
658,4,FALSE
659,2,TRUE
659,9,FALSE
659,3,FALSE
660,2,TRUE
660,9,FALSE
660,3,FALSE
661,6,TRUE
661,3,FALSE
661,27,FALSE
662,2,TRUE
662,10,FALSE
662,3,FALSE
663,10,TRUE
664,2,TRUE
664,3,FALSE
665,25,TRUE
666,5,TRUE
666,2,FALSE
666,3,FALSE
667,2,TRUE
667,9,FALSE
667,10,FALSE
668,10,TRUE
668,3,FALSE
668,34,FALSE
669,5,TRUE
669,3,FALSE
670,5,TRUE
670,2,FALSE
670,18,FALSE
671,26,TRUE
671,29,FALSE
671,15,FALSE
672,26,TRUE
672,29,FALSE
672,15,FALSE
673,26,TRUE
673,29,FALSE
673,15,FALSE
674,2,TRUE
674,8,FALSE
674,18,FALSE
675,3,TRUE
676,2,TRUE
676,8,FALSE
676,9,FALSE
677,5,TRUE
677,3,FALSE
677,4,FALSE
678,10,TRUE
679,5,TRUE
679,3,FALSE
679,24,FALSE
680,5,TRUE
680,2,FALSE
680,3,FALSE
681,7,TRUE
682,16,TRUE
682,7,FALSE
683,2,TRUE
683,10,FALSE
684,13,TRUE
684,15,FALSE
685,5,TRUE
685,2,FALSE
685,18,FALSE
686,13,TRUE
687,2,TRUE
687,32,FALSE
687,10,FALSE
688,26,TRUE
688,13,FALSE
688,15,FALSE
689,17,TRUE
689,15,FALSE
689,20,FALSE
690,26,TRUE
690,29,FALSE
690,28,FALSE
691,26,TRUE
691,15,FALSE
692,2,TRUE
692,10,FALSE
693,2,TRUE
693,9,FALSE
693,3,FALSE
694,17,TRUE
694,13,FALSE
694,15,FALSE
695,17,TRUE
695,13,FALSE
695,14,FALSE
696,13,TRUE
696,15,FALSE
697,6,TRUE
697,3,FALSE
697,11,FALSE
698,2,TRUE
698,9,FALSE
698,18,FALSE
699,13,TRUE
699,14,FALSE
699,15,FALSE
700,2,TRUE
700,3,FALSE
700,4,FALSE
701,31,TRUE
701,2,FALSE
702,13,TRUE
703,17,TRUE
703,13,FALSE
703,14,FALSE
704,2,TRUE
704,3,FALSE
704,4,FALSE
705,17,TRUE
705,13,FALSE
705,15,FALSE
706,1,TRUE
706,15,FALSE
706,30,FALSE
707,2,TRUE
707,18,FALSE
707,3,FALSE
708,2,TRUE
708,9,FALSE
708,10,FALSE
709,13,TRUE
709,14,FALSE
710,2,TRUE
710,9,FALSE
710,18,FALSE
711,7,TRUE
711,33,FALSE
712,13,TRUE
712,15,FALSE
712,19,FALSE
713,26,TRUE
713,13,FALSE
713,15,FALSE
714,25,TRUE
714,10,FALSE
715,5,TRUE
715,2,FALSE
715,24,FALSE
716,2,TRUE
716,9,FALSE
716,18,FALSE
717,1,TRUE
718,1,TRUE
719,17,TRUE
719,14,FALSE
720,25,TRUE
721,25,TRUE
722,26,TRUE
723,1,TRUE
724,8,TRUE
725,1,TRUE
726,2,TRUE
726,18,FALSE
726,3,FALSE
727,36,TRUE
728,1,TRUE
729,22,TRUE
730,40,TRUE
731,40,TRUE
732,2,TRUE
732,3,FALSE
733,40,TRUE
734,25,TRUE
735,5,TRUE
735,2,FALSE
735,6,FALSE
736,17,TRUE
736,13,FALSE
736,15,FALSE
737,12,TRUE
737,13,FALSE
737,15,FALSE
738,31,TRUE
738,5,FALSE
738,11,FALSE
739,29,TRUE
739,1,FALSE
740,12,TRUE
740,17,FALSE
741,17,TRUE
741,22,FALSE
742,13,TRUE
742,15,FALSE
743,13,TRUE
743,15,FALSE
744,13,TRUE
744,14,FALSE
744,20,FALSE
745,2,TRUE
745,18,FALSE
745,41,FALSE
746,15,TRUE
746,19,FALSE
747,13,TRUE
747,19,FALSE
748,17,TRUE
748,13,FALSE
748,15,FALSE
749,8,TRUE
750,5,TRUE
750,6,FALSE
750,10,FALSE
751,13,TRUE
751,14,FALSE
751,15,FALSE
752,25,TRUE
752,10,FALSE
753,26,TRUE
753,17,FALSE
753,23,FALSE
754,2,TRUE
754,9,FALSE
754,18,FALSE
755,13,TRUE
755,14,FALSE
756,12,TRUE
756,1,FALSE
756,15,FALSE
757,13,TRUE
757,15,FALSE
757,20,FALSE
758,1,TRUE
759,9,TRUE
759,10,FALSE
759,3,FALSE
760,40,TRUE
761,40,TRUE
762,7,TRUE
762,33,FALSE
763,17,TRUE
763,15,FALSE
763,20,FALSE
764,6,TRUE
764,3,FALSE
764,27,FALSE
765,17,TRUE
765,15,FALSE
765,20,FALSE
766,26,TRUE
766,15,FALSE
767,39,TRUE
768,2,TRUE
768,10,FALSE
769,17,TRUE
769,13,FALSE
769,15,FALSE
770,1,TRUE
770,15,FALSE
771,1,TRUE
771,15,FALSE
771,21,FALSE
772,36,TRUE
773,2,TRUE
773,9,FALSE
773,3,FALSE
774,13,TRUE
774,15,FALSE
774,19,FALSE
775,13,TRUE
775,37,FALSE
775,20,FALSE
776,13,TRUE
776,14,FALSE
776,38,FALSE
777,26,TRUE
778,17,TRUE
778,14,FALSE
778,38,FALSE
779,31,TRUE
779,2,FALSE
780,26,TRUE
780,35,FALSE
780,23,FALSE
781,25,TRUE
782,1,TRUE
783,13,TRUE
783,20,FALSE
784,17,TRUE
784,15,FALSE
784,21,FALSE
785,17,TRUE
785,13,FALSE
785,14,FALSE
786,25,TRUE
787,26,TRUE
787,13,FALSE
788,26,TRUE
789,19,TRUE
790,16,TRUE
790,2,FALSE
790,3,FALSE
791,1,TRUE
792,26,TRUE
792,13,FALSE
793,17,TRUE
793,13,FALSE
793,20,FALSE
794,17,TRUE
794,20,FALSE
795,17,TRUE
795,13,FALSE
795,15,FALSE
796,10,TRUE
797,35,TRUE
797,22,FALSE
798,13,TRUE
799,17,TRUE
799,13,FALSE
799,14,FALSE
800,13,TRUE
800,30,FALSE
801,13,TRUE
801,14,FALSE
801,38,FALSE
802,26,TRUE
802,13,FALSE
802,30,FALSE
803,26,TRUE
804,31,TRUE
804,9,FALSE
804,34,FALSE
805,22,TRUE
805,19,FALSE
806,2,TRUE
806,10,FALSE
806,3,FALSE
807,26,TRUE
807,13,FALSE
807,15,FALSE
808,26,TRUE
808,13,FALSE
808,15,FALSE
809,26,TRUE
810,26,TRUE
810,17,FALSE
811,26,TRUE
811,28,FALSE
811,35,FALSE
812,12,TRUE
813,26,TRUE
814,25,TRUE
815,17,TRUE
815,20,FALSE
816,13,TRUE
816,15,FALSE
816,38,FALSE
817,19,TRUE
818,17,TRUE
818,13,FALSE
818,14,FALSE
819,17,TRUE
819,13,FALSE
819,20,FALSE
820,26,TRUE
820,28,FALSE
821,2,TRUE
821,3,FALSE
821,4,FALSE
822,13,TRUE
822,20,FALSE
822,19,FALSE
823,22,TRUE
824,17,TRUE
824,13,FALSE
824,14,FALSE
825,19,TRUE
826,5,TRUE
826,3,FALSE
826,4,FALSE
827,39,TRUE
828,17,TRUE
828,15,FALSE
829,13,TRUE
830,12,TRUE
830,17,FALSE
831,10,TRUE
831,3,FALSE
832,7,TRUE
832,2,FALSE
832,18,FALSE
833,2,TRUE
833,6,FALSE
833,3,FALSE
834,5,TRUE
834,2,FALSE
834,3,FALSE
835,12,TRUE
835,13,FALSE
835,37,FALSE
836,31,TRUE
836,2,FALSE
837,22,TRUE
837,15,FALSE
837,19,FALSE
838,2,TRUE
838,6,FALSE
838,3,FALSE
839,39,TRUE
840,13,TRUE
840,14,FALSE
840,15,FALSE
841,13,TRUE
841,15,FALSE
841,30,FALSE
842,26,TRUE
842,13,FALSE
842,15,FALSE
843,7,TRUE
844,31,TRUE
844,2,FALSE
845,1,TRUE
845,15,FALSE
846,13,TRUE
846,15,FALSE
846,19,FALSE
847,12,TRUE
847,17,FALSE
847,23,FALSE
848,2,TRUE
848,9,FALSE
848,10,FALSE
849,10,TRUE
849,3,FALSE
850,15,TRUE
850,21,FALSE
851,13,TRUE
851,15,FALSE
851,21,FALSE
852,13,TRUE
852,15,FALSE
852,21,FALSE
853,13,TRUE
853,15,FALSE
853,21,FALSE
854,26,TRUE
854,22,FALSE
855,1,TRUE
856,25,TRUE
856,6,FALSE
856,27,FALSE
857,13,TRUE
857,15,FALSE
858,2,TRUE
858,18,FALSE
858,10,FALSE
859,13,TRUE
859,14,FALSE
859,15,FALSE
860,13,TRUE
860,15,FALSE
861,1,TRUE
861,15,FALSE
861,38,FALSE
862,12,TRUE
862,17,FALSE
863,10,TRUE
864,12,TRUE
864,17,FALSE
865,13,TRUE
865,15,FALSE
865,19,FALSE
866,26,TRUE
866,13,FALSE
867,19,TRUE
868,1,TRUE
869,25,TRUE
870,5,TRUE
870,2,FALSE
870,18,FALSE
871,1,TRUE
872,17,TRUE
872,13,FALSE
872,15,FALSE
873,13,TRUE
873,14,FALSE
873,23,FALSE
874,13,TRUE
874,14,FALSE
874,15,FALSE
875,25,TRUE
876,13,TRUE
876,15,FALSE
876,20,FALSE
877,7,TRUE
877,2,FALSE
878,17,TRUE
878,14,FALSE
878,15,FALSE
879,13,TRUE
879,15,FALSE
879,19,FALSE
880,3,TRUE
881,8,TRUE
881,11,FALSE
881,24,FALSE
882,13,TRUE
882,15,FALSE
882,19,FALSE
883,12,TRUE
883,17,FALSE
884,6,TRUE
884,11,FALSE
884,27,FALSE
885,2,TRUE
885,3,FALSE
886,17,TRUE
886,13,FALSE
886,15,FALSE
887,2,TRUE
887,11,FALSE
887,27,FALSE
888,22,TRUE
888,15,FALSE
888,19,FALSE
889,17,TRUE
890,13,TRUE
890,19,FALSE
891,31,TRUE
891,11,FALSE
891,24,FALSE
892,14,TRUE
892,15,FALSE
892,19,FALSE
893,13,TRUE
893,14,FALSE
893,15,FALSE
894,1,TRUE
894,15,FALSE
894,21,FALSE
895,13,TRUE
895,14,FALSE
895,15,FALSE
896,13,TRUE
896,15,FALSE
896,19,FALSE
897,10,TRUE
898,2,TRUE
898,9,FALSE
898,10,FALSE
899,17,TRUE
899,13,FALSE
899,15,FALSE
900,13,TRUE
900,15,FALSE
901,7,TRUE
902,14,TRUE
902,19,FALSE
903,2,TRUE
903,3,FALSE
904,13,TRUE
904,15,FALSE
904,19,FALSE
905,26,TRUE
906,26,TRUE
906,13,FALSE
906,15,FALSE
907,13,TRUE
907,15,FALSE
908,1,TRUE
909,6,TRUE
909,27,FALSE
910,13,TRUE
910,14,FALSE
910,15,FALSE
911,13,TRUE
912,25,TRUE
912,10,FALSE
913,17,TRUE
914,13,TRUE
914,15,FALSE
914,20,FALSE
915,1,TRUE
916,13,TRUE
916,15,FALSE
916,19,FALSE
917,26,TRUE
918,1,TRUE
918,13,FALSE
919,8,TRUE
920,5,TRUE
920,7,FALSE
921,3,TRUE
922,5,TRUE
922,3,FALSE
923,13,TRUE
923,14,FALSE
923,19,FALSE
924,25,TRUE
925,12,TRUE
925,17,FALSE
926,16,TRUE
926,25,FALSE
927,26,TRUE
927,13,FALSE
928,25,TRUE
929,26,TRUE
929,30,FALSE
930,26,TRUE
930,22,FALSE
931,26,TRUE
931,17,FALSE
932,17,TRUE
933,26,TRUE
934,12,TRUE
934,13,FALSE
935,13,TRUE
935,14,FALSE
936,12,TRUE
936,17,FALSE
937,25,TRUE
938,12,TRUE
938,17,FALSE
939,12,TRUE
939,17,FALSE
939,21,FALSE
940,12,TRUE
940,21,FALSE
941,12,TRUE
941,17,FALSE
942,12,TRUE
942,17,FALSE
943,13,TRUE
943,19,FALSE
944,26,TRUE
944,13,FALSE
944,30,FALSE
945,26,TRUE
946,13,TRUE
946,15,FALSE
947,26,TRUE
947,23,FALSE
948,13,TRUE
948,19,FALSE
949,17,TRUE
950,26,TRUE
950,23,FALSE
951,13,TRUE
951,15,FALSE
951,23,FALSE
952,17,TRUE
952,20,FALSE
953,26,TRUE
953,17,FALSE
954,13,TRUE
954,19,FALSE
955,12,TRUE
955,17,FALSE
956,26,TRUE
957,17,TRUE
957,14,FALSE
957,20,FALSE
958,8,TRUE
959,13,TRUE
959,15,FALSE
960,13,TRUE
960,14,FALSE
960,15,FALSE
961,5,TRUE
961,2,FALSE
961,18,FALSE
962,12,TRUE
962,17,FALSE
963,22,TRUE
964,2,TRUE
964,18,FALSE
964,10,FALSE
965,22,TRUE
965,19,FALSE
966,31,TRUE
966,2,FALSE
967,17,TRUE
967,15,FALSE
968,7,TRUE
968,33,FALSE
969,2,TRUE
969,10,FALSE
969,3,FALSE
970,13,TRUE
971,26,TRUE
971,23,FALSE
972,19,TRUE
973,2,TRUE
973,3,FALSE
973,24,FALSE
974,13,TRUE
974,15,FALSE
975,13,TRUE
975,14,FALSE
975,15,FALSE
976,26,TRUE
976,17,FALSE
976,13,FALSE
977,17,TRUE
977,15,FALSE
978,17,TRUE
978,15,FALSE
979,17,TRUE
979,15,FALSE
979,20,FALSE
980,17,TRUE
980,15,FALSE
981,17,TRUE
981,15,FALSE
982,26,TRUE
982,17,FALSE
982,15,FALSE
983,17,TRUE
983,13,FALSE
983,15,FALSE
984,1,TRUE
984,15,FALSE
984,21,FALSE
985,17,TRUE
985,15,FALSE
986,17,TRUE
986,15,FALSE
986,20,FALSE
987,17,TRUE
987,15,FALSE
987,20,FALSE
988,17,TRUE
988,15,FALSE
989,2,TRUE
989,9,FALSE
989,10,FALSE
990,17,TRUE
990,15,FALSE
991,17,TRUE
991,15,FALSE
992,13,TRUE
992,14,FALSE
992,15,FALSE
993,15,TRUE
993,21,FALSE
994,6,TRUE
994,3,FALSE
994,27,FALSE
995,13,TRUE
995,15,FALSE
995,20,FALSE
996,17,TRUE
996,13,FALSE
996,15,FALSE
997,22,TRUE
997,15,FALSE
997,19,FALSE
998,16,TRUE
998,7,FALSE
998,2,FALSE
999,1,TRUE
999,15,FALSE
1000,13,TRUE
1000,15,FALSE
1000,19,FALSE
1001,26,TRUE
1001,15,FALSE
1002,13,TRUE
1002,15,FALSE
1002,19,FALSE
1003,17,TRUE
1003,15,FALSE
1004,2,TRUE
1004,10,FALSE
1004,3,FALSE
1005,25,TRUE
1006,12,TRUE
1006,17,FALSE
1007,12,TRUE
1007,17,FALSE
1008,12,TRUE
1008,17,FALSE
1009,12,TRUE
1010,12,TRUE
1011,12,TRUE
1012,1,TRUE
1013,2,TRUE
1013,18,FALSE
1013,3,FALSE
1014,19,TRUE
1015,25,TRUE
1016,13,TRUE
1017,26,TRUE
1017,17,FALSE
1017,15,FALSE
1018,13,TRUE
1018,15,FALSE
1019,17,TRUE
1019,15,FALSE
1019,21,FALSE
1020,13,TRUE
1020,15,FALSE
1020,21,FALSE
1021,1,TRUE
1021,15,FALSE
1022,17,TRUE
1022,13,FALSE
1022,14,FALSE
1023,13,TRUE
1023,15,FALSE
1024,13,TRUE
1024,14,FALSE
1024,15,FALSE
1025,12,TRUE
1025,17,FALSE
1025,21,FALSE
1026,31,TRUE
1026,25,FALSE
1027,12,TRUE
1028,22,TRUE
1028,20,FALSE
1028,23,FALSE
1029,17,TRUE
1030,13,TRUE
1030,15,FALSE
1031,12,TRUE
1031,17,FALSE
1031,13,FALSE
1032,13,TRUE
1032,15,FALSE
1032,20,FALSE
1033,2,TRUE
1033,41,FALSE
1034,26,TRUE
1034,13,FALSE
1034,15,FALSE
1035,19,TRUE
1036,13,TRUE
1037,26,TRUE
1037,23,FALSE
1038,17,TRUE
1038,13,FALSE
1038,15,FALSE
1039,2,TRUE
1039,9,FALSE
1039,10,FALSE
1040,1,TRUE
1040,21,FALSE
1041,31,TRUE
1041,5,FALSE
1041,2,FALSE
1042,26,TRUE
1042,29,FALSE
1042,22,FALSE
1043,7,TRUE
1044,9,TRUE
1044,10,FALSE
1044,3,FALSE
1045,31,TRUE
1045,2,FALSE
1045,24,FALSE
1046,8,TRUE
1047,19,TRUE
1048,2,TRUE
1048,3,FALSE
1049,25,TRUE
1050,16,TRUE
1050,25,FALSE
1051,13,TRUE
1051,15,FALSE
1051,38,FALSE
1052,31,TRUE
1052,25,FALSE
1053,13,TRUE
1053,14,FALSE
1054,1,TRUE
1054,21,FALSE
1055,1,TRUE
1055,15,FALSE
1055,21,FALSE
1056,35,TRUE
1056,13,FALSE
1056,21,FALSE
1057,2,TRUE
1057,3,FALSE
1058,10,TRUE
1059,16,TRUE
1059,2,FALSE
1059,3,FALSE
1060,3,TRUE
1060,24,FALSE
1061,8,TRUE
1061,9,FALSE
1062,5,TRUE
1062,7,FALSE
1063,5,TRUE
1063,2,FALSE
1063,3,FALSE
1064,10,TRUE
1064,3,FALSE
1065,5,TRUE
1065,2,FALSE
1065,32,FALSE
1066,11,TRUE
1066,4,FALSE
1066,24,FALSE
1067,13,TRUE
1067,15,FALSE
1067,19,FALSE
1068,2,TRUE
1068,3,FALSE
1068,34,FALSE
1069,7,TRUE
1069,33,FALSE
1070,13,TRUE
1070,15,FALSE
1070,20,FALSE
1071,1,TRUE
1072,12,TRUE
1072,21,FALSE
1073,12,TRUE
1073,17,FALSE
1073,21,FALSE
1074,12,TRUE
1074,21,FALSE
1075,12,TRUE
1076,7,TRUE
1077,12,TRUE
1078,12,TRUE
1079,12,TRUE
1080,9,TRUE
1080,10,FALSE
1080,3,FALSE
1081,26,TRUE
1081,29,FALSE
1081,15,FALSE
1082,25,TRUE
1082,10,FALSE
1083,2,TRUE
1083,8,FALSE
1084,17,TRUE
1085,31,TRUE
1085,2,FALSE
1085,9,FALSE
1086,13,TRUE
1086,15,FALSE
1087,13,TRUE
1087,15,FALSE
1087,19,FALSE
1088,17,TRUE
1088,22,FALSE
1088,15,FALSE
1089,26,TRUE
1089,17,FALSE
1090,13,TRUE
1091,13,TRUE
1091,15,FALSE
1091,20,FALSE
1092,31,TRUE
1092,2,FALSE
1093,1,TRUE
1093,21,FALSE
1094,2,TRUE
1094,8,FALSE
1094,9,FALSE
1095,8,TRUE
1095,9,FALSE
1096,5,TRUE
1096,7,FALSE
1096,4,FALSE
1097,12,TRUE
1097,17,FALSE
1098,1,TRUE
1099,17,TRUE
1099,13,FALSE
1099,15,FALSE
1100,13,TRUE
1100,15,FALSE
1101,22,TRUE
1101,19,FALSE
1102,12,TRUE
1102,17,FALSE
1102,23,FALSE
1103,17,TRUE
1104,26,TRUE
1104,13,FALSE
1104,15,FALSE
1105,12,TRUE
1105,17,FALSE
1105,13,FALSE
1106,13,TRUE
1106,14,FALSE
1107,26,TRUE
1108,13,TRUE
1108,37,FALSE
1108,15,FALSE
1109,15,TRUE
1109,19,FALSE
1110,17,TRUE
1110,15,FALSE
1110,20,FALSE
1111,13,TRUE
1111,15,FALSE
1112,17,TRUE
1112,20,FALSE
1113,12,TRUE
1113,17,FALSE
1114,26,TRUE
1114,23,FALSE
1115,17,TRUE
1115,13,FALSE
1115,15,FALSE
1116,17,TRUE
1116,15,FALSE
1116,30,FALSE
1117,7,TRUE
1117,2,FALSE
1118,1,TRUE
1118,15,FALSE
1119,22,TRUE
1119,19,FALSE
1120,26,TRUE
1120,22,FALSE
1121,26,TRUE
1121,23,FALSE
1122,17,TRUE
1122,20,FALSE
1123,13,TRUE
1123,15,FALSE
1124,7,TRUE
1124,2,FALSE
1124,33,FALSE
1125,26,TRUE
1126,16,TRUE
1126,5,FALSE
1126,7,FALSE
1127,28,TRUE
1127,21,FALSE
1128,8,TRUE
1128,10,FALSE
1128,11,FALSE
1129,26,TRUE
1129,15,FALSE
1130,16,TRUE
1130,7,FALSE
1130,2,FALSE
1131,26,TRUE
1131,13,FALSE
1131,15,FALSE
1132,26,TRUE
1132,13,FALSE
1132,15,FALSE
1133,26,TRUE
1133,13,FALSE
1133,15,FALSE
1134,26,TRUE
1135,26,TRUE
1135,23,FALSE
1136,26,TRUE
1137,13,TRUE
1137,15,FALSE
1137,20,FALSE
1138,26,TRUE
1138,15,FALSE
1138,21,FALSE
1139,13,TRUE
1139,14,FALSE
1139,15,FALSE
1140,22,TRUE
1140,19,FALSE
1141,26,TRUE
1142,13,TRUE
1142,15,FALSE
1142,19,FALSE
1143,1,TRUE
1144,7,TRUE
1144,8,FALSE
1145,17,TRUE
1145,20,FALSE
1146,13,TRUE
1147,2,TRUE
1147,8,FALSE
1147,18,FALSE
1148,1,TRUE
1148,15,FALSE
1148,30,FALSE
1149,25,TRUE
1149,32,FALSE
1150,31,TRUE
1150,25,FALSE
1151,1,TRUE
1152,12,TRUE
1153,25,TRUE
1154,13,TRUE
1154,15,FALSE
1155,13,TRUE
1156,1,TRUE
1156,15,FALSE
1157,12,TRUE
1157,37,FALSE
1157,21,FALSE
1158,17,TRUE
1159,25,TRUE
1160,13,TRUE
1160,15,FALSE
1161,13,TRUE
1161,14,FALSE
1161,19,FALSE
1162,1,TRUE
1163,13,TRUE
1163,15,FALSE
1164,2,TRUE
1164,8,FALSE
1164,18,FALSE
1165,17,TRUE
1165,15,FALSE
1166,17,TRUE
1166,13,FALSE
1166,15,FALSE
1167,16,TRUE
1167,5,FALSE
1167,2,FALSE
1168,13,TRUE
1168,15,FALSE
1168,20,FALSE
1169,31,TRUE
1170,25,TRUE
1171,12,TRUE
1171,17,FALSE
1172,1,TRUE
1173,39,TRUE
1174,2,TRUE
1174,32,FALSE
1174,41,FALSE
1175,2,TRUE
1175,3,FALSE
1176,13,TRUE
1176,14,FALSE
1176,15,FALSE
1177,13,TRUE
1177,15,FALSE
1178,22,TRUE
1178,15,FALSE
1179,26,TRUE
1180,25,TRUE
1181,25,TRUE
1181,10,FALSE
1182,10,TRUE
1183,7,TRUE
1184,15,TRUE
1184,21,FALSE
1185,26,TRUE
1185,15,FALSE
1186,17,TRUE
1186,15,FALSE
1186,20,FALSE
1187,31,TRUE
1187,5,FALSE
1187,2,FALSE
1188,19,TRUE
1189,26,TRUE
1189,17,FALSE
1189,15,FALSE
1190,39,TRUE
1191,26,TRUE
1192,39,TRUE
1193,13,TRUE
1193,15,FALSE
1194,1,TRUE
1194,15,FALSE
1194,21,FALSE
1195,13,TRUE
1195,15,FALSE
1195,19,FALSE
1196,1,TRUE
1197,5,TRUE
1197,7,FALSE
1197,2,FALSE
1198,13,TRUE
1198,21,FALSE
1199,39,TRUE
1200,13,TRUE
1200,19,FALSE
1201,25,TRUE
1202,5,TRUE
1202,2,FALSE
1202,10,FALSE
1203,13,TRUE
1203,15,FALSE
1203,20,FALSE
1204,12,TRUE
1204,13,FALSE
1205,1,TRUE
1206,7,TRUE
1206,33,FALSE
1206,6,FALSE
1207,16,TRUE
1207,25,FALSE
1207,3,FALSE
1208,1,TRUE
1209,17,TRUE
1209,15,FALSE
1210,17,TRUE
1210,13,FALSE
1210,15,FALSE
1211,2,TRUE
1211,32,FALSE
1211,9,FALSE
1212,13,TRUE
1212,15,FALSE
1213,13,TRUE
1213,15,FALSE
1214,10,TRUE
1215,13,TRUE
1215,15,FALSE
1215,21,FALSE
1216,17,TRUE
1216,15,FALSE
1216,20,FALSE
1217,17,TRUE
1217,15,FALSE
1217,20,FALSE
1218,16,TRUE
1218,5,FALSE
1218,2,FALSE
1219,12,TRUE
1219,17,FALSE
1220,17,TRUE
1220,13,FALSE
1220,14,FALSE
1221,13,TRUE
1221,14,FALSE
1221,15,FALSE
1222,13,TRUE
1222,15,FALSE
1223,22,TRUE
1223,14,FALSE
1224,5,TRUE
1224,2,FALSE
1224,6,FALSE
1225,7,TRUE
1226,8,TRUE
1226,9,FALSE
1227,7,TRUE
1227,2,FALSE
1228,2,TRUE
1228,3,FALSE
1229,13,TRUE
1229,14,FALSE
1229,15,FALSE
1230,2,TRUE
1230,3,FALSE
1231,17,TRUE
1231,13,FALSE
1231,14,FALSE
1232,25,TRUE
1233,17,TRUE
1233,13,FALSE
1233,15,FALSE
1234,17,TRUE
1234,15,FALSE
1235,7,TRUE
1235,2,FALSE
1235,18,FALSE
1236,31,TRUE
1236,25,FALSE
1236,6,FALSE
1237,26,TRUE
1237,13,FALSE
1237,15,FALSE
1238,17,TRUE
1238,15,FALSE
1238,20,FALSE
1239,31,TRUE
1240,26,TRUE
1241,13,TRUE
1241,20,FALSE
1242,17,TRUE
1242,13,FALSE
1242,21,FALSE
1243,5,TRUE
1243,7,FALSE
1244,13,TRUE
1245,26,TRUE
1245,17,FALSE
1245,15,FALSE
1246,25,TRUE
1247,42,TRUE
1247,5,FALSE
1247,2,FALSE
1248,26,TRUE
1248,13,FALSE
1248,15,FALSE
1249,1,TRUE
1249,21,FALSE
1250,39,TRUE
1251,1,TRUE
1251,15,FALSE
1251,21,FALSE
1252,26,TRUE
1252,28,FALSE
1252,13,FALSE
1253,17,TRUE
1253,15,FALSE
1254,12,TRUE
1254,17,FALSE
1255,28,TRUE
1255,13,FALSE
1256,26,TRUE
1256,13,FALSE
1256,15,FALSE
1257,17,TRUE
1257,35,FALSE
1257,21,FALSE
1258,31,TRUE
1258,2,FALSE
1259,12,TRUE
1259,17,FALSE
1260,17,TRUE
1260,13,FALSE
1260,14,FALSE
1261,17,TRUE
1261,15,FALSE
1261,20,FALSE
1262,13,TRUE
1262,14,FALSE
1262,15,FALSE
1263,17,TRUE
1263,13,FALSE
1264,26,TRUE
1265,17,TRUE
1265,13,FALSE
1265,14,FALSE
1266,15,TRUE
1266,19,FALSE
1267,13,TRUE
1267,14,FALSE
1267,15,FALSE
1268,15,TRUE
1268,19,FALSE
1269,5,TRUE
1269,2,FALSE
1269,18,FALSE
1270,13,TRUE
1270,15,FALSE
1270,20,FALSE
1271,2,TRUE
1271,18,FALSE
1271,3,FALSE
1272,2,TRUE
1272,18,FALSE
1272,3,FALSE
1273,7,TRUE
1273,2,FALSE
1274,15,TRUE
1274,19,FALSE
1275,8,TRUE
1276,9,TRUE
1276,10,FALSE
1276,3,FALSE
1277,13,TRUE
1277,15,FALSE
1278,11,TRUE
1278,34,FALSE
1279,39,TRUE
1280,1,TRUE
1280,15,FALSE
1281,1,TRUE
1281,15,FALSE
1281,30,FALSE
1282,13,TRUE
1282,15,FALSE
1283,2,TRUE
1283,3,FALSE
1284,22,TRUE
1284,19,FALSE
1285,22,TRUE
1286,2,TRUE
1286,10,FALSE
1286,3,FALSE
1287,17,TRUE
1287,13,FALSE
1287,14,FALSE
1288,17,TRUE
1288,13,FALSE
1289,13,TRUE
1289,19,FALSE
1290,1,TRUE
1290,15,FALSE
1290,21,FALSE
1291,17,TRUE
1291,38,FALSE
1291,19,FALSE
1292,13,TRUE
1292,14,FALSE
1292,15,FALSE
1293,1,TRUE
1293,15,FALSE
1294,2,TRUE
1294,3,FALSE
1295,2,TRUE
1295,6,FALSE
1295,3,FALSE
1296,17,TRUE
1296,13,FALSE
1296,14,FALSE
1297,2,TRUE
1297,9,FALSE
1297,10,FALSE
1298,22,TRUE
1299,2,TRUE
1299,6,FALSE
1299,3,FALSE
1300,31,TRUE
1300,2,FALSE
1301,7,TRUE
1302,16,TRUE
1302,2,FALSE
1302,3,FALSE
1303,7,TRUE
1303,8,FALSE
1303,33,FALSE
1304,1,TRUE
1305,12,TRUE
1306,26,TRUE
1306,17,FALSE
1306,13,FALSE
1307,5,TRUE
1307,10,FALSE
1307,3,FALSE
1308,12,TRUE
1308,17,FALSE
1308,13,FALSE
1309,25,TRUE
1309,10,FALSE
1310,19,TRUE
1311,10,TRUE
1312,17,TRUE
1312,13,FALSE
1312,15,FALSE
1313,13,TRUE
1313,14,FALSE
1313,38,FALSE
1314,8,TRUE
1315,10,TRUE
1316,39,TRUE
1317,13,TRUE
1317,15,FALSE
1317,20,FALSE
1318,16,TRUE
1318,2,FALSE
1318,8,FALSE
1319,17,TRUE
1319,20,FALSE
1320,12,TRUE
1321,5,TRUE
1321,2,FALSE
1321,3,FALSE
1322,5,TRUE
1322,18,FALSE
1322,6,FALSE
1323,17,TRUE
1323,13,FALSE
1323,15,FALSE
1324,13,TRUE
1324,15,FALSE
1324,20,FALSE
1325,13,TRUE
1325,14,FALSE
1325,20,FALSE
1326,15,TRUE
1326,19,FALSE
1327,17,TRUE
1327,15,FALSE
1327,20,FALSE
1328,1,TRUE
1328,21,FALSE
1329,5,TRUE
1329,7,FALSE
1330,17,TRUE
1330,15,FALSE
1331,13,TRUE
1331,20,FALSE
1332,36,TRUE
1333,25,TRUE
1333,10,FALSE
1334,17,TRUE
1334,13,FALSE
1335,26,TRUE
1335,15,FALSE
1336,5,TRUE
1336,3,FALSE
1336,4,FALSE
1337,39,TRUE
1338,13,TRUE
1338,14,FALSE
1338,15,FALSE
1339,5,TRUE
1339,2,FALSE
1339,18,FALSE
1340,5,TRUE
1340,2,FALSE
1340,3,FALSE
1341,13,TRUE
1341,15,FALSE
1342,13,TRUE
1342,14,FALSE
1343,26,TRUE
1343,13,FALSE
1343,15,FALSE
1344,1,TRUE
1345,13,TRUE
1345,15,FALSE
1345,20,FALSE
1346,26,TRUE
1346,15,FALSE
1347,17,TRUE
1347,13,FALSE
1347,15,FALSE
1348,26,TRUE
1348,15,FALSE
1349,9,TRUE
1349,3,FALSE
1350,5,TRUE
1350,2,FALSE
1350,18,FALSE
1351,25,TRUE
1352,13,TRUE
1352,37,FALSE
1352,15,FALSE
1353,41,TRUE
1353,10,FALSE
1354,26,TRUE
1354,17,FALSE
1355,3,TRUE
1356,9,TRUE
1356,34,FALSE
1357,10,TRUE
1357,34,FALSE
1358,13,TRUE
1359,19,TRUE
1360,13,TRUE
1360,15,FALSE
1360,19,FALSE
1361,2,TRUE
1361,9,FALSE
1361,10,FALSE
1362,11,TRUE
1362,34,FALSE
1363,25,TRUE
1363,10,FALSE
1364,9,TRUE
1364,3,FALSE
1364,34,FALSE
1365,12,TRUE
1365,23,FALSE
1366,25,TRUE
1366,10,FALSE
1367,13,TRUE
1367,37,FALSE
1368,22,TRUE
1369,26,TRUE
1369,15,FALSE
1370,12,TRUE
1370,17,FALSE
1371,13,TRUE
1371,15,FALSE
1372,7,TRUE
1373,12,TRUE
1373,13,FALSE
1373,15,FALSE
1374,2,TRUE
1374,3,FALSE
1374,24,FALSE
1375,1,TRUE
1375,15,FALSE
1375,30,FALSE
1376,10,TRUE
1376,3,FALSE
1377,17,TRUE
1377,13,FALSE
1377,14,FALSE
1378,9,TRUE
1378,6,FALSE
1378,3,FALSE
1379,12,TRUE
1379,13,FALSE
1380,13,TRUE
1380,15,FALSE
1381,25,TRUE
1382,17,TRUE
1382,15,FALSE
1382,20,FALSE
1383,13,TRUE
1383,15,FALSE
1383,20,FALSE
1384,2,TRUE
1384,8,FALSE
1385,5,TRUE
1385,2,FALSE
1385,32,FALSE
1386,31,TRUE
1386,2,FALSE
1387,17,TRUE
1387,15,FALSE
1387,38,FALSE
1388,13,TRUE
1388,19,FALSE
1389,13,TRUE
1390,17,TRUE
1391,13,TRUE
1392,13,TRUE
1393,2,TRUE
1393,18,FALSE
1393,10,FALSE
1394,19,TRUE
1395,7,TRUE
1395,33,FALSE
1396,25,TRUE
1397,26,TRUE
1398,13,TRUE
1398,23,FALSE
1399,22,TRUE
1400,13,TRUE
1400,14,FALSE
1401,8,TRUE
1402,25,TRUE
1402,24,FALSE
1403,6,TRUE
1403,10,FALSE
1403,27,FALSE
1404,12,TRUE
1404,17,FALSE
1404,13,FALSE
1405,25,TRUE
1405,10,FALSE
1406,26,TRUE
1407,12,TRUE
1407,17,FALSE
1408,12,TRUE
1409,3,TRUE
1409,27,FALSE
1410,19,TRUE
1411,13,TRUE
1411,15,FALSE
1412,1,TRUE
1413,13,TRUE
1413,15,FALSE
1413,38,FALSE
1414,13,TRUE
1414,15,FALSE
1415,17,TRUE
1415,13,FALSE
1415,15,FALSE
1416,13,TRUE
1416,19,FALSE
1417,5,TRUE
1417,7,FALSE
1418,15,TRUE
1418,19,FALSE
1419,39,TRUE
1420,16,TRUE
1420,9,FALSE
1420,3,FALSE
1421,1,TRUE
1422,17,TRUE
1422,13,FALSE
1422,15,FALSE
1423,13,TRUE
1423,15,FALSE
1424,17,TRUE
1424,15,FALSE
1424,20,FALSE
1425,12,TRUE
1425,17,FALSE
1426,1,TRUE
1427,13,TRUE
1427,15,FALSE
1428,16,TRUE
1428,5,FALSE
1428,7,FALSE
1429,13,TRUE
1429,14,FALSE
1429,15,FALSE
1430,25,TRUE
1430,10,FALSE
1431,7,TRUE
1432,17,TRUE
1432,13,FALSE
1432,15,FALSE
1433,31,TRUE
1433,2,FALSE
1433,18,FALSE
1434,13,TRUE
1434,15,FALSE
1435,12,TRUE
1435,17,FALSE
1436,13,TRUE
1437,1,TRUE
1437,15,FALSE
1437,21,FALSE
1438,7,TRUE
1438,8,FALSE
1439,1,TRUE
1439,15,FALSE
1439,30,FALSE
1440,7,TRUE
1440,10,FALSE
1441,2,TRUE
1441,8,FALSE
1441,18,FALSE
1442,26,TRUE
1442,17,FALSE
1442,15,FALSE
1443,7,TRUE
1443,2,FALSE
1444,7,TRUE
1445,17,TRUE
1445,20,FALSE
1445,30,FALSE
1446,26,TRUE
1446,17,FALSE
1446,15,FALSE
1447,17,TRUE
1448,22,TRUE
1448,19,FALSE
1449,6,TRUE
1449,10,FALSE
1449,3,FALSE
1450,8,TRUE
1451,39,TRUE
1452,12,TRUE
1452,13,FALSE
1452,30,FALSE
1453,13,TRUE
1453,14,FALSE
1454,12,TRUE
1454,17,FALSE
1455,1,TRUE
1456,7,TRUE
1456,33,FALSE
1457,26,TRUE
1457,13,FALSE
1457,14,FALSE
1458,18,TRUE
1458,3,FALSE
1459,26,TRUE
1460,17,TRUE
1461,2,TRUE
1461,18,FALSE
1461,3,FALSE
1462,17,TRUE
1462,13,FALSE
1462,14,FALSE
1463,25,TRUE
1463,10,FALSE
1464,25,TRUE
1465,1,TRUE
1466,25,TRUE
1466,10,FALSE
1466,27,FALSE
1467,1,TRUE
1468,26,TRUE
1468,19,FALSE
1469,17,TRUE
1469,15,FALSE
1470,28,TRUE
1470,13,FALSE
1470,14,FALSE
1471,13,TRUE
1471,38,FALSE
1472,39,TRUE
1473,17,TRUE
1473,13,FALSE
1473,15,FALSE
1474,11,TRUE
1474,4,FALSE
1474,27,FALSE
1475,26,TRUE
1475,13,FALSE
1475,37,FALSE
1476,17,TRUE
1476,13,FALSE
1476,15,FALSE
1477,8,TRUE
1478,5,TRUE
1478,3,FALSE
1478,24,FALSE
1479,2,TRUE
1479,4,FALSE
1479,24,FALSE
1480,5,TRUE
1480,7,FALSE
1480,2,FALSE
1481,16,TRUE
1481,42,FALSE
1481,2,FALSE
1482,22,TRUE
1482,15,FALSE
1483,31,TRUE
1484,2,TRUE
1484,9,FALSE
1484,10,FALSE
1485,13,TRUE
1486,12,TRUE
1486,17,FALSE
1487,17,TRUE
1488,5,TRUE
1488,2,FALSE
1488,3,FALSE
1489,13,TRUE
1489,15,FALSE
1490,7,TRUE
1490,2,FALSE
1491,12,TRUE
1492,17,TRUE
1492,13,FALSE
1492,15,FALSE
1493,9,TRUE
1493,3,FALSE
1494,15,TRUE
1494,20,FALSE
1495,12,TRUE
1495,17,FALSE
1496,17,TRUE
1496,13,FALSE
1496,15,FALSE
1497,12,TRUE
1497,13,FALSE
1497,15,FALSE
1498,13,TRUE
1498,15,FALSE
1498,20,FALSE
1499,26,TRUE
1499,17,FALSE
1499,14,FALSE
1500,13,TRUE
1501,13,TRUE
1501,15,FALSE
1501,38,FALSE
1502,13,TRUE
1502,20,FALSE
1503,39,TRUE
1504,2,TRUE
1504,9,FALSE
1504,10,FALSE
1505,21,TRUE
1506,25,TRUE
1507,16,TRUE
1507,25,FALSE
1507,10,FALSE
1508,12,TRUE
1508,17,FALSE
1509,16,TRUE
1509,25,FALSE
1510,1,TRUE
1510,21,FALSE
1511,17,TRUE
1512,17,TRUE
1512,15,FALSE
1513,39,TRUE
1514,13,TRUE
1515,5,TRUE
1515,2,FALSE
1515,3,FALSE
1516,17,TRUE
1517,2,TRUE
1517,9,FALSE
1517,10,FALSE
1518,13,TRUE
1518,21,FALSE
1519,1,TRUE
1519,21,FALSE
1520,12,TRUE
1520,17,FALSE
1520,13,FALSE
1521,2,TRUE
1521,3,FALSE
1522,13,TRUE
1522,14,FALSE
1522,15,FALSE
1523,13,TRUE
1523,15,FALSE
1523,20,FALSE
1524,17,TRUE
1524,13,FALSE
1524,15,FALSE
1525,26,TRUE
1526,13,TRUE
1526,15,FALSE
1526,20,FALSE
1527,17,TRUE
1527,15,FALSE
1527,20,FALSE
1528,16,TRUE
1528,25,FALSE
1529,2,TRUE
1529,9,FALSE
1529,10,FALSE
1530,15,TRUE
1530,20,FALSE
1531,41,TRUE
1531,10,FALSE
1532,13,TRUE
1532,15,FALSE
1532,20,FALSE
1533,7,TRUE
1533,2,FALSE
1534,7,TRUE
1534,18,FALSE
1535,13,TRUE
1535,15,FALSE
1535,38,FALSE
1536,2,TRUE
1536,10,FALSE
1536,3,FALSE
1537,22,TRUE
1537,19,FALSE
1538,13,TRUE
1539,31,TRUE
1539,2,FALSE
1540,31,TRUE
1540,2,FALSE
1541,13,TRUE
1541,19,FALSE
1542,16,TRUE
1542,5,FALSE
1542,7,FALSE
1543,39,TRUE
1544,8,TRUE
1545,13,TRUE
1545,14,FALSE
1545,30,FALSE
1546,25,TRUE
1546,10,FALSE
1547,7,TRUE
1548,8,TRUE
1549,8,TRUE
1550,13,TRUE
1550,14,FALSE
1551,17,TRUE
1551,20,FALSE
1552,25,TRUE
1553,3,TRUE
1553,4,FALSE
1553,24,FALSE
1554,17,TRUE
1555,2,TRUE
1555,3,FALSE
1555,24,FALSE
1556,25,TRUE
1556,10,FALSE
1557,12,TRUE
1558,12,TRUE
1558,13,FALSE
1559,1,TRUE
1560,2,TRUE
1560,18,FALSE
1560,3,FALSE
1561,17,TRUE
1561,38,FALSE
1561,21,FALSE
1562,13,TRUE
1562,15,FALSE
1562,30,FALSE
1563,2,TRUE
1563,6,FALSE
1563,4,FALSE
1564,13,TRUE
1564,38,FALSE
1565,5,TRUE
1565,2,FALSE
1565,3,FALSE
1566,15,TRUE
1566,20,FALSE
1567,13,TRUE
1567,15,FALSE
1567,20,FALSE
1568,17,TRUE
1568,15,FALSE
1568,38,FALSE
1569,13,TRUE
1569,14,FALSE
1569,15,FALSE
1570,2,TRUE
1570,10,FALSE
1571,2,TRUE
1571,9,FALSE
1571,3,FALSE
1572,17,TRUE
1572,13,FALSE
1572,15,FALSE
1573,25,TRUE
1573,10,FALSE
1574,25,TRUE
1574,10,FALSE
1574,34,FALSE
1575,7,TRUE
1575,33,FALSE
1576,1,TRUE
1576,15,FALSE
1577,12,TRUE
1577,17,FALSE
1578,1,TRUE
1578,15,FALSE
1578,21,FALSE
1579,2,TRUE
1579,9,FALSE
1579,3,FALSE
1580,10,TRUE
1580,34,FALSE
1581,12,TRUE
1582,12,TRUE
1583,13,TRUE
1583,19,FALSE
1584,2,TRUE
1584,9,FALSE
1584,3,FALSE
1585,26,TRUE
1585,13,FALSE
1586,5,TRUE
1586,3,FALSE
1586,4,FALSE
1587,5,TRUE
1587,7,FALSE
1587,2,FALSE
1588,2,TRUE
1588,3,FALSE
1588,11,FALSE
1589,12,TRUE
1590,2,TRUE
1590,9,FALSE
1590,10,FALSE
1591,10,TRUE
1592,12,TRUE
1592,17,FALSE
1593,17,TRUE
1593,15,FALSE
1593,19,FALSE
1594,5,TRUE
1594,2,FALSE
1594,3,FALSE
1595,17,TRUE
1595,15,FALSE
1596,13,TRUE
1596,14,FALSE
1597,16,TRUE
1597,8,FALSE
1598,12,TRUE
1598,13,FALSE
1599,13,TRUE
1599,15,FALSE
1599,20,FALSE
1600,17,TRUE
1600,13,FALSE
1600,15,FALSE
1601,12,TRUE
1602,17,TRUE
1602,15,FALSE
1603,17,TRUE
1603,13,FALSE
1603,15,FALSE
1604,16,TRUE
1604,7,FALSE
1604,2,FALSE
1605,39,TRUE
1606,2,TRUE
1606,10,FALSE
1606,3,FALSE
1607,17,TRUE
1607,13,FALSE
1607,15,FALSE
1608,39,TRUE
1609,26,TRUE
1610,12,TRUE
1611,19,TRUE
1612,8,TRUE
1613,17,TRUE
1613,14,FALSE
1614,13,TRUE
1614,15,FALSE
1614,20,FALSE
1615,25,TRUE
1616,8,TRUE
1617,12,TRUE
1617,17,FALSE
1618,17,TRUE
1619,16,TRUE
1619,25,FALSE
1620,25,TRUE
1620,10,FALSE
1621,26,TRUE
1622,26,TRUE
1623,42,TRUE
1623,6,FALSE
1623,27,FALSE
1624,8,TRUE
1624,9,FALSE
1625,19,TRUE
1626,2,TRUE
1626,11,FALSE
1626,4,FALSE
1627,26,TRUE
1627,17,FALSE
1628,7,TRUE
1629,16,TRUE
1629,8,FALSE
1630,22,TRUE
1630,15,FALSE
1631,13,TRUE
1631,15,FALSE
1632,19,TRUE
1633,12,TRUE
1634,26,TRUE
1635,2,TRUE
1635,6,FALSE
1635,3,FALSE
1636,12,TRUE
1637,12,TRUE
1637,1,FALSE
1638,22,TRUE
1638,15,FALSE
1639,2,TRUE
1639,8,FALSE
1640,2,TRUE
1640,3,FALSE
1640,34,FALSE
1641,2,TRUE
1641,9,FALSE
1641,10,FALSE
1642,8,TRUE
1643,26,TRUE
1643,15,FALSE
1644,15,TRUE
1644,19,FALSE
1645,17,TRUE
1645,15,FALSE
1645,38,FALSE
1646,39,TRUE
1647,26,TRUE
1647,13,FALSE
1647,15,FALSE
1648,17,TRUE
1648,15,FALSE
1648,20,FALSE
1649,22,TRUE
1650,31,TRUE
1650,5,FALSE
1650,2,FALSE
1651,21,TRUE
1652,12,TRUE
1652,17,FALSE
1653,22,TRUE
1653,15,FALSE
1653,19,FALSE
1654,22,TRUE
1654,15,FALSE
1654,19,FALSE
1655,2,TRUE
1655,9,FALSE
1655,10,FALSE
1656,12,TRUE
1656,17,FALSE
1657,13,TRUE
1658,13,TRUE
1658,15,FALSE
1659,2,TRUE
1659,10,FALSE
1659,3,FALSE
1660,26,TRUE
1661,1,TRUE
1661,21,FALSE
1662,2,TRUE
1662,9,FALSE
1662,3,FALSE
1663,26,TRUE
1663,17,FALSE
1663,15,FALSE
1664,12,TRUE
1664,21,FALSE
1665,26,TRUE
1666,15,TRUE
1666,19,FALSE
1667,12,TRUE
1668,7,TRUE
1668,2,FALSE
1669,2,TRUE
1669,3,FALSE
1670,13,TRUE
1671,2,TRUE
1671,9,FALSE
1671,10,FALSE
1672,12,TRUE
1672,17,FALSE
1673,7,TRUE
1673,8,FALSE
1674,13,TRUE
1674,15,FALSE
1675,26,TRUE
1675,17,FALSE
1675,15,FALSE
1676,17,TRUE
1676,15,FALSE
1676,21,FALSE
1677,13,TRUE
1677,15,FALSE
1677,20,FALSE
1678,15,TRUE
1678,20,FALSE
1679,15,TRUE
1679,19,FALSE
1680,26,TRUE
1680,13,FALSE
1680,15,FALSE
1681,13,TRUE
1681,15,FALSE
1681,19,FALSE
1682,12,TRUE
1682,17,FALSE
1682,13,FALSE
1683,17,TRUE
1683,13,FALSE
1683,15,FALSE
1684,17,TRUE
1684,15,FALSE
1685,8,TRUE
1686,13,TRUE
1686,15,FALSE
1687,39,TRUE
1688,25,TRUE
1688,10,FALSE
1689,7,TRUE
1689,8,FALSE
1690,13,TRUE
1690,20,FALSE
1691,1,TRUE
1692,21,TRUE
1692,20,FALSE
1693,8,TRUE
1694,31,TRUE
1694,25,FALSE
1695,12,TRUE
1695,17,FALSE
1696,20,TRUE
1697,25,TRUE
1698,8,TRUE
1699,16,TRUE
1699,2,FALSE
1699,3,FALSE
1700,12,TRUE
1700,28,FALSE
1700,17,FALSE
1701,19,TRUE
1702,11,TRUE
1702,4,FALSE
1702,24,FALSE
1703,12,TRUE
1703,17,FALSE
1704,12,TRUE
1704,21,FALSE
1705,1,TRUE
1705,15,FALSE
1706,13,TRUE
1706,15,FALSE
1707,5,TRUE
1707,2,FALSE
1707,18,FALSE
1708,15,TRUE
1708,20,FALSE
1709,2,TRUE
1709,3,FALSE
1710,13,TRUE
1710,15,FALSE
1710,20,FALSE
1711,13,TRUE
1711,14,FALSE
1712,5,TRUE
1712,2,FALSE
1712,3,FALSE
1713,17,TRUE
1713,13,FALSE
1713,15,FALSE
1714,13,TRUE
1714,15,FALSE
1714,38,FALSE
1715,22,TRUE
1716,2,TRUE
1716,8,FALSE
1717,10,TRUE
1718,6,TRUE
1718,3,FALSE
1719,5,TRUE
1719,7,FALSE
1720,1,TRUE
1720,15,FALSE
1721,13,TRUE
1721,15,FALSE
1722,36,TRUE
1723,9,TRUE
1723,10,FALSE
1723,3,FALSE
1724,31,TRUE
1724,25,FALSE
1725,31,TRUE
1725,25,FALSE
1726,13,TRUE
1726,15,FALSE
1727,8,TRUE
1728,13,TRUE
1728,15,FALSE
1729,13,TRUE
1729,14,FALSE
1729,15,FALSE
1730,17,TRUE
1731,2,TRUE
1731,10,FALSE
1731,3,FALSE
1732,13,TRUE
1732,38,FALSE
1732,20,FALSE
1733,13,TRUE
1733,15,FALSE
1733,20,FALSE
1734,5,TRUE
1734,7,FALSE
1734,2,FALSE
1735,17,TRUE
1735,20,FALSE
1736,13,TRUE
1736,15,FALSE
1736,20,FALSE
1737,12,TRUE
1737,17,FALSE
1737,20,FALSE
1738,2,TRUE
1738,3,FALSE
1738,11,FALSE
1739,13,TRUE
1739,20,FALSE
1740,17,TRUE
1740,13,FALSE
1740,20,FALSE
1741,2,TRUE
1741,9,FALSE
1741,10,FALSE
1742,13,TRUE
1742,15,FALSE
1743,39,TRUE
1744,13,TRUE
1744,15,FALSE
1745,1,TRUE
1745,15,FALSE
1746,1,TRUE
1747,2,TRUE
1747,10,FALSE
1747,3,FALSE
1748,23,TRUE
1748,19,FALSE
1749,8,TRUE
1750,12,TRUE
1750,17,FALSE
1751,9,TRUE
1751,3,FALSE
1751,34,FALSE
1752,12,TRUE
1753,12,TRUE
1754,12,TRUE
1755,8,TRUE
1756,7,TRUE
1757,25,TRUE
1758,25,TRUE
1759,25,TRUE
1760,25,TRUE
1761,25,TRUE
1761,10,FALSE
1762,12,TRUE
1762,17,FALSE
1763,26,TRUE
1764,13,TRUE
1764,14,FALSE
1764,19,FALSE
1765,13,TRUE
1765,19,FALSE
1766,25,TRUE
1766,10,FALSE
1767,5,TRUE
1767,2,FALSE
1767,3,FALSE
1768,13,TRUE
1769,26,TRUE
1769,13,FALSE
1769,30,FALSE
1770,5,TRUE
1770,2,FALSE
1770,32,FALSE
1771,17,TRUE
1771,30,FALSE
1772,7,TRUE
1772,2,FALSE
1773,26,TRUE
1773,13,FALSE
1773,15,FALSE
1774,2,TRUE
1774,8,FALSE
1775,13,TRUE
1775,14,FALSE
1775,19,FALSE
1776,22,TRUE
1776,14,FALSE
1777,13,TRUE
1777,15,FALSE
1778,22,TRUE
1778,15,FALSE
1779,25,TRUE
1779,32,FALSE
1780,6,TRUE
1780,27,FALSE
1781,13,TRUE
1781,15,FALSE
1781,19,FALSE
1782,7,TRUE
1782,8,FALSE
1783,5,TRUE
1783,2,FALSE
1783,3,FALSE
1784,22,TRUE
1784,15,FALSE
1785,22,TRUE
1785,15,FALSE
1786,17,TRUE
1786,20,FALSE
1787,15,TRUE
1788,21,TRUE
1789,22,TRUE
1789,15,FALSE
1790,1,TRUE
1791,31,TRUE
1792,25,TRUE
1793,1,TRUE
1793,15,FALSE
1793,30,FALSE
1794,17,TRUE
1795,2,TRUE
1795,9,FALSE
1795,4,FALSE
1796,17,TRUE
1796,15,FALSE
1796,21,FALSE
1797,26,TRUE
1797,13,FALSE
1797,14,FALSE
1798,13,TRUE
1798,21,FALSE
1799,17,TRUE
1799,15,FALSE
1799,38,FALSE
1800,2,TRUE
1800,6,FALSE
1800,3,FALSE
1801,7,TRUE
1801,2,FALSE
1802,12,TRUE
1802,21,FALSE
1803,13,TRUE
1803,19,FALSE
1804,5,TRUE
1804,2,FALSE
1804,18,FALSE
1805,3,TRUE
1806,1,TRUE
1807,22,TRUE
1807,15,FALSE
1808,13,TRUE
1808,15,FALSE
1808,20,FALSE
1809,17,TRUE
1809,13,FALSE
1809,21,FALSE
1810,13,TRUE
1810,15,FALSE
1810,20,FALSE
1811,13,TRUE
1811,14,FALSE
1812,17,TRUE
1812,13,FALSE
1812,14,FALSE
1813,1,TRUE
1813,15,FALSE
1814,41,TRUE
1815,13,TRUE
1815,20,FALSE
1815,19,FALSE
1816,12,TRUE
1817,26,TRUE
1817,22,FALSE
1818,28,TRUE
1818,13,FALSE
1818,15,FALSE
1819,13,TRUE
1819,15,FALSE
1819,21,FALSE
1820,17,TRUE
1820,13,FALSE
1820,15,FALSE
1821,1,TRUE
1821,15,FALSE
1822,13,TRUE
1822,14,FALSE
1822,15,FALSE
1823,28,TRUE
1823,13,FALSE
1823,14,FALSE
1824,1,TRUE
1824,15,FALSE
1825,13,TRUE
1825,15,FALSE
1826,13,TRUE
1826,15,FALSE
1826,20,FALSE
1827,13,TRUE
1827,14,FALSE
1827,15,FALSE
1828,13,TRUE
1828,14,FALSE
1828,15,FALSE
1829,5,TRUE
1829,7,FALSE
1830,13,TRUE
1830,15,FALSE
1831,17,TRUE
1831,15,FALSE
1831,20,FALSE
1832,1,TRUE
1832,15,FALSE
1833,13,TRUE
1833,15,FALSE
1834,12,TRUE
1834,17,FALSE
1835,2,TRUE
1835,9,FALSE
1835,10,FALSE
1836,26,TRUE
1837,17,TRUE
1837,15,FALSE
1837,20,FALSE
1838,3,TRUE
1838,34,FALSE
1839,26,TRUE
1840,2,TRUE
1840,6,FALSE
1840,3,FALSE
1841,5,TRUE
1841,2,FALSE
1841,18,FALSE
1842,25,TRUE
1842,10,FALSE
1843,13,TRUE
1844,22,TRUE
1844,19,FALSE
1845,12,TRUE
1846,26,TRUE
1847,26,TRUE
1847,17,FALSE
1847,15,FALSE
1848,16,TRUE
1848,25,FALSE
1849,10,TRUE
1850,13,TRUE
1850,15,FALSE
1851,13,TRUE
1851,15,FALSE
1851,20,FALSE
1852,10,TRUE
1852,34,FALSE
1853,25,TRUE
1854,1,TRUE
1854,15,FALSE
1855,10,TRUE
1855,3,FALSE
1856,26,TRUE
1856,15,FALSE
1856,20,FALSE
1857,1,TRUE
1857,21,FALSE
1858,1,TRUE
1858,15,FALSE
1859,15,TRUE
1859,20,FALSE
1859,19,FALSE
1860,12,TRUE
1861,8,TRUE
1861,10,FALSE
1862,17,TRUE
1862,13,FALSE
1862,15,FALSE
1863,35,TRUE
1863,13,FALSE
1863,15,FALSE
1864,17,TRUE
1864,15,FALSE
1864,20,FALSE
1865,25,TRUE
1865,10,FALSE
1866,17,TRUE
1866,15,FALSE
1867,13,TRUE
1867,15,FALSE
1868,22,TRUE
1869,7,TRUE
1870,17,TRUE
1870,15,FALSE
1870,20,FALSE
1871,17,TRUE
1871,15,FALSE
1872,12,TRUE
1873,17,TRUE
1873,13,FALSE
1873,14,FALSE
1874,3,TRUE
1874,11,FALSE
1874,4,FALSE
1875,1,TRUE
1875,15,FALSE
1875,21,FALSE
1876,2,TRUE
1876,9,FALSE
1876,10,FALSE
1877,13,TRUE
1877,15,FALSE
1878,5,TRUE
1878,2,FALSE
1878,3,FALSE
1879,6,TRUE
1879,3,FALSE
1879,27,FALSE
1880,17,TRUE
1880,22,FALSE
1881,2,TRUE
1881,3,FALSE
1881,4,FALSE
1882,17,TRUE
1883,1,TRUE
1883,21,FALSE
1884,12,TRUE
1885,13,TRUE
1885,20,FALSE
1886,16,TRUE
1886,7,FALSE
1886,2,FALSE
1887,1,TRUE
1888,1,TRUE
1888,38,FALSE
1889,13,TRUE
1889,15,FALSE
1889,30,FALSE
1890,25,TRUE
1891,25,TRUE
1892,17,TRUE
1892,15,FALSE
1892,20,FALSE
1893,12,TRUE
1894,25,TRUE
1894,10,FALSE
1895,9,TRUE
1895,10,FALSE
1895,3,FALSE
1896,25,TRUE
1896,3,FALSE
1897,13,TRUE
1897,15,FALSE
1898,17,TRUE
1898,13,FALSE
1898,15,FALSE
1899,22,TRUE
1899,15,FALSE
1899,19,FALSE
1900,17,TRUE
1900,15,FALSE
1900,20,FALSE
1901,17,TRUE
1901,22,FALSE
1902,17,TRUE
1902,15,FALSE
1902,20,FALSE
1903,26,TRUE
1903,17,FALSE
1903,15,FALSE
1904,13,TRUE
1904,19,FALSE
1905,1,TRUE
1905,38,FALSE
1906,26,TRUE
1906,13,FALSE
1906,15,FALSE
1907,3,TRUE
1908,2,TRUE
1908,9,FALSE
1908,3,FALSE
1909,31,TRUE
1909,2,FALSE
1909,34,FALSE
1910,26,TRUE
1910,13,FALSE
1911,5,TRUE
1911,2,FALSE
1911,4,FALSE
1912,1,TRUE
1913,26,TRUE
1913,17,FALSE
1913,13,FALSE
1914,1,TRUE
1914,15,FALSE
1915,7,TRUE
1915,2,FALSE
1916,2,TRUE
1916,3,FALSE
1917,1,TRUE
1917,21,FALSE
1918,2,TRUE
1918,9,FALSE
1918,18,FALSE
1919,31,TRUE
1919,2,FALSE
1920,17,TRUE
1920,15,FALSE
1920,20,FALSE
1921,17,TRUE
1921,14,FALSE
1921,15,FALSE
1922,26,TRUE
1922,13,FALSE
1923,10,TRUE
1924,10,TRUE
1924,3,FALSE
1925,13,TRUE
1925,19,FALSE
1926,5,TRUE
1926,2,FALSE
1926,18,FALSE
1927,1,TRUE
1928,13,TRUE
1928,15,FALSE
1929,31,TRUE
1929,2,FALSE
1930,10,TRUE
1931,13,TRUE
1931,15,FALSE
1931,19,FALSE
1932,13,TRUE
1932,38,FALSE
1933,1,TRUE
1933,38,FALSE
1934,5,TRUE
1934,3,FALSE
1935,1,TRUE
1936,39,TRUE
1937,26,TRUE
1938,1,TRUE
1938,15,FALSE
1938,21,FALSE
1939,13,TRUE
1939,14,FALSE
1939,15,FALSE
1940,17,TRUE
1940,13,FALSE
1940,15,FALSE
1941,17,TRUE
1941,15,FALSE
1941,21,FALSE
1942,17,TRUE
1942,15,FALSE
1942,21,FALSE
1943,17,TRUE
1943,15,FALSE
1943,20,FALSE
1944,17,TRUE
1944,15,FALSE
1944,21,FALSE
1945,13,TRUE
1945,15,FALSE
1945,20,FALSE
1946,13,TRUE
1946,15,FALSE
1946,19,FALSE
1947,17,TRUE
1947,15,FALSE
1947,21,FALSE
1948,7,TRUE
1949,2,TRUE
1949,6,FALSE
1949,3,FALSE
1950,10,TRUE
1951,13,TRUE
1951,14,FALSE
1951,15,FALSE
1952,5,TRUE
1952,7,FALSE
1952,2,FALSE
1953,25,TRUE
1953,10,FALSE
1954,13,TRUE
1954,15,FALSE
1955,10,TRUE
1956,2,TRUE
1956,3,FALSE
1956,4,FALSE
1957,1,TRUE
1957,15,FALSE
1957,21,FALSE
1958,26,TRUE
1958,23,FALSE
1958,30,FALSE
1959,7,TRUE
1960,26,TRUE
1960,12,FALSE
1960,13,FALSE
1961,1,TRUE
1962,7,TRUE
1963,1,TRUE
1964,13,TRUE
1964,15,FALSE
1965,26,TRUE
1965,15,FALSE
1966,26,TRUE
1966,15,FALSE
1967,26,TRUE
1967,15,FALSE
1968,26,TRUE
1968,15,FALSE
1969,26,TRUE
1969,15,FALSE
1970,26,TRUE
1970,15,FALSE
1971,22,TRUE
1971,15,FALSE
1971,19,FALSE
1972,17,TRUE
1972,15,FALSE
1973,26,TRUE
1973,15,FALSE
1974,25,TRUE
1974,10,FALSE
1975,13,TRUE
1975,15,FALSE
1975,20,FALSE
1976,17,TRUE
1976,15,FALSE
1977,13,TRUE
1977,15,FALSE
1977,19,FALSE
1978,13,TRUE
1978,14,FALSE
1978,15,FALSE
1979,3,TRUE
1979,11,FALSE
1979,4,FALSE
1980,8,TRUE
1981,5,TRUE
1981,3,FALSE
1981,24,FALSE
1982,17,TRUE
1982,15,FALSE
1982,20,FALSE
1983,15,TRUE
1983,19,FALSE
1984,31,TRUE
1984,2,FALSE
1985,1,TRUE
1985,15,FALSE
1985,21,FALSE
1986,12,TRUE
1986,17,FALSE
1987,15,TRUE
1987,19,FALSE
1988,13,TRUE
1988,14,FALSE
1989,2,TRUE
1989,10,FALSE
1989,3,FALSE
1990,2,TRUE
1990,3,FALSE
1990,34,FALSE
1991,7,TRUE
1991,33,FALSE
1992,16,TRUE
1992,5,FALSE
1992,2,FALSE
1993,39,TRUE
1994,5,TRUE
1994,2,FALSE
1994,3,FALSE
1995,8,TRUE
1996,13,TRUE
1996,19,FALSE
1997,13,TRUE
1997,15,FALSE
1997,19,FALSE
1998,26,TRUE
1998,15,FALSE
1999,16,TRUE
1999,2,FALSE
1999,3,FALSE
2000,1,TRUE
2000,15,FALSE
2001,39,TRUE
2002,13,TRUE
2002,14,FALSE
2002,20,FALSE
2003,7,TRUE
2003,2,FALSE
2003,8,FALSE
2004,12,TRUE
2004,17,FALSE
2005,12,TRUE
2006,13,TRUE
2006,15,FALSE
2006,21,FALSE
2007,16,TRUE
2007,25,FALSE
2008,12,TRUE
2008,17,FALSE
2008,13,FALSE
2009,2,TRUE
2009,10,FALSE
2009,3,FALSE
2010,10,TRUE
2011,12,TRUE
2012,12,TRUE
2012,17,FALSE
2013,2,TRUE
2013,18,FALSE
2013,3,FALSE
2014,16,TRUE
2014,2,FALSE
2014,10,FALSE
2015,39,TRUE
2016,13,TRUE
2016,15,FALSE
2016,19,FALSE
2017,13,TRUE
2017,15,FALSE
2018,13,TRUE
2018,15,FALSE
2019,13,TRUE
2019,15,FALSE
2020,17,TRUE
2020,13,FALSE
2020,15,FALSE
2021,12,TRUE
2021,13,FALSE
2021,15,FALSE
2022,3,TRUE
2023,25,TRUE
2023,10,FALSE
2024,13,TRUE
2024,15,FALSE
2024,20,FALSE
2025,17,TRUE
2025,15,FALSE
2025,20,FALSE
2026,17,TRUE
2026,13,FALSE
2026,15,FALSE
2027,17,TRUE
2027,13,FALSE
2027,15,FALSE
2028,12,TRUE
2029,13,TRUE
2029,15,FALSE
2029,19,FALSE
2030,17,TRUE
2030,22,FALSE
2031,17,TRUE
2031,13,FALSE
2031,14,FALSE
2032,13,TRUE
2032,15,FALSE
2033,8,TRUE
2034,5,TRUE
2034,7,FALSE
2034,2,FALSE
2035,17,TRUE
2035,15,FALSE
2035,21,FALSE
2036,1,TRUE
2037,22,TRUE
2037,15,FALSE
2037,19,FALSE
2038,2,TRUE
2038,9,FALSE
2038,3,FALSE
2039,12,TRUE
2039,1,FALSE
2039,15,FALSE
2040,13,TRUE
2040,14,FALSE
2040,15,FALSE
2041,25,TRUE
2042,1,TRUE
2043,3,TRUE
2043,27,FALSE
2043,24,FALSE
2044,13,TRUE
2045,9,TRUE
2045,3,FALSE
2045,27,FALSE
2046,13,TRUE
2046,14,FALSE
2047,17,TRUE
2047,13,FALSE
2047,15,FALSE
2048,25,TRUE
2049,17,TRUE
2049,13,FALSE
2049,14,FALSE
2050,17,TRUE
2050,15,FALSE
2050,20,FALSE
2051,39,TRUE
2052,13,TRUE
2052,14,FALSE
2052,15,FALSE
2053,17,TRUE
2053,14,FALSE
2053,20,FALSE
2054,5,TRUE
2054,2,FALSE
2054,3,FALSE
2055,7,TRUE
2055,8,FALSE
2056,13,TRUE
2056,14,FALSE
2056,15,FALSE
2057,12,TRUE
2057,17,FALSE
2058,1,TRUE
2058,15,FALSE
2058,21,FALSE
2059,7,TRUE
2059,27,FALSE
2060,26,TRUE
2060,13,FALSE
2060,20,FALSE
2061,15,TRUE
2061,20,FALSE
2062,12,TRUE
2062,21,FALSE
2063,31,TRUE
2063,2,FALSE
2064,25,TRUE
2065,2,TRUE
2065,3,FALSE
2066,29,TRUE
2066,15,FALSE
2067,31,TRUE
2067,2,FALSE
2067,24,FALSE
2068,26,TRUE
2068,29,FALSE
2068,15,FALSE
2069,41,TRUE
2069,10,FALSE
2070,2,TRUE
2070,10,FALSE
2071,25,TRUE
2072,12,TRUE
2072,17,FALSE
2073,17,TRUE
2074,10,TRUE
2074,34,FALSE
2075,17,TRUE
2075,13,FALSE
2075,15,FALSE
2076,1,TRUE
2076,15,FALSE
2076,30,FALSE
2077,12,TRUE
2077,17,FALSE
2078,13,TRUE
2078,15,FALSE
2078,30,FALSE
2079,31,TRUE
2079,2,FALSE
2079,24,FALSE
2080,12,TRUE
2080,17,FALSE
2081,16,TRUE
2081,42,FALSE
2081,25,FALSE
2082,12,TRUE
2083,17,TRUE
2083,15,FALSE
2083,20,FALSE
2084,26,TRUE
2085,13,TRUE
2086,16,TRUE
2086,5,FALSE
2086,7,FALSE
2087,2,TRUE
2087,10,FALSE
2087,3,FALSE
2088,26,TRUE
2088,15,FALSE
2089,15,TRUE
2089,19,FALSE
2090,31,TRUE
2090,2,FALSE
2091,17,TRUE
2091,13,FALSE
2091,14,FALSE
2092,22,TRUE
2092,15,FALSE
2092,19,FALSE
2093,13,TRUE
2093,37,FALSE
2094,2,TRUE
2094,18,FALSE
2094,3,FALSE
2095,13,TRUE
2095,15,FALSE
2095,38,FALSE
2096,1,TRUE
2097,8,TRUE
2098,1,TRUE
2098,15,FALSE
2098,30,FALSE
2099,25,TRUE
2100,3,TRUE
2100,34,FALSE
2101,13,TRUE
2101,19,FALSE
2102,16,TRUE
2102,8,FALSE
2102,9,FALSE
2103,2,TRUE
2103,10,FALSE
2104,13,TRUE
2104,15,FALSE
2104,19,FALSE
2105,22,TRUE
2105,14,FALSE
2105,15,FALSE
2106,10,TRUE
2107,2,TRUE
2107,8,FALSE
2108,26,TRUE
2108,12,FALSE
2108,17,FALSE
2109,2,TRUE
2109,11,FALSE
2109,4,FALSE
2110,1,TRUE
2110,38,FALSE
2111,17,TRUE
2111,15,FALSE
2112,13,TRUE
2112,15,FALSE
2113,8,TRUE
2114,7,TRUE
2114,33,FALSE
2115,12,TRUE
2115,17,FALSE
2116,17,TRUE
2117,17,TRUE
2117,13,FALSE
2117,15,FALSE
2118,17,TRUE
2118,13,FALSE
2118,15,FALSE
2119,25,TRUE
2120,1,TRUE
2120,37,FALSE
2120,15,FALSE
2121,13,TRUE
2121,15,FALSE
2121,21,FALSE
2122,26,TRUE
2122,23,FALSE
2123,5,TRUE
2123,2,FALSE
2123,32,FALSE
2124,2,TRUE
2124,9,FALSE
2124,3,FALSE
2125,2,TRUE
2125,10,FALSE
2125,3,FALSE
2126,2,TRUE
2126,3,FALSE
2127,17,TRUE
2127,15,FALSE
2127,21,FALSE
2128,2,TRUE
2128,3,FALSE
2128,27,FALSE
2129,1,TRUE
2129,15,FALSE
2129,30,FALSE
2130,12,TRUE
2130,17,FALSE
2131,13,TRUE
2131,14,FALSE
2132,12,TRUE
2133,26,TRUE
2134,5,TRUE
2134,10,FALSE
2134,3,FALSE
2135,5,TRUE
2135,2,FALSE
2135,18,FALSE
2136,25,TRUE
2136,6,FALSE
2136,27,FALSE
2137,31,TRUE
2137,25,FALSE
2138,17,TRUE
2138,13,FALSE
2138,15,FALSE
2139,13,TRUE
2139,14,FALSE
2140,13,TRUE
2140,14,FALSE
2140,19,FALSE
2141,8,TRUE
2142,26,TRUE
2142,13,FALSE
2142,15,FALSE
2143,12,TRUE
2143,17,FALSE
2143,23,FALSE
2144,39,TRUE
2145,25,TRUE
2145,10,FALSE
2146,2,TRUE
2146,8,FALSE
2147,13,TRUE
2147,20,FALSE
2148,13,TRUE
2148,15,FALSE
2149,2,TRUE
2149,3,FALSE
2150,22,TRUE
2150,19,FALSE
2151,17,TRUE
2151,15,FALSE
2152,5,TRUE
2152,2,FALSE
2152,18,FALSE
2153,8,TRUE
2154,2,TRUE
2154,8,FALSE
2155,1,TRUE
2156,12,TRUE
2157,7,TRUE
2157,33,FALSE
2157,6,FALSE
2158,25,TRUE
2158,6,FALSE
2158,27,FALSE
2159,25,TRUE
2160,17,TRUE
2161,25,TRUE
2162,1,TRUE
2162,15,FALSE
2162,21,FALSE
2163,2,TRUE
2163,3,FALSE
2163,4,FALSE
2164,1,TRUE
2164,15,FALSE
2164,30,FALSE
2165,15,TRUE
2165,19,FALSE
2166,5,TRUE
2166,7,FALSE
2166,2,FALSE
2167,12,TRUE
2168,12,TRUE
2168,17,FALSE
2169,7,TRUE
2169,2,FALSE
2169,33,FALSE
2170,39,TRUE
2171,7,TRUE
2172,17,TRUE
2172,13,FALSE
2172,14,FALSE
2173,17,TRUE
2174,10,TRUE
2174,34,FALSE
2175,25,TRUE
2176,31,TRUE
2176,9,FALSE
2176,34,FALSE
2177,26,TRUE
2178,12,TRUE
2179,25,TRUE
2179,8,FALSE
2179,3,FALSE
2180,13,TRUE
2180,20,FALSE
2181,31,TRUE
2181,2,FALSE
2181,9,FALSE
2182,25,TRUE
2183,39,TRUE
2184,38,TRUE
2184,19,FALSE
2185,16,TRUE
2185,5,FALSE
2185,2,FALSE
2186,12,TRUE
2186,17,FALSE
2187,13,TRUE
2187,15,FALSE
2187,19,FALSE
2188,17,TRUE
2188,15,FALSE
2188,20,FALSE
2189,12,TRUE
2190,8,TRUE
2191,6,TRUE
2191,4,FALSE
2191,27,FALSE
2192,13,TRUE
2192,15,FALSE
2193,31,TRUE
2194,17,TRUE
2194,13,FALSE
2194,14,FALSE
2195,2,TRUE
2195,9,FALSE
2195,10,FALSE
2196,17,TRUE
2196,15,FALSE
2196,20,FALSE
2197,13,TRUE
2197,15,FALSE
2197,19,FALSE
2198,13,TRUE
2198,14,FALSE
2198,15,FALSE
2199,13,TRUE
2199,15,FALSE
2199,19,FALSE
2200,1,TRUE
2201,1,TRUE
2202,7,TRUE
2203,17,TRUE
2203,13,FALSE
2203,14,FALSE
2204,10,TRUE
2204,3,FALSE
2205,17,TRUE
2205,15,FALSE
2206,26,TRUE
2206,15,FALSE
2207,13,TRUE
2207,14,FALSE
2207,15,FALSE
2208,12,TRUE
2208,17,FALSE
2209,12,TRUE
2209,17,FALSE
2210,13,TRUE
2210,15,FALSE
2211,15,TRUE
2211,19,FALSE
2212,13,TRUE
2212,15,FALSE
2212,20,FALSE
2213,2,TRUE
2213,8,FALSE
2213,18,FALSE
2214,17,TRUE
2214,20,FALSE
2215,7,TRUE
2216,12,TRUE
2216,17,FALSE
2217,13,TRUE
2217,15,FALSE
2218,5,TRUE
2218,7,FALSE
2219,2,TRUE
2219,10,FALSE
2220,1,TRUE
2220,21,FALSE
2221,26,TRUE
2221,13,FALSE
2221,15,FALSE
2222,39,TRUE
2223,7,TRUE
2223,18,FALSE
2224,16,TRUE
2224,5,FALSE
2224,7,FALSE
2225,13,TRUE
2225,15,FALSE
2226,25,TRUE
2227,8,TRUE
2227,9,FALSE
2228,6,TRUE
2228,3,FALSE
2228,27,FALSE
2229,1,TRUE
2230,5,TRUE
2230,3,FALSE
2231,2,TRUE
2231,3,FALSE
2231,4,FALSE
2232,17,TRUE
2232,15,FALSE
2233,19,TRUE
2234,17,TRUE
2234,15,FALSE
2234,20,FALSE
2235,13,TRUE
2235,15,FALSE
2235,20,FALSE
2236,5,TRUE
2236,2,FALSE
2236,18,FALSE
2237,12,TRUE
2237,17,FALSE
2238,8,TRUE
2238,33,FALSE
2239,16,TRUE
2239,25,FALSE
2239,10,FALSE
2240,13,TRUE
2240,15,FALSE
2240,19,FALSE
2241,17,TRUE
2241,15,FALSE
2242,7,TRUE
2243,39,TRUE
2244,1,TRUE
2244,15,FALSE
2244,21,FALSE
2245,13,TRUE
2245,15,FALSE
2246,2,TRUE
2246,8,FALSE
2246,9,FALSE
2247,7,TRUE
2247,8,FALSE
2247,33,FALSE
2248,17,TRUE
2248,15,FALSE
2249,1,TRUE
2250,25,TRUE
2250,6,FALSE
2250,10,FALSE
2251,26,TRUE
2252,5,TRUE
2252,2,FALSE
2252,3,FALSE
2253,17,TRUE
2253,15,FALSE
2254,31,TRUE
2254,2,FALSE
2255,2,TRUE
2255,9,FALSE
2255,6,FALSE
2256,2,TRUE
2256,32,FALSE
2256,9,FALSE
2257,1,TRUE
2257,30,FALSE
2258,1,TRUE
2258,38,FALSE
2259,2,TRUE
2259,3,FALSE
2260,17,TRUE
2260,14,FALSE
2261,12,TRUE
2262,39,TRUE
2263,1,TRUE
2263,30,FALSE
2264,15,TRUE
2264,21,FALSE
2265,17,TRUE
2265,15,FALSE
2265,21,FALSE
2266,26,TRUE
2266,17,FALSE
2266,13,FALSE
2267,13,TRUE
2267,15,FALSE
2267,20,FALSE
2268,13,TRUE
2268,15,FALSE
2269,26,TRUE
2269,17,FALSE
2269,13,FALSE
2270,13,TRUE
2270,14,FALSE
2270,15,FALSE
2271,17,TRUE
2271,15,FALSE
2271,21,FALSE
2272,17,TRUE
2272,13,FALSE
2272,15,FALSE
2273,13,TRUE
2273,15,FALSE
2273,19,FALSE
2274,26,TRUE
2274,13,FALSE
2274,15,FALSE
2275,26,TRUE
2275,17,FALSE
2275,15,FALSE
2276,2,TRUE
2276,9,FALSE
2276,10,FALSE
2277,13,TRUE
2277,15,FALSE
2277,20,FALSE
2278,13,TRUE
2278,15,FALSE
2278,19,FALSE
2279,13,TRUE
2279,15,FALSE
2279,30,FALSE
2280,13,TRUE
2280,14,FALSE
2280,15,FALSE
2281,17,TRUE
2281,15,FALSE
2281,20,FALSE
2282,17,TRUE
2282,13,FALSE
2282,15,FALSE
2283,17,TRUE
2283,13,FALSE
2283,15,FALSE
2284,13,TRUE
2284,14,FALSE
2284,20,FALSE
2285,13,TRUE
2285,14,FALSE
2285,15,FALSE
2286,26,TRUE
2286,15,FALSE
2287,17,TRUE
2287,13,FALSE
2287,15,FALSE
2288,17,TRUE
2288,13,FALSE
2288,15,FALSE
2289,26,TRUE
2289,13,FALSE
2289,14,FALSE
2290,13,TRUE
2290,15,FALSE
2290,19,FALSE
2291,17,TRUE
2291,13,FALSE
2291,15,FALSE
2292,17,TRUE
2292,15,FALSE
2293,25,TRUE
2293,10,FALSE
2294,2,TRUE
2294,9,FALSE
2294,18,FALSE
2295,17,TRUE
2295,20,FALSE
2296,13,TRUE
2296,15,FALSE
2297,1,TRUE
2298,2,TRUE
2298,11,FALSE
2298,4,FALSE
2299,8,TRUE
2300,25,TRUE
2300,3,FALSE
2301,17,TRUE
2301,13,FALSE
2301,15,FALSE
2302,8,TRUE
2303,39,TRUE
2304,6,TRUE
2304,4,FALSE
2304,27,FALSE
2305,1,TRUE
2305,15,FALSE
2306,16,TRUE
2306,8,FALSE
2307,2,TRUE
2307,3,FALSE
2308,25,TRUE
2309,13,TRUE
2309,15,FALSE
2310,26,TRUE
2310,17,FALSE
2310,15,FALSE
2311,1,TRUE
2311,21,FALSE
2312,19,TRUE
2313,17,TRUE
2313,15,FALSE
2314,8,TRUE
2314,9,FALSE
2315,26,TRUE
2315,15,FALSE
2315,20,FALSE
2316,17,TRUE
2317,1,TRUE
2317,15,FALSE
2318,26,TRUE
2318,23,FALSE
2319,25,TRUE
2320,17,TRUE
2320,15,FALSE
2320,20,FALSE
2321,31,TRUE
2321,2,FALSE
2322,39,TRUE
2323,2,TRUE
2323,3,FALSE
2324,26,TRUE
2324,13,FALSE
2324,15,FALSE
2325,13,TRUE
2325,15,FALSE
2325,20,FALSE
2326,1,TRUE
2326,15,FALSE
2327,13,TRUE
2327,15,FALSE
2328,5,TRUE
2328,2,FALSE
2328,3,FALSE
2329,12,TRUE
2329,13,FALSE
2329,14,FALSE
2330,2,TRUE
2330,9,FALSE
2330,18,FALSE
2331,17,TRUE
2331,21,FALSE
2331,20,FALSE
2332,7,TRUE
2333,17,TRUE
2333,15,FALSE
2333,20,FALSE
2334,13,TRUE
2334,14,FALSE
2334,15,FALSE
2335,13,TRUE
2335,15,FALSE
2335,20,FALSE
2336,13,TRUE
2336,15,FALSE
2336,20,FALSE
2337,13,TRUE
2337,15,FALSE
2338,2,TRUE
2338,32,FALSE
2338,8,FALSE
2339,15,TRUE
2339,20,FALSE
2340,26,TRUE
2340,13,FALSE
2340,15,FALSE
2341,13,TRUE
2341,15,FALSE
2341,20,FALSE
2342,1,TRUE
2342,30,FALSE
2343,22,TRUE
2343,15,FALSE
2344,16,TRUE
2344,2,FALSE
2344,8,FALSE
2345,13,TRUE
2345,14,FALSE
2345,15,FALSE
2346,39,TRUE
2347,42,TRUE
2347,3,FALSE
2347,27,FALSE
2348,13,TRUE
2348,14,FALSE
2348,15,FALSE
2349,17,TRUE
2349,15,FALSE
2349,20,FALSE
2350,2,TRUE
2350,32,FALSE
2350,9,FALSE
2351,13,TRUE
2351,14,FALSE
2351,19,FALSE
2352,13,TRUE
2352,15,FALSE
2353,7,TRUE
2353,33,FALSE
2354,17,TRUE
2354,13,FALSE
2354,15,FALSE
2355,13,TRUE
2355,15,FALSE
2356,1,TRUE
2356,38,FALSE
2357,12,TRUE
2357,17,FALSE
2357,13,FALSE
2358,8,TRUE
2359,26,TRUE
2359,13,FALSE
2359,15,FALSE
2360,2,TRUE
2360,9,FALSE
2360,3,FALSE
2361,13,TRUE
2361,15,FALSE
2361,20,FALSE
2362,13,TRUE
2362,15,FALSE
2363,10,TRUE
2363,3,FALSE
2363,34,FALSE
2364,13,TRUE
2364,15,FALSE
2364,19,FALSE
2365,29,TRUE
2365,12,FALSE
2365,15,FALSE
2366,28,TRUE
2366,13,FALSE
2366,15,FALSE
2367,28,TRUE
2367,13,FALSE
2367,15,FALSE
2368,28,TRUE
2368,13,FALSE
2368,14,FALSE
2369,28,TRUE
2369,13,FALSE
2369,15,FALSE
2370,28,TRUE
2370,13,FALSE
2370,15,FALSE
2371,1,TRUE
2371,15,FALSE
2371,30,FALSE
2372,17,TRUE
2372,15,FALSE
2373,1,TRUE
2373,15,FALSE
2373,21,FALSE
2374,26,TRUE
2374,28,FALSE
2374,13,FALSE
2375,13,TRUE
2375,15,FALSE
2375,20,FALSE
2376,28,TRUE
2376,13,FALSE
2376,15,FALSE
2377,28,TRUE
2377,13,FALSE
2377,15,FALSE
2378,12,TRUE
2378,17,FALSE
2379,2,TRUE
2379,3,FALSE
2379,11,FALSE
2380,17,TRUE
2380,14,FALSE
2381,12,TRUE
2381,13,FALSE
2381,37,FALSE
2382,13,TRUE
2382,15,FALSE
2383,22,TRUE
2383,19,FALSE
2384,8,TRUE
2385,1,TRUE
2385,21,FALSE
2386,12,TRUE
2386,30,FALSE
2387,26,TRUE
2387,13,FALSE
2387,15,FALSE
2388,13,TRUE
2388,15,FALSE
2388,19,FALSE
2389,25,TRUE
2389,10,FALSE
2390,13,TRUE
2390,15,FALSE
2391,5,TRUE
2391,3,FALSE
2391,4,FALSE
2392,13,TRUE
2392,15,FALSE
2392,20,FALSE
2393,17,TRUE
2393,13,FALSE
2393,14,FALSE
2394,26,TRUE
2394,13,FALSE
2395,8,TRUE
2395,9,FALSE
2396,10,TRUE
2397,2,TRUE
2397,41,FALSE
2398,39,TRUE
2399,29,TRUE
2399,12,FALSE
2400,31,TRUE
2401,5,TRUE
2401,2,FALSE
2401,18,FALSE
2402,5,TRUE
2402,2,FALSE
2402,3,FALSE
2403,17,TRUE
2403,13,FALSE
2403,15,FALSE
2404,17,TRUE
2404,15,FALSE
2405,2,TRUE
2405,3,FALSE
2405,11,FALSE
2406,6,TRUE
2406,27,FALSE
2407,7,TRUE
2407,8,FALSE
2407,33,FALSE
2408,17,TRUE
2408,13,FALSE
2408,14,FALSE
2409,5,TRUE
2409,2,FALSE
2409,32,FALSE
2410,2,TRUE
2410,11,FALSE
2410,4,FALSE
2411,26,TRUE
2411,15,FALSE
2411,23,FALSE
2412,13,TRUE
2412,20,FALSE
2413,13,TRUE
2413,15,FALSE
2413,20,FALSE
2414,15,TRUE
2414,19,FALSE
2415,13,TRUE
2415,14,FALSE
2415,15,FALSE
2416,5,TRUE
2416,6,FALSE
2416,3,FALSE
2417,13,TRUE
2417,14,FALSE
2418,5,TRUE
2418,3,FALSE
2418,4,FALSE
2419,13,TRUE
2419,15,FALSE
2420,17,TRUE
2420,20,FALSE
2421,13,TRUE
2421,15,FALSE
2422,17,TRUE
2422,15,FALSE
2423,8,TRUE
2424,42,TRUE
2424,6,FALSE
2424,11,FALSE
2425,26,TRUE
2425,13,FALSE
2425,14,FALSE
2426,13,TRUE
2426,15,FALSE
2426,20,FALSE
2427,31,TRUE
2427,2,FALSE
2428,13,TRUE
2428,15,FALSE
2428,20,FALSE
2429,17,TRUE
2429,15,FALSE
2430,17,TRUE
2430,15,FALSE
2430,20,FALSE
2431,17,TRUE
2431,13,FALSE
2431,14,FALSE
2432,12,TRUE
2432,1,FALSE
2433,8,TRUE
2434,17,TRUE
2434,15,FALSE
2435,17,TRUE
2435,13,FALSE
2435,15,FALSE
2436,17,TRUE
2436,15,FALSE
2437,17,TRUE
2437,15,FALSE
2437,20,FALSE
2438,17,TRUE
2438,13,FALSE
2438,15,FALSE
2439,13,TRUE
2439,15,FALSE
2440,26,TRUE
2440,17,FALSE
2440,15,FALSE
2441,12,TRUE
2442,17,TRUE
2442,13,FALSE
2442,15,FALSE
2443,17,TRUE
2443,15,FALSE
2443,20,FALSE
2444,22,TRUE
2444,15,FALSE
2445,31,TRUE
2445,2,FALSE
2446,17,TRUE
2446,13,FALSE
2446,14,FALSE
2447,17,TRUE
2447,15,FALSE
2447,20,FALSE
2448,2,TRUE
2448,32,FALSE
2448,3,FALSE
2449,17,TRUE
2449,15,FALSE
2450,31,TRUE
2450,2,FALSE
2451,2,TRUE
2451,3,FALSE
2452,26,TRUE
2452,29,FALSE
2452,12,FALSE
2453,2,TRUE
2453,32,FALSE
2453,9,FALSE
2454,2,TRUE
2454,32,FALSE
2454,9,FALSE
2455,17,TRUE
2455,13,FALSE
2456,13,TRUE
2457,13,TRUE
2457,21,FALSE
2457,20,FALSE
2458,17,TRUE
2458,13,FALSE
2458,15,FALSE
2459,39,TRUE
2460,10,TRUE
2461,13,TRUE
2461,15,FALSE
2461,20,FALSE
2462,10,TRUE
2462,3,FALSE
2463,31,TRUE
2463,2,FALSE
2464,17,TRUE
2464,22,FALSE
2464,15,FALSE
2465,17,TRUE
2465,22,FALSE
2465,15,FALSE
2466,13,TRUE
2466,15,FALSE
2466,19,FALSE
2467,25,TRUE
2467,10,FALSE
2468,13,TRUE
2468,14,FALSE
2468,15,FALSE
2469,39,TRUE
2470,26,TRUE
2470,17,FALSE
2470,15,FALSE
2471,6,TRUE
2471,27,FALSE
2472,13,TRUE
2472,19,FALSE
2473,2,TRUE
2473,6,FALSE
2473,11,FALSE
2474,3,TRUE
2475,13,TRUE
2475,15,FALSE
2476,13,TRUE
2476,15,FALSE
2476,21,FALSE
2477,16,TRUE
2477,7,FALSE
2477,2,FALSE
2478,22,TRUE
2478,15,FALSE
2478,19,FALSE
2479,29,TRUE
2479,12,FALSE
2480,26,TRUE
2480,17,FALSE
2480,20,FALSE
2481,10,TRUE
2482,13,TRUE
2482,15,FALSE
2482,20,FALSE
2483,17,TRUE
2483,13,FALSE
2483,15,FALSE
2484,17,TRUE
2484,15,FALSE
2485,17,TRUE
2485,15,FALSE
2485,20,FALSE
2486,17,TRUE
2486,15,FALSE
2486,20,FALSE
2487,2,TRUE
2487,32,FALSE
2487,10,FALSE
2488,17,TRUE
2488,13,FALSE
2488,15,FALSE
2489,17,TRUE
2489,13,FALSE
2489,15,FALSE
2490,17,TRUE
2490,15,FALSE
2491,17,TRUE
2491,15,FALSE
2491,20,FALSE
2492,17,TRUE
2492,13,FALSE
2492,15,FALSE
2493,17,TRUE
2493,15,FALSE
2494,13,TRUE
2494,15,FALSE
2495,21,TRUE
2496,7,TRUE
2496,2,FALSE
2496,18,FALSE
2497,13,TRUE
2497,14,FALSE
2498,13,TRUE
2498,14,FALSE
2498,20,FALSE
2499,17,TRUE
2499,15,FALSE
2500,2,TRUE
2500,18,FALSE
2500,3,FALSE
2501,17,TRUE
2501,13,FALSE
2501,14,FALSE
2502,17,TRUE
2502,15,FALSE
2503,26,TRUE
2503,15,FALSE
2504,17,TRUE
2504,15,FALSE
2504,20,FALSE
2505,17,TRUE
2505,15,FALSE
2506,17,TRUE
2506,15,FALSE
2507,17,TRUE
2507,15,FALSE
2508,41,TRUE
2508,10,FALSE
2509,9,TRUE
2509,3,FALSE
2510,17,TRUE
2510,15,FALSE
2510,20,FALSE
2511,17,TRUE
2511,15,FALSE
2512,13,TRUE
2512,14,FALSE
2512,15,FALSE
2513,17,TRUE
2513,15,FALSE
2513,20,FALSE
2514,13,TRUE
2514,15,FALSE
2515,16,TRUE
2515,2,FALSE
2515,8,FALSE
2516,41,TRUE
2516,10,FALSE
2517,26,TRUE
2517,17,FALSE
2517,15,FALSE
2518,2,TRUE
2518,32,FALSE
2518,9,FALSE
2519,2,TRUE
2519,32,FALSE
2519,6,FALSE
2520,42,TRUE
2520,25,FALSE
2520,6,FALSE
2521,13,TRUE
2521,15,FALSE
2522,17,TRUE
2522,15,FALSE
2522,20,FALSE
2523,5,TRUE
2523,2,FALSE
2523,3,FALSE
2524,3,TRUE
2525,8,TRUE
2525,10,FALSE
2526,31,TRUE
2526,2,FALSE
2526,11,FALSE
2527,25,TRUE
2527,6,FALSE
2527,27,FALSE
2528,5,TRUE
2528,2,FALSE
2528,3,FALSE
2529,2,TRUE
2529,32,FALSE
2529,11,FALSE
2530,25,TRUE
2531,16,TRUE
2531,5,FALSE
2531,2,FALSE
2532,13,TRUE
2532,15,FALSE
2532,20,FALSE
2533,13,TRUE
2533,15,FALSE
2533,20,FALSE
2534,12,TRUE
2534,13,FALSE
2534,15,FALSE
2535,26,TRUE
2535,15,FALSE
2535,20,FALSE
2536,13,TRUE
2536,15,FALSE
2537,13,TRUE
2537,14,FALSE
2537,15,FALSE
2538,15,TRUE
2538,19,FALSE
2539,17,TRUE
2539,13,FALSE
2539,15,FALSE
2540,1,TRUE
2540,15,FALSE
2541,17,TRUE
2541,20,FALSE
2542,13,TRUE
2542,15,FALSE
2542,20,FALSE
2543,25,TRUE
2544,17,TRUE
2545,12,TRUE
2545,17,FALSE
2545,15,FALSE
2546,26,TRUE
2546,17,FALSE
2546,35,FALSE
2547,5,TRUE
2547,2,FALSE
2547,3,FALSE
2548,1,TRUE
2549,5,TRUE
2549,7,FALSE
2550,13,TRUE
2550,19,FALSE
2551,13,TRUE
2551,14,FALSE
2551,15,FALSE
2552,10,TRUE
2552,3,FALSE
2553,2,TRUE
2553,8,FALSE
2554,2,TRUE
2554,3,FALSE
2555,25,TRUE
2555,24,FALSE
2556,15,TRUE
2556,23,FALSE
2557,15,TRUE
2557,23,FALSE
2557,19,FALSE
2558,2,TRUE
2558,6,FALSE
2558,10,FALSE
2559,13,TRUE
2559,15,FALSE
2560,1,TRUE
2561,17,TRUE
2561,15,FALSE
2561,20,FALSE
2562,39,TRUE
2563,12,TRUE
2563,17,FALSE
2564,12,TRUE
2564,17,FALSE
2564,21,FALSE
2565,13,TRUE
2565,15,FALSE
2566,2,TRUE
2566,18,FALSE
2566,10,FALSE
2567,13,TRUE
2567,30,FALSE
2568,17,TRUE
2568,15,FALSE
2569,7,TRUE
2570,8,TRUE
2571,13,TRUE
2571,30,FALSE
2572,39,TRUE
2573,12,TRUE
2573,13,FALSE
2573,20,FALSE
2574,13,TRUE
2574,14,FALSE
2574,19,FALSE
2575,7,TRUE
2575,33,FALSE
2576,7,TRUE
2577,13,TRUE
2577,14,FALSE
2578,1,TRUE
2579,15,TRUE
2579,19,FALSE
2580,12,TRUE
2581,3,TRUE
2582,1,TRUE
2582,38,FALSE
2583,12,TRUE
2583,17,FALSE
2584,25,TRUE
2585,17,TRUE
2585,13,FALSE
2585,15,FALSE
2586,2,TRUE
2586,3,FALSE
2587,31,TRUE
2587,9,FALSE
2588,15,TRUE
2588,19,FALSE
2589,25,TRUE
2589,10,FALSE
2590,22,TRUE
2590,15,FALSE
2590,19,FALSE
2591,5,TRUE
2591,3,FALSE
2591,4,FALSE
2592,17,TRUE
2592,13,FALSE
2592,38,FALSE
2593,17,TRUE
2593,20,FALSE
2594,12,TRUE
2595,12,TRUE
2596,12,TRUE
2597,12,TRUE
2597,17,FALSE
2598,19,TRUE
2599,31,TRUE
2599,2,FALSE
2600,5,TRUE
2600,2,FALSE
2600,18,FALSE
2601,3,TRUE
2601,27,FALSE
2602,17,TRUE
2602,15,FALSE
2602,20,FALSE
2603,5,TRUE
2603,2,FALSE
2603,3,FALSE
2604,5,TRUE
2604,2,FALSE
2604,3,FALSE
2605,1,TRUE
2605,38,FALSE
2606,13,TRUE
2606,15,FALSE
2607,5,TRUE
2607,2,FALSE
2607,32,FALSE
2608,17,TRUE
2608,13,FALSE
2608,15,FALSE
2609,1,TRUE
2610,16,TRUE
2610,2,FALSE
2610,8,FALSE
2611,26,TRUE
2611,17,FALSE
2611,13,FALSE
2612,2,TRUE
2612,3,FALSE
2613,17,TRUE
2613,13,FALSE
2613,15,FALSE
2614,26,TRUE
2614,17,FALSE
2614,15,FALSE
2615,17,TRUE
2615,15,FALSE
2616,17,TRUE
2616,13,FALSE
2616,15,FALSE
2617,17,TRUE
2617,15,FALSE
2617,21,FALSE
2618,13,TRUE
2618,14,FALSE
2618,15,FALSE
2619,17,TRUE
2619,15,FALSE
2620,17,TRUE
2620,15,FALSE
2621,17,TRUE
2621,15,FALSE
2622,26,TRUE
2622,17,FALSE
2622,15,FALSE
2623,13,TRUE
2623,37,FALSE
2624,26,TRUE
2624,17,FALSE
2624,15,FALSE
2625,17,TRUE
2625,15,FALSE
2626,13,TRUE
2626,15,FALSE
2626,20,FALSE
2627,13,TRUE
2627,14,FALSE
2627,15,FALSE
2628,7,TRUE
2628,33,FALSE
2629,16,TRUE
2629,2,FALSE
2629,6,FALSE
2630,26,TRUE
2630,17,FALSE
2630,15,FALSE
2631,17,TRUE
2631,13,FALSE
2631,15,FALSE
2632,2,TRUE
2632,32,FALSE
2632,9,FALSE
2633,1,TRUE
2633,21,FALSE
2634,17,TRUE
2634,15,FALSE
2635,17,TRUE
2635,13,FALSE
2635,14,FALSE
2636,26,TRUE
2636,15,FALSE
2637,13,TRUE
2637,15,FALSE
2637,30,FALSE
2638,13,TRUE
2638,15,FALSE
2639,17,TRUE
2639,13,FALSE
2639,15,FALSE
2640,2,TRUE
2640,3,FALSE
2641,16,TRUE
2641,2,FALSE
2641,10,FALSE
2642,25,TRUE
2642,10,FALSE
2643,15,TRUE
2643,19,FALSE
2644,2,TRUE
2644,3,FALSE
2644,34,FALSE
2645,39,TRUE
2646,31,TRUE
2646,5,FALSE
2646,2,FALSE
2647,17,TRUE
2647,15,FALSE
2648,17,TRUE
2648,15,FALSE
2649,2,TRUE
2649,18,FALSE
2649,10,FALSE
2650,13,TRUE
2650,15,FALSE
2651,15,TRUE
2651,19,FALSE
2652,7,TRUE
2652,33,FALSE
2652,10,FALSE
2653,1,TRUE
2653,38,FALSE
2654,15,TRUE
2654,19,FALSE
2655,13,TRUE
2655,15,FALSE
2656,15,TRUE
2656,19,FALSE
2657,12,TRUE
2657,17,FALSE
2658,16,TRUE
2658,2,FALSE
2658,8,FALSE
2659,31,TRUE
2659,2,FALSE
2660,10,TRUE
2661,5,TRUE
2661,2,FALSE
2661,18,FALSE
2662,8,TRUE
2663,10,TRUE
2664,17,TRUE
2664,13,FALSE
2664,15,FALSE
2665,25,TRUE
2666,5,TRUE
2666,2,FALSE
2666,32,FALSE
2667,10,TRUE
2668,17,TRUE
2668,15,FALSE
2669,13,TRUE
2669,15,FALSE
2669,19,FALSE
2670,5,TRUE
2670,2,FALSE
2670,18,FALSE
2671,5,TRUE
2671,2,FALSE
2671,10,FALSE
2672,13,TRUE
2672,15,FALSE
2673,13,TRUE
2673,14,FALSE
2674,15,TRUE
2674,19,FALSE
2675,17,TRUE
2675,13,FALSE
2675,15,FALSE
2676,2,TRUE
2676,41,FALSE
2676,10,FALSE
2677,5,TRUE
2677,2,FALSE
2677,6,FALSE
2678,17,TRUE
2679,12,TRUE
2679,13,FALSE
2679,21,FALSE
2680,39,TRUE
2681,17,TRUE
2682,12,TRUE
2682,17,FALSE
2682,15,FALSE
2683,13,TRUE
2683,15,FALSE
2683,20,FALSE
2684,17,TRUE
2684,13,FALSE
2684,14,FALSE
2685,5,TRUE
2685,7,FALSE
2686,13,TRUE
2686,15,FALSE
2686,20,FALSE
2687,39,TRUE
2688,13,TRUE
2688,15,FALSE
2689,17,TRUE
2689,13,FALSE
2689,15,FALSE
2690,1,TRUE
2691,26,TRUE
2691,14,FALSE
2691,15,FALSE
2692,10,TRUE
2693,1,TRUE
2693,15,FALSE
2693,21,FALSE
2694,17,TRUE
2694,15,FALSE
2694,20,FALSE
2695,17,TRUE
2695,13,FALSE
2695,15,FALSE
2696,12,TRUE
2696,17,FALSE
2696,30,FALSE
2697,5,TRUE
2697,2,FALSE
2697,3,FALSE
2698,13,TRUE
2699,31,TRUE
2699,2,FALSE
2699,9,FALSE
2700,2,TRUE
2700,8,FALSE
2701,17,TRUE
2701,13,FALSE
2701,15,FALSE
2702,26,TRUE
2702,12,FALSE
2702,23,FALSE
2703,39,TRUE
2704,13,TRUE
2704,14,FALSE
2705,13,TRUE
2705,14,FALSE
2706,22,TRUE
2706,14,FALSE
2706,23,FALSE
2707,13,TRUE
2707,14,FALSE
2707,19,FALSE
2708,26,TRUE
2709,2,TRUE
2709,18,FALSE
2709,3,FALSE
2710,26,TRUE
2710,17,FALSE
2711,3,TRUE
2711,27,FALSE
2711,34,FALSE
2712,1,TRUE
2712,15,FALSE
2713,17,TRUE
2713,13,FALSE
2713,14,FALSE
2714,26,TRUE
2714,29,FALSE
2714,15,FALSE
2715,29,TRUE
2715,15,FALSE
2715,23,FALSE
2716,13,TRUE
2716,15,FALSE
2717,26,TRUE
2717,13,FALSE
2717,15,FALSE
2718,12,TRUE
2719,10,TRUE
2720,39,TRUE
2721,17,TRUE
2721,13,FALSE
2721,15,FALSE
2722,26,TRUE
2722,13,FALSE
2722,15,FALSE
2723,17,TRUE
2723,13,FALSE
2723,15,FALSE
2724,26,TRUE
2724,13,FALSE
2724,15,FALSE
2725,17,TRUE
2725,13,FALSE
2725,15,FALSE
2726,26,TRUE
2726,13,FALSE
2726,15,FALSE
2727,17,TRUE
2727,13,FALSE
2727,15,FALSE
2728,5,TRUE
2728,7,FALSE
2729,17,TRUE
2729,15,FALSE
2729,20,FALSE
2730,22,TRUE
2730,15,FALSE
2730,19,FALSE
2731,13,TRUE
2731,15,FALSE
2731,20,FALSE
2732,13,TRUE
2732,15,FALSE
2733,17,TRUE
2733,13,FALSE
2733,15,FALSE
2734,17,TRUE
2734,13,FALSE
2734,15,FALSE
2735,17,TRUE
2735,13,FALSE
2735,15,FALSE
2736,17,TRUE
2736,15,FALSE
2736,20,FALSE
2737,16,TRUE
2737,2,FALSE
2737,10,FALSE
2738,12,TRUE
2738,30,FALSE
2739,26,TRUE
2739,17,FALSE
2739,13,FALSE
2740,31,TRUE
2740,25,FALSE
2741,31,TRUE
2742,13,TRUE
2742,14,FALSE
2742,15,FALSE
2743,16,TRUE
2743,7,FALSE
2743,2,FALSE
2744,10,TRUE
2745,12,TRUE
2746,13,TRUE
2746,14,FALSE
2746,21,FALSE
2747,16,TRUE
2747,2,FALSE
2747,10,FALSE
2748,17,TRUE
2748,13,FALSE
2748,15,FALSE
2749,2,TRUE
2749,9,FALSE
2749,10,FALSE
2750,22,TRUE
2750,14,FALSE
2750,23,FALSE
2751,12,TRUE
2752,25,TRUE
2752,10,FALSE
2752,3,FALSE
2753,25,TRUE
2754,39,TRUE
2755,12,TRUE
2755,13,FALSE
2755,30,FALSE
2756,13,TRUE
2756,14,FALSE
2756,30,FALSE
2757,13,TRUE
2757,14,FALSE
2757,15,FALSE
2758,19,TRUE
2759,1,TRUE
2759,30,FALSE
2760,25,TRUE
2761,17,TRUE
2761,13,FALSE
2761,15,FALSE
2762,5,TRUE
2762,2,FALSE
2762,32,FALSE
2763,26,TRUE
2764,12,TRUE
2764,17,FALSE
2765,5,TRUE
2765,6,FALSE
2765,10,FALSE
2766,2,TRUE
2766,41,FALSE
2766,10,FALSE
2767,17,TRUE
2767,13,FALSE
2767,15,FALSE
2768,5,TRUE
2768,3,FALSE
2768,24,FALSE
2769,26,TRUE
2769,15,FALSE
2770,1,TRUE
2770,15,FALSE
2771,12,TRUE
2772,13,TRUE
2772,14,FALSE
2773,2,TRUE
2773,32,FALSE
2773,8,FALSE
2774,12,TRUE
2775,31,TRUE
2775,2,FALSE
2776,13,TRUE
2776,15,FALSE
2776,20,FALSE
2777,1,TRUE
2777,15,FALSE
2778,2,TRUE
2778,3,FALSE
2779,12,TRUE
2779,1,FALSE
2779,30,FALSE
2780,1,TRUE
2781,13,TRUE
2781,15,FALSE
2782,14,TRUE
2782,15,FALSE
2782,19,FALSE
2783,39,TRUE
2784,5,TRUE
2784,2,FALSE
2784,3,FALSE
2785,2,TRUE
2785,8,FALSE
2786,25,TRUE
2787,1,TRUE
2787,15,FALSE
2787,30,FALSE
2788,25,TRUE
2788,10,FALSE
2789,31,TRUE
2789,25,FALSE
2790,13,TRUE
2790,14,FALSE
2790,15,FALSE
2791,25,TRUE
2791,3,FALSE
2791,34,FALSE
2792,3,TRUE
2793,5,TRUE
2793,2,FALSE
2793,3,FALSE
2794,16,TRUE
2794,2,FALSE
2794,3,FALSE
2795,16,TRUE
2795,2,FALSE
2795,6,FALSE
2796,5,TRUE
2796,7,FALSE
2797,13,TRUE
2797,15,FALSE
2797,30,FALSE
2798,2,TRUE
2798,3,FALSE
2798,11,FALSE
2799,14,TRUE
2799,23,FALSE
2799,19,FALSE
2800,26,TRUE
2800,29,FALSE
2800,15,FALSE
2801,17,TRUE
2801,15,FALSE
2802,13,TRUE
2802,20,FALSE
2803,2,TRUE
2803,3,FALSE
2804,29,TRUE
2804,21,FALSE
2804,23,FALSE
2805,5,TRUE
2805,2,FALSE
2805,3,FALSE
2806,1,TRUE
2806,30,FALSE
2807,39,TRUE
2808,16,TRUE
2808,25,FALSE
2808,10,FALSE
2809,7,TRUE
2810,17,TRUE
2811,15,TRUE
2811,19,FALSE
2812,12,TRUE
2813,12,TRUE
2814,7,TRUE
2815,12,TRUE
2816,17,TRUE
2816,15,FALSE
2816,20,FALSE
2817,7,TRUE
2817,33,FALSE
2818,17,TRUE
2818,13,FALSE
2818,15,FALSE
2819,2,TRUE
2819,11,FALSE
2819,4,FALSE
2820,12,TRUE
2820,13,FALSE
2821,13,TRUE
2821,14,FALSE
2822,2,TRUE
2822,32,FALSE
2822,6,FALSE
2823,13,TRUE
2824,13,TRUE
2824,15,FALSE
2825,5,TRUE
2825,2,FALSE
2825,3,FALSE
2826,5,TRUE
2826,7,FALSE
2827,9,TRUE
2827,10,FALSE
2827,3,FALSE
2828,2,TRUE
2828,8,FALSE
2829,12,TRUE
2830,39,TRUE
2831,12,TRUE
2831,13,FALSE
2832,17,TRUE
2832,15,FALSE
2833,13,TRUE
2833,15,FALSE
2833,20,FALSE
2834,13,TRUE
2834,15,FALSE
2835,13,TRUE
2835,14,FALSE
2835,15,FALSE
2836,1,TRUE
2836,21,FALSE
2837,26,TRUE
2837,17,FALSE
2838,15,TRUE
2838,19,FALSE
2839,7,TRUE
2840,13,TRUE
2840,15,FALSE
2840,19,FALSE
2841,26,TRUE
2841,17,FALSE
2841,13,FALSE
2842,25,TRUE
2842,10,FALSE
2843,17,TRUE
2843,15,FALSE
2843,38,FALSE
2844,13,TRUE
2844,15,FALSE
2845,1,TRUE
2845,21,FALSE
2846,13,TRUE
2846,15,FALSE
2847,2,TRUE
2847,9,FALSE
2847,18,FALSE
2848,14,TRUE
2848,23,FALSE
2848,19,FALSE
2849,12,TRUE
2849,17,FALSE
2849,21,FALSE
2850,39,TRUE
2851,13,TRUE
2851,14,FALSE
2851,15,FALSE
2852,13,TRUE
2852,15,FALSE
2853,13,TRUE
2853,20,FALSE
2854,39,TRUE
2855,31,TRUE
2855,5,FALSE
2855,2,FALSE
2856,5,TRUE
2856,2,FALSE
2856,3,FALSE
2857,17,TRUE
2857,13,FALSE
2857,15,FALSE
2858,25,TRUE
2859,12,TRUE
2860,13,TRUE
2860,19,FALSE
2861,12,TRUE
2861,13,FALSE
2862,17,TRUE
2862,13,FALSE
2862,21,FALSE
2863,13,TRUE
2863,15,FALSE
2863,20,FALSE
2864,13,TRUE
2864,14,FALSE
2865,13,TRUE
2865,15,FALSE
2865,20,FALSE
2866,1,TRUE
2866,15,FALSE
2867,1,TRUE
2867,21,FALSE
2868,13,TRUE
2868,20,FALSE
2869,2,TRUE
2869,18,FALSE
2869,10,FALSE
2870,39,TRUE
2871,2,TRUE
2871,6,FALSE
2871,3,FALSE
2872,5,TRUE
2872,2,FALSE
2872,18,FALSE
2873,2,TRUE
2873,18,FALSE
2873,3,FALSE
2874,26,TRUE
2874,17,FALSE
2874,13,FALSE
2875,5,TRUE
2875,6,FALSE
2875,3,FALSE
2876,2,TRUE
2876,3,FALSE
2877,29,TRUE
2877,12,FALSE
2878,36,TRUE
2879,13,TRUE
2879,15,FALSE
2879,20,FALSE
2880,13,TRUE
2880,15,FALSE
2881,10,TRUE
2881,3,FALSE
2881,27,FALSE
2882,17,TRUE
2882,13,FALSE
2882,14,FALSE
2883,13,TRUE
2883,15,FALSE
2884,5,TRUE
2884,7,FALSE
2885,13,TRUE
2885,14,FALSE
2885,15,FALSE
2886,15,TRUE
2886,20,FALSE
2887,39,TRUE
2888,12,TRUE
2888,13,FALSE
2888,37,FALSE
2889,2,TRUE
2889,32,FALSE
2889,9,FALSE
2890,22,TRUE
2891,5,TRUE
2891,7,FALSE
2892,10,TRUE
2892,3,FALSE
2893,2,TRUE
2893,32,FALSE
2893,9,FALSE
2894,2,TRUE
2894,8,FALSE
2895,5,TRUE
2895,2,FALSE
2895,18,FALSE
2896,13,TRUE
2896,14,FALSE
2896,15,FALSE
2897,15,TRUE
2897,19,FALSE
2898,13,TRUE
2898,19,FALSE
2899,13,TRUE
2899,15,FALSE
2900,17,TRUE
2900,15,FALSE
2900,21,FALSE
2901,2,TRUE
2901,11,FALSE
2901,4,FALSE
2902,12,TRUE
2902,1,FALSE
2902,15,FALSE
2903,25,TRUE
2903,6,FALSE
2903,10,FALSE
2904,13,TRUE
2904,20,FALSE
2905,13,TRUE
2905,14,FALSE
2906,26,TRUE
2906,17,FALSE
2906,20,FALSE
2907,2,TRUE
2907,3,FALSE
2908,13,TRUE
2908,19,FALSE
2909,22,TRUE
2909,14,FALSE
2910,40,TRUE
2911,25,TRUE
2911,10,FALSE
2912,12,TRUE
2912,17,FALSE
2913,13,TRUE
2913,15,FALSE
2913,20,FALSE
2914,17,TRUE
2914,13,FALSE
2914,14,FALSE
2915,17,TRUE
2915,15,FALSE
2915,20,FALSE
2916,17,TRUE
2916,15,FALSE
2916,21,FALSE
2917,13,TRUE
2917,15,FALSE
2917,20,FALSE
2918,2,TRUE
2918,9,FALSE
2918,10,FALSE
2919,17,TRUE
2919,15,FALSE
2920,26,TRUE
2920,29,FALSE
2920,12,FALSE
2921,8,TRUE
2921,9,FALSE
2922,5,TRUE
2922,6,FALSE
2922,3,FALSE
2923,2,TRUE
2923,8,FALSE
2923,18,FALSE
2924,5,TRUE
2924,2,FALSE
2924,3,FALSE
2925,17,TRUE
2925,15,FALSE
2925,20,FALSE
2926,17,TRUE
2926,20,FALSE
2927,25,TRUE
2927,10,FALSE
2928,12,TRUE
2928,17,FALSE
2929,13,TRUE
2929,14,FALSE
2929,19,FALSE
2930,1,TRUE
2930,15,FALSE
2931,13,TRUE
2931,15,FALSE
2931,20,FALSE
2932,5,TRUE
2932,10,FALSE
2932,3,FALSE
2933,13,TRUE
2933,14,FALSE
2933,19,FALSE
2934,22,TRUE
2935,13,TRUE
2935,15,FALSE
2935,19,FALSE
2936,17,TRUE
2936,13,FALSE
2936,15,FALSE
2937,13,TRUE
2937,15,FALSE
2938,25,TRUE
2938,10,FALSE
2939,2,TRUE
2939,9,FALSE
2939,3,FALSE
2940,13,TRUE
2940,14,FALSE
2941,13,TRUE
2941,15,FALSE
2941,30,FALSE
2942,6,TRUE
2942,3,FALSE
2942,4,FALSE
2943,2,TRUE
2943,32,FALSE
2943,9,FALSE
2944,13,TRUE
2945,5,TRUE
2945,7,FALSE
2946,31,TRUE
2946,2,FALSE
2947,1,TRUE
2948,5,TRUE
2948,6,FALSE
2949,5,TRUE
2949,7,FALSE
2950,1,TRUE
2950,30,FALSE
2951,26,TRUE
2951,23,FALSE
2952,17,TRUE
2952,37,FALSE
2952,20,FALSE
2953,39,TRUE
2954,25,TRUE
2954,10,FALSE
2955,15,TRUE
2955,19,FALSE
2956,13,TRUE
2956,15,FALSE
2956,19,FALSE
2957,17,TRUE
2957,13,FALSE
2957,14,FALSE
2958,28,TRUE
2958,13,FALSE
2958,15,FALSE
2959,31,TRUE
2959,2,FALSE
2960,2,TRUE
2960,32,FALSE
2960,3,FALSE
2961,40,TRUE
2962,17,TRUE
2962,15,FALSE
2962,20,FALSE
2963,25,TRUE
2963,6,FALSE
2964,12,TRUE
2964,17,FALSE
2964,15,FALSE
2965,40,TRUE
2966,31,TRUE
2966,2,FALSE
2967,31,TRUE
2967,2,FALSE
2968,25,TRUE
2969,26,TRUE
2969,22,FALSE
2969,23,FALSE
2970,13,TRUE
2970,15,FALSE
2970,21,FALSE
2971,13,TRUE
2971,15,FALSE
2972,2,TRUE
2972,18,FALSE
2972,6,FALSE
2973,13,TRUE
2973,15,FALSE
2974,17,TRUE
2974,13,FALSE
2974,14,FALSE
2975,2,TRUE
2975,9,FALSE
2975,3,FALSE
2976,1,TRUE
2976,21,FALSE
2977,5,TRUE
2977,2,FALSE
2977,18,FALSE
2978,2,TRUE
2978,8,FALSE
2978,9,FALSE
2979,39,TRUE
2980,16,TRUE
2980,5,FALSE
2980,2,FALSE
2981,2,TRUE
2981,8,FALSE
2981,9,FALSE
2982,13,TRUE
2982,15,FALSE
2983,2,TRUE
2983,9,FALSE
2983,10,FALSE
2984,7,TRUE
2984,33,FALSE
2985,2,TRUE
2985,3,FALSE
2985,27,FALSE
2986,17,TRUE
2986,15,FALSE
2986,20,FALSE
2987,17,TRUE
2987,13,FALSE
2987,14,FALSE
2988,39,TRUE
2989,13,TRUE
2989,14,FALSE
2990,13,TRUE
2990,14,FALSE
2990,15,FALSE
2991,15,TRUE
2991,19,FALSE
2992,7,TRUE
2993,2,TRUE
2993,3,FALSE
2994,8,TRUE
2995,10,TRUE
2995,3,FALSE
2996,17,TRUE
2996,15,FALSE
2996,20,FALSE
2997,39,TRUE
2998,6,TRUE
2998,3,FALSE
2998,11,FALSE
2999,31,TRUE
2999,2,FALSE
3000,2,TRUE
3000,3,FALSE
3000,4,FALSE
3001,7,TRUE
3001,33,FALSE
3002,2,TRUE
3002,9,FALSE
3002,18,FALSE
3003,17,TRUE
3003,13,FALSE
3003,15,FALSE
3004,39,TRUE
3005,17,TRUE
3005,13,FALSE
3005,14,FALSE
3006,25,TRUE
3006,6,FALSE
3006,27,FALSE
3007,17,TRUE
3007,13,FALSE
3007,15,FALSE
3008,13,TRUE
3008,14,FALSE
3009,13,TRUE
3009,14,FALSE
3010,13,TRUE
3010,19,FALSE
3011,2,TRUE
3011,3,FALSE
3011,11,FALSE
3012,7,TRUE
3012,2,FALSE
3013,2,TRUE
3013,8,FALSE
3014,8,TRUE
3015,22,TRUE
3016,2,TRUE
3016,3,FALSE
3016,27,FALSE
3017,12,TRUE
3017,17,FALSE
3018,13,TRUE
3018,14,FALSE
3019,13,TRUE
3019,15,FALSE
3019,19,FALSE
3020,26,TRUE
3020,29,FALSE
3020,12,FALSE
3021,31,TRUE
3021,2,FALSE
3022,13,TRUE
3023,13,TRUE
3023,14,FALSE
3023,15,FALSE
3024,13,TRUE
3024,15,FALSE
3024,19,FALSE
3025,5,TRUE
3025,7,FALSE
3026,15,TRUE
3026,23,FALSE
3026,19,FALSE
3027,26,TRUE
3027,14,FALSE
3028,39,TRUE
3029,25,TRUE
3030,26,TRUE
3030,13,FALSE
3030,15,FALSE
3031,25,TRUE
3031,10,FALSE
3031,3,FALSE
3032,1,TRUE
3033,17,TRUE
3033,13,FALSE
3033,15,FALSE
3034,10,TRUE
3034,3,FALSE
3035,16,TRUE
3035,5,FALSE
3035,2,FALSE
3036,25,TRUE
3036,10,FALSE
3037,5,TRUE
3037,2,FALSE
3037,3,FALSE
3038,5,TRUE
3038,6,FALSE
3038,10,FALSE
3039,26,TRUE
3039,13,FALSE
3039,14,FALSE
3040,25,TRUE
3040,10,FALSE
3041,2,TRUE
3041,8,FALSE
3041,10,FALSE
3042,26,TRUE
3042,17,FALSE
3043,7,TRUE
3043,8,FALSE
3043,34,FALSE
3044,13,TRUE
3044,14,FALSE
3045,17,TRUE
3045,13,FALSE
3045,15,FALSE
3046,16,TRUE
3046,2,FALSE
3046,3,FALSE
3047,17,TRUE
3047,15,FALSE
3047,20,FALSE
3048,2,TRUE
3048,3,FALSE
3048,34,FALSE
3049,13,TRUE
3049,15,FALSE
3049,20,FALSE
3050,7,TRUE
3050,33,FALSE
3051,2,TRUE
3051,6,FALSE
3051,3,FALSE
3052,13,TRUE
3052,15,FALSE
3053,2,TRUE
3053,32,FALSE
3053,9,FALSE
3054,5,TRUE
3054,2,FALSE
3054,8,FALSE
3055,17,TRUE
3055,15,FALSE
3056,31,TRUE
3056,34,FALSE
3057,25,TRUE
3058,12,TRUE
3058,17,FALSE
3059,12,TRUE
3059,17,FALSE
3060,12,TRUE
3060,17,FALSE
3061,22,TRUE
3061,15,FALSE
3061,19,FALSE
3062,39,TRUE
3063,12,TRUE
3063,17,FALSE
3063,23,FALSE
3064,2,TRUE
3064,32,FALSE
3064,9,FALSE
3065,12,TRUE
3065,17,FALSE
3065,21,FALSE
3066,3,TRUE
3066,24,FALSE
3067,25,TRUE
3068,5,TRUE
3068,7,FALSE
3068,2,FALSE
3069,13,TRUE
3069,15,FALSE
3069,23,FALSE
3070,29,TRUE
3070,12,FALSE
3071,13,TRUE
3071,15,FALSE
3071,20,FALSE
3072,2,TRUE
3072,32,FALSE
3072,9,FALSE
3073,26,TRUE
3074,17,TRUE
3075,2,TRUE
3075,32,FALSE
3075,3,FALSE
3076,3,TRUE
3077,2,TRUE
3077,32,FALSE
3077,9,FALSE
3078,22,TRUE
3078,15,FALSE
3078,19,FALSE
3079,13,TRUE
3079,14,FALSE
3079,15,FALSE
3080,7,TRUE
3080,2,FALSE
3081,17,TRUE
3081,30,FALSE
3082,17,TRUE
3083,2,TRUE
3083,3,FALSE
3083,24,FALSE
3084,25,TRUE
3084,32,FALSE
3085,25,TRUE
3086,25,TRUE
3086,32,FALSE
3087,41,TRUE
3087,10,FALSE
3088,2,TRUE
3088,3,FALSE
3089,31,TRUE
3089,2,FALSE
3090,13,TRUE
3090,15,FALSE
3091,26,TRUE
3091,17,FALSE
3091,15,FALSE
3092,1,TRUE
3092,15,FALSE
3093,7,TRUE
3094,17,TRUE
3094,15,FALSE
3095,13,TRUE
3095,14,FALSE
3095,15,FALSE
3096,2,TRUE
3096,3,FALSE
3097,5,TRUE
3097,9,FALSE
3097,3,FALSE
3098,26,TRUE
3098,22,FALSE
3098,23,FALSE
3099,29,TRUE
3099,20,FALSE
3100,12,TRUE
3100,17,FALSE
3101,26,TRUE
3101,13,FALSE
3102,26,TRUE
3102,17,FALSE
3102,15,FALSE
3103,22,TRUE
3103,23,FALSE
3103,19,FALSE
3104,31,TRUE
3104,2,FALSE
3104,34,FALSE
3105,17,TRUE
3105,15,FALSE
3105,21,FALSE
3106,12,TRUE
3106,17,FALSE
3107,6,TRUE
3107,3,FALSE
3107,27,FALSE
3108,19,TRUE
3109,10,TRUE
3109,3,FALSE
3110,12,TRUE
3110,30,FALSE
3111,17,TRUE
3111,15,FALSE
3112,2,TRUE
3112,3,FALSE
3113,13,TRUE
3113,15,FALSE
3113,20,FALSE
3114,15,TRUE
3114,21,FALSE
3115,13,TRUE
3115,15,FALSE
3115,20,FALSE
3116,13,TRUE
3116,15,FALSE
3117,13,TRUE
3118,2,TRUE
3118,6,FALSE
3118,3,FALSE
3119,1,TRUE
3119,15,FALSE
3120,2,TRUE
3120,9,FALSE
3120,3,FALSE
3121,5,TRUE
3121,2,FALSE
3121,3,FALSE
3122,5,TRUE
3122,7,FALSE
3123,9,TRUE
3123,3,FALSE
3124,39,TRUE
3125,17,TRUE
3125,13,FALSE
3125,14,FALSE
3126,13,TRUE
3126,14,FALSE
3126,15,FALSE
3127,17,TRUE
3127,13,FALSE
3127,15,FALSE
3128,2,TRUE
3128,32,FALSE
3128,9,FALSE
3129,25,TRUE
3129,32,FALSE
3130,2,TRUE
3130,32,FALSE
3130,9,FALSE
3131,2,TRUE
3131,3,FALSE
3132,17,TRUE
3132,13,FALSE
3132,15,FALSE
3133,17,TRUE
3133,13,FALSE
3133,15,FALSE
3134,26,TRUE
3134,15,FALSE
3135,26,TRUE
3135,15,FALSE
3135,21,FALSE
3136,26,TRUE
3136,17,FALSE
3136,13,FALSE
3137,15,TRUE
3137,19,FALSE
3138,31,TRUE
3138,2,FALSE
3139,12,TRUE
3139,17,FALSE
3139,15,FALSE
3140,17,TRUE
3140,13,FALSE
3140,15,FALSE
3141,17,TRUE
3141,15,FALSE
3141,20,FALSE
3142,13,TRUE
3142,15,FALSE
3142,19,FALSE
3143,26,TRUE
3143,13,FALSE
3143,15,FALSE
3144,13,TRUE
3144,15,FALSE
3144,20,FALSE
3145,17,TRUE
3145,13,FALSE
3145,15,FALSE
3146,13,TRUE
3146,15,FALSE
3146,21,FALSE
3147,25,TRUE
3147,10,FALSE
3148,13,TRUE
3148,15,FALSE
3148,19,FALSE
3149,25,TRUE
3149,10,FALSE
3150,17,TRUE
3150,13,FALSE
3150,15,FALSE
3151,26,TRUE
3151,13,FALSE
3152,17,TRUE
3152,15,FALSE
3153,17,TRUE
3153,15,FALSE
3153,20,FALSE
3154,17,TRUE
3154,15,FALSE
3154,20,FALSE
3155,13,TRUE
3155,15,FALSE
3155,20,FALSE
3156,15,TRUE
3156,19,FALSE
3157,15,TRUE
3157,19,FALSE
3158,39,TRUE
3159,13,TRUE
3159,15,FALSE
3160,17,TRUE
3160,15,FALSE
3161,39,TRUE
3162,12,TRUE
3162,17,FALSE
3163,22,TRUE
3163,14,FALSE
3164,26,TRUE
3164,15,FALSE
3165,13,TRUE
3165,37,FALSE
3165,15,FALSE
3166,10,TRUE
3167,17,TRUE
3167,15,FALSE
3168,13,TRUE
3168,15,FALSE
3169,10,TRUE
3170,13,TRUE
3171,26,TRUE
3171,29,FALSE
3171,15,FALSE
3172,13,TRUE
3172,15,FALSE
3173,12,TRUE
3174,31,TRUE
3174,2,FALSE
3174,9,FALSE
3175,2,TRUE
3175,3,FALSE
3175,4,FALSE
3176,5,TRUE
3176,7,FALSE
3177,2,TRUE
3177,18,FALSE
3177,3,FALSE
3178,5,TRUE
3178,2,FALSE
3178,9,FALSE
3179,17,TRUE
3179,13,FALSE
3179,15,FALSE
3180,17,TRUE
3180,13,FALSE
3180,15,FALSE
3181,12,TRUE
3181,13,FALSE
3181,20,FALSE
3182,1,TRUE
3183,6,TRUE
3183,3,FALSE
3183,11,FALSE
3184,10,TRUE
3185,2,TRUE
3185,3,FALSE
3185,34,FALSE
3186,2,TRUE
3186,9,FALSE
3186,18,FALSE
3187,39,TRUE
3188,11,TRUE
3188,4,FALSE
3188,27,FALSE
3189,12,TRUE
3189,17,FALSE
3189,21,FALSE
3190,17,TRUE
3190,15,FALSE
3190,20,FALSE
3191,13,TRUE
3191,19,FALSE
3192,13,TRUE
3192,15,FALSE
3192,19,FALSE
3193,10,TRUE
3193,3,FALSE
3194,17,TRUE
3194,15,FALSE
3194,20,FALSE
3195,1,TRUE
3195,15,FALSE
3196,13,TRUE
3196,15,FALSE
3196,20,FALSE
3197,13,TRUE
3197,15,FALSE
3197,20,FALSE
3198,17,TRUE
3198,13,FALSE
3198,15,FALSE
3199,13,TRUE
3199,15,FALSE
3199,20,FALSE
3200,25,TRUE
3200,32,FALSE
3200,10,FALSE
3201,12,TRUE
3201,13,FALSE
3201,15,FALSE
3202,17,TRUE
3202,13,FALSE
3202,15,FALSE
3203,1,TRUE
3203,15,FALSE
3203,21,FALSE
3204,13,TRUE
3204,15,FALSE
3204,19,FALSE
3205,2,TRUE
3205,32,FALSE
3205,9,FALSE
3206,1,TRUE
3206,15,FALSE
3207,17,TRUE
3207,13,FALSE
3207,15,FALSE
3208,13,TRUE
3208,14,FALSE
3208,15,FALSE
3209,25,TRUE
3210,17,TRUE
3210,15,FALSE
3210,19,FALSE
3211,13,TRUE
3211,14,FALSE
3211,15,FALSE
3212,13,TRUE
3212,15,FALSE
3213,5,TRUE
3213,2,FALSE
3213,18,FALSE
3214,17,TRUE
3214,15,FALSE
3215,17,TRUE
3215,14,FALSE
3215,15,FALSE
3216,26,TRUE
3216,17,FALSE
3216,15,FALSE
3217,2,TRUE
3217,9,FALSE
3217,10,FALSE
3218,13,TRUE
3218,15,FALSE
3218,19,FALSE
3219,12,TRUE
3219,13,FALSE
3220,31,TRUE
3220,2,FALSE
3221,2,TRUE
3221,41,FALSE
3221,10,FALSE
3222,10,TRUE
3223,2,TRUE
3223,10,FALSE
3223,3,FALSE
3224,26,TRUE
3224,13,FALSE
3225,17,TRUE
3225,15,FALSE
3225,20,FALSE
3226,12,TRUE
3226,17,FALSE
3227,13,TRUE
3227,14,FALSE
3228,13,TRUE
3229,39,TRUE
3230,12,TRUE
3231,5,TRUE
3231,2,FALSE
3231,3,FALSE
3232,12,TRUE
3233,2,TRUE
3233,18,FALSE
3233,41,FALSE
3234,26,TRUE
3234,13,FALSE
3234,15,FALSE
3235,1,TRUE
3235,15,FALSE
3236,13,TRUE
3236,19,FALSE
3237,2,TRUE
3237,10,FALSE
3237,27,FALSE
3238,13,TRUE
3238,14,FALSE
3238,15,FALSE
3239,3,TRUE
3240,26,TRUE
3240,29,FALSE
3240,15,FALSE
3241,39,TRUE
3242,8,TRUE
3243,5,TRUE
3243,7,FALSE
3244,2,TRUE
3244,10,FALSE
3244,3,FALSE
3245,1,TRUE
3245,30,FALSE
3246,2,TRUE
3246,8,FALSE
3247,25,TRUE
3247,6,FALSE
3247,27,FALSE
3248,25,TRUE
3248,10,FALSE
3249,12,TRUE
3249,17,FALSE
3249,20,FALSE
3250,2,TRUE
3250,10,FALSE
3250,3,FALSE
3251,1,TRUE
3252,13,TRUE
3252,15,FALSE
3252,20,FALSE
3253,2,TRUE
3253,3,FALSE
3254,1,TRUE
3254,15,FALSE
3254,30,FALSE
3255,13,TRUE
3255,14,FALSE
3255,15,FALSE
3256,5,TRUE
3256,7,FALSE
3256,2,FALSE
3257,39,TRUE
3258,2,TRUE
3258,9,FALSE
3258,10,FALSE
3259,2,TRUE
3259,3,FALSE
3259,34,FALSE
3260,26,TRUE
3260,17,FALSE
3260,15,FALSE
3261,39,TRUE
3262,13,TRUE
3262,15,FALSE
3263,22,TRUE
3263,14,FALSE
3264,2,TRUE
3264,9,FALSE
3265,13,TRUE
3265,20,FALSE
3266,1,TRUE
3266,15,FALSE
3267,12,TRUE
3267,21,FALSE
3268,26,TRUE
3268,13,FALSE
3268,15,FALSE
3269,17,TRUE
3269,14,FALSE
3269,15,FALSE
3270,8,TRUE
3271,2,TRUE
3271,32,FALSE
3271,9,FALSE
3272,31,TRUE
3272,34,FALSE
3273,29,TRUE
3273,21,FALSE
3274,12,TRUE
3274,17,FALSE
3275,2,TRUE
3275,9,FALSE
3276,25,TRUE
3277,2,TRUE
3277,9,FALSE
3277,3,FALSE
3278,2,TRUE
3278,32,FALSE
3278,9,FALSE
3279,1,TRUE
3279,15,FALSE
3280,5,TRUE
3280,2,FALSE
3280,18,FALSE
3281,29,TRUE
3281,15,FALSE
3281,20,FALSE
3282,2,TRUE
3282,6,FALSE
3282,3,FALSE
3283,7,TRUE
3283,8,FALSE
3284,5,TRUE
3284,2,FALSE
3284,3,FALSE
3285,2,TRUE
3285,9,FALSE
3285,6,FALSE
3286,39,TRUE
3287,2,TRUE
3287,9,FALSE
3287,10,FALSE
3288,7,TRUE
3288,18,FALSE
3289,2,TRUE
3289,32,FALSE
3289,3,FALSE
3290,39,TRUE
3291,13,TRUE
3291,14,FALSE
3291,38,FALSE
3292,2,TRUE
3292,9,FALSE
3292,34,FALSE
3293,1,TRUE
3294,2,TRUE
3294,9,FALSE
3294,10,FALSE
3295,16,TRUE
3295,7,FALSE
3295,2,FALSE
3296,25,TRUE
3296,6,FALSE
3296,10,FALSE
3297,17,TRUE
3297,13,FALSE
3297,38,FALSE
3298,26,TRUE
3298,13,FALSE
3298,15,FALSE
3299,5,TRUE
3299,2,FALSE
3299,18,FALSE
3300,15,TRUE
3300,19,FALSE
3301,13,TRUE
3302,5,TRUE
3302,2,FALSE
3302,3,FALSE
3303,26,TRUE
3303,13,FALSE
3303,15,FALSE
3304,12,TRUE
3304,17,FALSE
3304,21,FALSE
3305,25,TRUE
3305,10,FALSE
3306,39,TRUE
3307,16,TRUE
3307,2,FALSE
3307,10,FALSE
3308,17,TRUE
3308,13,FALSE
3308,14,FALSE
3309,13,TRUE
3309,15,FALSE
3309,20,FALSE
3310,17,TRUE
3311,16,TRUE
3311,2,FALSE
3311,10,FALSE
3312,1,TRUE
3313,13,TRUE
3313,15,FALSE
3313,19,FALSE
3314,5,TRUE
3314,7,FALSE
3315,40,TRUE
3316,12,TRUE
3316,17,FALSE
3317,25,TRUE
3317,10,FALSE
3318,12,TRUE
3318,17,FALSE
3318,21,FALSE
3319,12,TRUE
3320,12,TRUE
3320,17,FALSE
3321,12,TRUE
3321,17,FALSE
3322,12,TRUE
3323,12,TRUE
3323,17,FALSE
3324,12,TRUE
3324,17,FALSE
3325,12,TRUE
3325,17,FALSE
3326,25,TRUE
3326,10,FALSE
3327,17,TRUE
3327,15,FALSE
3328,7,TRUE
3328,2,FALSE
3328,33,FALSE
3329,5,TRUE
3329,2,FALSE
3329,3,FALSE
3330,13,TRUE
3331,2,TRUE
3331,8,FALSE
3331,10,FALSE
3332,13,TRUE
3333,17,TRUE
3334,31,TRUE
3334,34,FALSE
3335,26,TRUE
3335,15,FALSE
3336,1,TRUE
3337,31,TRUE
3337,2,FALSE
3337,34,FALSE
3338,12,TRUE
3338,13,FALSE
3338,20,FALSE
3339,12,TRUE
3339,17,FALSE
3339,20,FALSE
3340,31,TRUE
3340,9,FALSE
3340,34,FALSE
3341,31,TRUE
3341,9,FALSE
3342,31,TRUE
3342,2,FALSE
3343,2,TRUE
3343,8,FALSE
3344,12,TRUE
3344,17,FALSE
3344,20,FALSE
3345,8,TRUE
3346,25,TRUE
3347,40,TRUE
3348,13,TRUE
3349,13,TRUE
3349,15,FALSE
3350,1,TRUE
3350,15,FALSE
3351,12,TRUE
3352,2,TRUE
3352,18,FALSE
3352,3,FALSE
3353,2,TRUE
3353,3,FALSE
3353,4,FALSE
3354,1,TRUE
3354,15,FALSE
3354,21,FALSE
3355,39,TRUE
3356,31,TRUE
3356,2,FALSE
3357,5,TRUE
3357,2,FALSE
3357,6,FALSE
3358,5,TRUE
3358,2,FALSE
3358,3,FALSE
3359,2,TRUE
3359,32,FALSE
3359,9,FALSE
3360,13,TRUE
3360,15,FALSE
3360,20,FALSE
3361,2,TRUE
3361,32,FALSE
3361,9,FALSE
3362,5,TRUE
3362,2,FALSE
3362,3,FALSE
3363,39,TRUE
3364,7,TRUE
3364,41,FALSE
3365,1,TRUE
3365,15,FALSE
3366,1,TRUE
3366,15,FALSE
3367,1,TRUE
3367,15,FALSE
3367,30,FALSE
3368,2,TRUE
3368,9,FALSE
3368,34,FALSE
3369,2,TRUE
3369,9,FALSE
3369,34,FALSE
3370,10,TRUE
3371,5,TRUE
3371,2,FALSE
3371,3,FALSE
3372,13,TRUE
3372,15,FALSE
3372,19,FALSE
3373,17,TRUE
3373,13,FALSE
3374,5,TRUE
3374,2,FALSE
3374,18,FALSE
3375,1,TRUE
3376,5,TRUE
3376,2,FALSE
3376,18,FALSE
3377,15,TRUE
3378,2,TRUE
3378,8,FALSE
3379,2,TRUE
3379,8,FALSE
3379,18,FALSE
3380,22,TRUE
3380,14,FALSE
3380,19,FALSE
3381,17,TRUE
3381,13,FALSE
3381,15,FALSE
3382,2,TRUE
3382,6,FALSE
3382,4,FALSE
3383,6,TRUE
3383,10,FALSE
3383,11,FALSE
3384,1,TRUE
3384,21,FALSE
3385,22,TRUE
3385,15,FALSE
3386,7,TRUE
3387,1,TRUE
3388,26,TRUE
3388,15,FALSE
3389,1,TRUE
3389,39,FALSE
3390,26,TRUE
3390,17,FALSE
3390,14,FALSE
3391,12,TRUE
3391,17,FALSE
3392,13,TRUE
3392,15,FALSE
3392,19,FALSE
3393,17,TRUE
3393,15,FALSE
3393,20,FALSE
3394,25,TRUE
3395,12,TRUE
3396,12,TRUE
3397,12,TRUE
3398,12,TRUE
3399,22,TRUE
3400,13,TRUE
3400,15,FALSE
3401,16,TRUE
3401,2,FALSE
3401,8,FALSE
3402,16,TRUE
3402,25,FALSE
3403,17,TRUE
3403,15,FALSE
3403,20,FALSE
3404,25,TRUE
3404,10,FALSE
3405,25,TRUE
3405,32,FALSE
3406,17,TRUE
3406,13,FALSE
3406,15,FALSE
3407,25,TRUE
3408,26,TRUE
3408,13,FALSE
3408,15,FALSE
3409,1,TRUE
3410,17,TRUE
3410,13,FALSE
3411,2,TRUE
3411,10,FALSE
3412,13,TRUE
3412,15,FALSE
3413,17,TRUE
3413,13,FALSE
3413,15,FALSE
3414,13,TRUE
3414,37,FALSE
3414,15,FALSE
3415,5,TRUE
3415,2,FALSE
3415,6,FALSE
3416,25,TRUE
3416,24,FALSE
3417,2,TRUE
3417,32,FALSE
3417,9,FALSE
3418,1,TRUE
3419,1,TRUE
3420,39,TRUE
3421,2,TRUE
3421,32,FALSE
3421,9,FALSE
3422,22,TRUE
3423,1,TRUE
3423,30,FALSE
3424,5,TRUE
3424,2,FALSE
3424,3,FALSE
3425,39,TRUE
3426,13,TRUE
3426,15,FALSE
3427,5,TRUE
3427,2,FALSE
3427,32,FALSE
3428,17,TRUE
3428,15,FALSE
3428,20,FALSE
3429,13,TRUE
3429,19,FALSE
3430,19,TRUE
3431,10,TRUE
3431,3,FALSE
3431,34,FALSE
3432,13,TRUE
3432,15,FALSE
3433,13,TRUE
3433,15,FALSE
3433,19,FALSE
3434,2,TRUE
3434,9,FALSE
3434,10,FALSE
3435,22,TRUE
3435,15,FALSE
3436,31,TRUE
3436,25,FALSE
3437,15,TRUE
3437,21,FALSE
3438,31,TRUE
3438,2,FALSE
3439,13,TRUE
3439,20,FALSE
3440,13,TRUE
3440,19,FALSE
3441,8,TRUE
3442,39,TRUE
3443,12,TRUE
3443,17,FALSE
3444,13,TRUE
3444,15,FALSE
3444,20,FALSE
3445,25,TRUE
3445,18,FALSE
3446,2,TRUE
3446,32,FALSE
3446,6,FALSE
3447,13,TRUE
3447,14,FALSE
3447,15,FALSE
3448,1,TRUE
3449,17,TRUE
3449,15,FALSE
3449,20,FALSE
3450,16,TRUE
3450,25,FALSE
3450,24,FALSE
3451,22,TRUE
3451,19,FALSE
3452,12,TRUE
3452,17,FALSE
3453,16,TRUE
3453,5,FALSE
3453,2,FALSE
3454,25,TRUE
3454,6,FALSE
3454,3,FALSE
3455,7,TRUE
3455,33,FALSE
3456,25,TRUE
3457,12,TRUE
3458,31,TRUE
3458,5,FALSE
3459,7,TRUE
3460,17,TRUE
3460,15,FALSE
3460,20,FALSE
3461,1,TRUE
3462,2,TRUE
3462,32,FALSE
3462,9,FALSE
3463,2,TRUE
3463,32,FALSE
3463,9,FALSE
3464,2,TRUE
3464,9,FALSE
3464,10,FALSE
3465,2,TRUE
3465,10,FALSE
3466,13,TRUE
3466,15,FALSE
3466,20,FALSE
3467,2,TRUE
3467,10,FALSE
3467,3,FALSE
3468,2,TRUE
3468,10,FALSE
3469,1,TRUE
3469,15,FALSE
3469,30,FALSE
3470,12,TRUE
3471,25,TRUE
3471,32,FALSE
3472,39,TRUE
3473,12,TRUE
3473,17,FALSE
3474,2,TRUE
3474,32,FALSE
3474,9,FALSE
3475,2,TRUE
3475,32,FALSE
3475,9,FALSE
3476,12,TRUE
3476,17,FALSE
3477,17,TRUE
3477,13,FALSE
3477,14,FALSE
3478,5,TRUE
3478,6,FALSE
3478,3,FALSE
3479,39,TRUE
3480,1,TRUE
3480,15,FALSE
3481,13,TRUE
3481,15,FALSE
3482,2,TRUE
3482,6,FALSE
3482,3,FALSE
3483,17,TRUE
3483,15,FALSE
3484,5,TRUE
3484,2,FALSE
3484,18,FALSE
3485,13,TRUE
3485,23,FALSE
3485,19,FALSE
3486,29,TRUE
3486,21,FALSE
3486,23,FALSE
3487,13,TRUE
3487,15,FALSE
3487,20,FALSE
3488,26,TRUE
3488,13,FALSE
3488,15,FALSE
3489,5,TRUE
3489,2,FALSE
3489,18,FALSE
3490,7,TRUE
3491,1,TRUE
3491,15,FALSE
3492,2,TRUE
3492,3,FALSE
3492,11,FALSE
3493,17,TRUE
3493,15,FALSE
3493,21,FALSE
3494,17,TRUE
3494,15,FALSE
3494,21,FALSE
3495,26,TRUE
3496,39,TRUE
3497,17,TRUE
3497,13,FALSE
3497,15,FALSE
3498,17,TRUE
3498,14,FALSE
3498,15,FALSE
3499,13,TRUE
3499,14,FALSE
3499,15,FALSE
3500,2,TRUE
3500,32,FALSE
3500,6,FALSE
3501,17,TRUE
3502,5,TRUE
3502,2,FALSE
3502,3,FALSE
3503,16,TRUE
3503,5,FALSE
3503,2,FALSE
3504,16,TRUE
3504,5,FALSE
3504,2,FALSE
3505,8,TRUE
3506,7,TRUE
3506,33,FALSE
3507,2,TRUE
3507,10,FALSE
3507,3,FALSE
3508,17,TRUE
3508,15,FALSE
3509,12,TRUE
3510,13,TRUE
3510,15,FALSE
3510,20,FALSE
3511,2,TRUE
3511,32,FALSE
3511,9,FALSE
3512,26,TRUE
3513,39,TRUE
3514,1,TRUE
3514,15,FALSE
3514,21,FALSE
3515,1,TRUE
3516,5,TRUE
3516,7,FALSE
3517,17,TRUE
3517,15,FALSE
3517,21,FALSE
3518,1,TRUE
3518,15,FALSE
3519,1,TRUE
3520,31,TRUE
3520,2,FALSE
3520,11,FALSE
3521,17,TRUE
3521,15,FALSE
3522,2,TRUE
3522,3,FALSE
3522,11,FALSE
3523,13,TRUE
3523,15,FALSE
3523,20,FALSE
3524,12,TRUE
3524,17,FALSE
3524,20,FALSE
3525,16,TRUE
3525,5,FALSE
3525,2,FALSE
3526,5,TRUE
3526,3,FALSE
3527,6,TRUE
3527,3,FALSE
3527,27,FALSE
3528,7,TRUE
3528,33,FALSE
3529,39,TRUE
3530,1,TRUE
3530,15,FALSE
3531,13,TRUE
3531,15,FALSE
3531,19,FALSE
3532,17,TRUE
3532,13,FALSE
3532,14,FALSE
3533,17,TRUE
3533,14,FALSE
3533,15,FALSE
3534,17,TRUE
3534,15,FALSE
3534,20,FALSE
3535,2,TRUE
3535,3,FALSE
3535,24,FALSE
3536,1,TRUE
3537,13,TRUE
3537,14,FALSE
3537,15,FALSE
3538,17,TRUE
3538,13,FALSE
3538,15,FALSE
3539,1,TRUE
3539,15,FALSE
3540,25,TRUE
3541,7,TRUE
3541,33,FALSE
3542,31,TRUE
3542,2,FALSE
3543,13,TRUE
3543,14,FALSE
3543,15,FALSE
3544,16,TRUE
3544,5,FALSE
3544,7,FALSE
3545,12,TRUE
3546,17,TRUE
3546,15,FALSE
3547,16,TRUE
3547,25,FALSE
3548,17,TRUE
3548,15,FALSE
3549,17,TRUE
3549,15,FALSE
3550,12,TRUE
3550,17,FALSE
3550,13,FALSE
3551,8,TRUE
3552,6,TRUE
3552,3,FALSE
3552,27,FALSE
3553,5,TRUE
3553,2,FALSE
3553,18,FALSE
3554,25,TRUE
3555,15,TRUE
3555,19,FALSE
3556,17,TRUE
3556,20,FALSE
3557,13,TRUE
3557,37,FALSE
3557,15,FALSE
3558,1,TRUE
3558,21,FALSE
3559,16,TRUE
3559,2,FALSE
3559,8,FALSE
3560,39,TRUE
3561,17,TRUE
3561,15,FALSE
3562,5,TRUE
3562,7,FALSE
3563,31,TRUE
3563,5,FALSE
3563,2,FALSE
3564,17,TRUE
3564,13,FALSE
3564,15,FALSE
3565,17,TRUE
3565,15,FALSE
3566,15,TRUE
3566,21,FALSE
3567,13,TRUE
3567,14,FALSE
3567,15,FALSE
3568,1,TRUE
3569,22,TRUE
3569,15,FALSE
3569,19,FALSE
3570,22,TRUE
3570,15,FALSE
3570,19,FALSE
3571,22,TRUE
3571,15,FALSE
3571,19,FALSE
3572,8,TRUE
3573,15,TRUE
3573,20,FALSE
3574,1,TRUE
3575,39,TRUE
3576,2,TRUE
3576,9,FALSE
3576,18,FALSE
3577,5,TRUE
3577,2,FALSE
3577,18,FALSE
3578,5,TRUE
3578,2,FALSE
3578,3,FALSE
3579,7,TRUE
3579,33,FALSE
3580,5,TRUE
3580,2,FALSE
3580,18,FALSE
3581,12,TRUE
3581,17,FALSE
3581,23,FALSE
3582,5,TRUE
3582,3,FALSE
3582,4,FALSE
3583,23,TRUE
3583,19,FALSE
3584,17,TRUE
3585,12,TRUE
3586,2,TRUE
3586,6,FALSE
3586,3,FALSE
3587,17,TRUE
3587,15,FALSE
3588,2,TRUE
3588,18,FALSE
3588,6,FALSE
3589,31,TRUE
3589,2,FALSE
3590,5,TRUE
3590,2,FALSE
3590,3,FALSE
3591,2,TRUE
3591,3,FALSE
3591,24,FALSE
3592,39,TRUE
3593,5,TRUE
3593,7,FALSE
3594,13,TRUE
3594,15,FALSE
3595,17,TRUE
3595,15,FALSE
3595,21,FALSE
3596,1,TRUE
3596,30,FALSE
3597,1,TRUE
3597,15,FALSE
3598,3,TRUE
3599,25,TRUE
3600,39,TRUE
3601,10,TRUE
3601,3,FALSE
3602,10,TRUE
3602,3,FALSE
3602,11,FALSE
3603,13,TRUE
3603,14,FALSE
3603,15,FALSE
3604,12,TRUE
3604,17,FALSE
3604,38,FALSE
3605,5,TRUE
3605,2,FALSE
3605,3,FALSE
3606,7,TRUE
3607,5,TRUE
3607,2,FALSE
3607,32,FALSE
3608,2,TRUE
3608,3,FALSE
3609,9,TRUE
3609,10,FALSE
3609,3,FALSE
3610,2,TRUE
3610,32,FALSE
3610,9,FALSE
3611,2,TRUE
3611,32,FALSE
3611,9,FALSE
3612,2,TRUE
3612,32,FALSE
3612,3,FALSE
3613,2,TRUE
3613,32,FALSE
3613,9,FALSE
3614,2,TRUE
3614,32,FALSE
3614,9,FALSE
3615,2,TRUE
3615,32,FALSE
3615,9,FALSE
3616,6,TRUE
3616,27,FALSE
3617,15,TRUE
3617,19,FALSE
3618,39,TRUE
3619,17,TRUE
3619,13,FALSE
3619,15,FALSE
3620,39,TRUE
3621,39,TRUE
3622,1,TRUE
3622,30,FALSE
3623,39,TRUE
3624,1,TRUE
3624,15,FALSE
3625,25,TRUE
3625,10,FALSE
3625,3,FALSE
3626,13,TRUE
3626,15,FALSE
3627,12,TRUE
3627,17,FALSE
3627,15,FALSE
3628,7,TRUE
3628,8,FALSE
3629,1,TRUE
3630,17,TRUE
3631,13,TRUE
3631,15,FALSE
3632,13,TRUE
3632,14,FALSE
3632,15,FALSE
3633,2,TRUE
3633,4,FALSE
3633,24,FALSE
3634,2,TRUE
3634,10,FALSE
3634,3,FALSE
3635,13,TRUE
3635,19,FALSE
3636,39,TRUE
3637,25,TRUE
3638,13,TRUE
3638,14,FALSE
3638,15,FALSE
3639,22,TRUE
3639,15,FALSE
3640,17,TRUE
3640,22,FALSE
3640,15,FALSE
3641,2,TRUE
3641,32,FALSE
3641,9,FALSE
3642,13,TRUE
3642,14,FALSE
3642,15,FALSE
3643,16,TRUE
3643,2,FALSE
3643,6,FALSE
3644,1,TRUE
3645,25,TRUE
3646,39,TRUE
3647,39,TRUE
3648,26,TRUE
3648,35,FALSE
3648,15,FALSE
3649,17,TRUE
3649,15,FALSE
3650,26,TRUE
3650,17,FALSE
3650,15,FALSE
3651,26,TRUE
3651,15,FALSE
3652,2,TRUE
3652,9,FALSE
3652,3,FALSE
3653,17,TRUE
3653,15,FALSE
3654,41,TRUE
3654,10,FALSE
3655,25,TRUE
3655,10,FALSE
3656,2,TRUE
3656,11,FALSE
3656,4,FALSE
3657,2,TRUE
3657,32,FALSE
3657,9,FALSE
3658,19,TRUE
3659,26,TRUE
3659,13,FALSE
3659,15,FALSE
3660,25,TRUE
3660,10,FALSE
3661,2,TRUE
3661,9,FALSE
3661,3,FALSE
3662,13,TRUE
3662,15,FALSE
3663,17,TRUE
3664,31,TRUE
3664,2,FALSE
3665,31,TRUE
3665,2,FALSE
3665,34,FALSE
3666,31,TRUE
3666,2,FALSE
3667,31,TRUE
3667,2,FALSE
3668,25,TRUE
3668,6,FALSE
3668,27,FALSE
3669,17,TRUE
3669,13,FALSE
3669,14,FALSE
3670,2,TRUE
3670,3,FALSE
3671,13,TRUE
3671,14,FALSE
3671,15,FALSE
3672,2,TRUE
3672,8,FALSE
3673,13,TRUE
3673,15,FALSE
3673,19,FALSE
3674,2,TRUE
3674,32,FALSE
3674,9,FALSE
3675,2,TRUE
3675,6,FALSE
3675,27,FALSE
3676,26,TRUE
3677,1,TRUE
3677,15,FALSE
3678,25,TRUE
3679,1,TRUE
3679,15,FALSE
3679,21,FALSE
3680,39,TRUE
3681,16,TRUE
3681,25,FALSE
3681,3,FALSE
3682,1,TRUE
3682,15,FALSE
3682,30,FALSE
3683,2,TRUE
3683,9,FALSE
3683,3,FALSE
3684,1,TRUE
3685,2,TRUE
3685,3,FALSE
3685,24,FALSE
3686,11,TRUE
3686,4,FALSE
3686,27,FALSE
3687,7,TRUE
3687,3,FALSE
3688,2,TRUE
3688,8,FALSE
3689,2,TRUE
3689,9,FALSE
3689,3,FALSE
3690,2,TRUE
3690,9,FALSE
3690,3,FALSE
3691,2,TRUE
3691,32,FALSE
3691,3,FALSE
3692,25,TRUE
3692,6,FALSE
3692,10,FALSE
3693,25,TRUE
3694,39,TRUE
3695,25,TRUE
3696,25,TRUE
3696,10,FALSE
3697,31,TRUE
3697,2,FALSE
3698,1,TRUE
3698,15,FALSE
3699,22,TRUE
3699,15,FALSE
3699,20,FALSE
3700,13,TRUE
3700,15,FALSE
3700,19,FALSE
3701,8,TRUE
3701,10,FALSE
3701,11,FALSE
3702,17,TRUE
3702,13,FALSE
3702,15,FALSE
3703,5,TRUE
3703,7,FALSE
3704,1,TRUE
3704,15,FALSE
3705,5,TRUE
3705,7,FALSE
3705,33,FALSE
3706,2,TRUE
3706,8,FALSE
3707,26,TRUE
3707,15,FALSE
3707,23,FALSE
3708,25,TRUE
3708,27,FALSE
3709,2,TRUE
3709,18,FALSE
3709,10,FALSE
3710,13,TRUE
3710,14,FALSE
3710,21,FALSE
3711,5,TRUE
3711,2,FALSE
3711,10,FALSE
3712,39,TRUE
3713,15,TRUE
3713,21,FALSE
3714,15,TRUE
3714,21,FALSE
3714,19,FALSE
3715,1,TRUE
3715,15,FALSE
3716,39,TRUE
3717,31,TRUE
3717,2,FALSE
3718,26,TRUE
3718,15,FALSE
3719,13,TRUE
3719,14,FALSE
3719,15,FALSE
3720,2,TRUE
3720,9,FALSE
3720,18,FALSE
3721,26,TRUE
3721,29,FALSE
3721,15,FALSE
3722,7,TRUE
3722,8,FALSE
3723,25,TRUE
3723,18,FALSE
3723,34,FALSE
3724,31,TRUE
3724,2,FALSE
3725,31,TRUE
3725,2,FALSE
3726,5,TRUE
3726,6,FALSE
3726,3,FALSE
3727,2,TRUE
3727,8,FALSE
3728,5,TRUE
3728,7,FALSE
3729,26,TRUE
3729,29,FALSE
3729,15,FALSE
3730,22,TRUE
3730,14,FALSE
3730,15,FALSE
3731,13,TRUE
3731,15,FALSE
3731,19,FALSE
3732,13,TRUE
3732,14,FALSE
3732,21,FALSE
3733,1,TRUE
3733,15,FALSE
3734,39,TRUE
3735,19,TRUE
3736,17,TRUE
3736,13,FALSE
3736,14,FALSE
3737,31,TRUE
3737,2,FALSE
3738,31,TRUE
3738,2,FALSE
3739,1,TRUE
3740,17,TRUE
3740,15,FALSE
3740,20,FALSE
3741,13,TRUE
3741,14,FALSE
3741,15,FALSE
3742,31,TRUE
3742,2,FALSE
3743,2,TRUE
3743,9,FALSE
3743,10,FALSE
3744,5,TRUE
3744,7,FALSE
3744,2,FALSE
3745,5,TRUE
3745,2,FALSE
3745,3,FALSE
3746,8,TRUE
3747,5,TRUE
3747,2,FALSE
3747,3,FALSE
3748,12,TRUE
3748,17,FALSE
3749,5,TRUE
3749,2,FALSE
3749,18,FALSE
3750,10,TRUE
3750,3,FALSE
3751,16,TRUE
3751,2,FALSE
3751,3,FALSE
3752,10,TRUE
3753,5,TRUE
3753,6,FALSE
3753,3,FALSE
3754,17,TRUE
3755,5,TRUE
3755,2,FALSE
3755,18,FALSE
3756,2,TRUE
3756,3,FALSE
3756,4,FALSE
3757,1,TRUE
3758,22,TRUE
3758,15,FALSE
3759,39,TRUE
3760,1,TRUE
3760,21,FALSE
3761,25,TRUE
3762,13,TRUE
3762,14,FALSE
3762,15,FALSE
3763,5,TRUE
3763,3,FALSE
3763,24,FALSE
3764,13,TRUE
3764,15,FALSE
3764,38,FALSE
3765,15,TRUE
3765,23,FALSE
3765,19,FALSE
3766,17,TRUE
3766,15,FALSE
3766,20,FALSE
3767,12,TRUE
3768,12,TRUE
3768,13,FALSE
3768,15,FALSE
3769,17,TRUE
3769,22,FALSE
3769,14,FALSE
3770,25,TRUE
3771,3,TRUE
3772,1,TRUE
3772,21,FALSE
3773,13,TRUE
3773,15,FALSE
3774,29,TRUE
3774,15,FALSE
3775,16,TRUE
3775,2,FALSE
3775,3,FALSE
3776,13,TRUE
3776,15,FALSE
3776,23,FALSE
3777,39,TRUE
3778,12,TRUE
3778,23,FALSE
3779,10,TRUE
3780,25,TRUE
3780,6,FALSE
3780,10,FALSE
3781,2,TRUE
3781,32,FALSE
3781,6,FALSE
3782,13,TRUE
3782,15,FALSE
3783,2,TRUE
3783,3,FALSE
3784,13,TRUE
3784,14,FALSE
3784,15,FALSE
3785,31,TRUE
3785,2,FALSE
3785,34,FALSE
3786,17,TRUE
3786,15,FALSE
3787,26,TRUE
3787,15,FALSE
3787,30,FALSE
3788,5,TRUE
3788,3,FALSE
3789,17,TRUE
3789,13,FALSE
3789,14,FALSE
3790,5,TRUE
3790,7,FALSE
3790,2,FALSE
3791,13,TRUE
3791,15,FALSE
3792,17,TRUE
3792,13,FALSE
3792,15,FALSE
3793,5,TRUE
3793,3,FALSE
3794,15,TRUE
3794,19,FALSE
3795,41,TRUE
3795,10,FALSE
3796,1,TRUE
3797,7,TRUE
3797,2,FALSE
3798,13,TRUE
3798,14,FALSE
3798,15,FALSE
3799,26,TRUE
3799,14,FALSE
3799,23,FALSE
3800,9,TRUE
3800,10,FALSE
3800,3,FALSE
3801,22,TRUE
3801,38,FALSE
3801,21,FALSE
3802,3,TRUE
3802,24,FALSE
3803,17,TRUE
3803,21,FALSE
3803,30,FALSE
3804,1,TRUE
3804,15,FALSE
3805,26,TRUE
3805,17,FALSE
3805,15,FALSE
3806,39,TRUE
3807,25,TRUE
3807,10,FALSE
3808,5,TRUE
3808,2,FALSE
3808,18,FALSE
3809,5,TRUE
3809,7,FALSE
3809,2,FALSE
3810,1,TRUE
3810,15,FALSE
3811,1,TRUE
3811,15,FALSE
3812,1,TRUE
3812,15,FALSE
3813,10,TRUE
3814,26,TRUE
3814,15,FALSE
3815,1,TRUE
3815,21,FALSE
3816,39,TRUE
3817,13,TRUE
3817,23,FALSE
3817,19,FALSE
3818,16,TRUE
3818,2,FALSE
3818,10,FALSE
3819,12,TRUE
3819,13,FALSE
3820,13,TRUE
3820,14,FALSE
3820,15,FALSE
3821,12,TRUE
3821,17,FALSE
3822,16,TRUE
3822,25,FALSE
3822,10,FALSE
3823,13,TRUE
3823,14,FALSE
3823,15,FALSE
3824,25,TRUE
3824,18,FALSE
3825,2,TRUE
3825,9,FALSE
3825,3,FALSE
3826,26,TRUE
3826,13,FALSE
3827,31,TRUE
3827,2,FALSE
3828,17,TRUE
3829,1,TRUE
3830,12,TRUE
3830,17,FALSE
3831,1,TRUE
3832,5,TRUE
3832,2,FALSE
3832,3,FALSE
3833,13,TRUE
3833,14,FALSE
3833,15,FALSE
3834,13,TRUE
3834,14,FALSE
3834,15,FALSE
3835,26,TRUE
3835,17,FALSE
3835,13,FALSE
3836,10,TRUE
3836,3,FALSE
3837,17,TRUE
3837,13,FALSE
3837,15,FALSE
3838,7,TRUE
3838,8,FALSE
3839,5,TRUE
3839,2,FALSE
3839,3,FALSE
3840,2,TRUE
3840,9,FALSE
3840,3,FALSE
3841,3,TRUE
3841,34,FALSE
3842,17,TRUE
3843,26,TRUE
3843,13,FALSE
3843,15,FALSE
3844,2,TRUE
3844,3,FALSE
3845,2,TRUE
3845,10,FALSE
3846,2,TRUE
3846,9,FALSE
3846,3,FALSE
3847,2,TRUE
3847,9,FALSE
3847,3,FALSE
3848,2,TRUE
3848,9,FALSE
3848,3,FALSE
3849,2,TRUE
3849,3,FALSE
3850,2,TRUE
3850,9,FALSE
3850,10,FALSE
3851,2,TRUE
3851,3,FALSE
3852,2,TRUE
3852,3,FALSE
3852,27,FALSE
3853,5,TRUE
3853,2,FALSE
3853,32,FALSE
3854,2,TRUE
3854,10,FALSE
3854,3,FALSE
3855,2,TRUE
3855,3,FALSE
3856,5,TRUE
3856,2,FALSE
3856,3,FALSE
3857,2,TRUE
3857,3,FALSE
3858,1,TRUE
3858,15,FALSE
3859,15,TRUE
3859,23,FALSE
3860,1,TRUE
3860,38,FALSE
3861,5,TRUE
3861,2,FALSE
3861,18,FALSE
3862,25,TRUE
3862,10,FALSE
3863,17,TRUE
3863,15,FALSE
3863,20,FALSE
3864,13,TRUE
3864,14,FALSE
3865,8,TRUE
3866,13,TRUE
3866,15,FALSE
3866,19,FALSE
3867,17,TRUE
3867,20,FALSE
3868,10,TRUE
3869,17,TRUE
3869,13,FALSE
3869,15,FALSE
3870,26,TRUE
3871,31,TRUE
3871,2,FALSE
3872,1,TRUE
3872,21,FALSE
3873,1,TRUE
3874,22,TRUE
3874,15,FALSE
3875,17,TRUE
3875,13,FALSE
3875,15,FALSE
3876,17,TRUE
3876,15,FALSE
3877,2,TRUE
3877,6,FALSE
3877,10,FALSE
3878,39,TRUE
3879,2,TRUE
3879,10,FALSE
3879,3,FALSE
3880,31,TRUE
3880,5,FALSE
3880,2,FALSE
3881,2,TRUE
3881,10,FALSE
3881,3,FALSE
3882,2,TRUE
3882,10,FALSE
3882,27,FALSE
3883,2,TRUE
3883,10,FALSE
3883,3,FALSE
3884,5,TRUE
3884,2,FALSE
3884,9,FALSE
3885,6,TRUE
3885,10,FALSE
3885,11,FALSE
3886,13,TRUE
3886,14,FALSE
3886,15,FALSE
3887,5,TRUE
3887,2,FALSE
3887,18,FALSE
3888,11,TRUE
3888,4,FALSE
3888,34,FALSE
3889,17,TRUE
3889,15,FALSE
3889,20,FALSE
3890,17,TRUE
3890,13,FALSE
3890,15,FALSE
3891,17,TRUE
3891,13,FALSE
3891,15,FALSE
3892,1,TRUE
3892,21,FALSE
3893,7,TRUE
3894,36,TRUE
3895,13,TRUE
3895,15,FALSE
3896,1,TRUE
3896,21,FALSE
3897,1,TRUE
3898,2,TRUE
3898,6,FALSE
3898,10,FALSE
3899,2,TRUE
3899,10,FALSE
3900,13,TRUE
3900,14,FALSE
3900,15,FALSE
3901,2,TRUE
3901,9,FALSE
3902,31,TRUE
3902,2,FALSE
3903,2,TRUE
3903,10,FALSE
3904,17,TRUE
3904,20,FALSE
3905,13,TRUE
3905,15,FALSE
3906,13,TRUE
3906,14,FALSE
3906,15,FALSE
3907,39,TRUE
3908,1,TRUE
3908,21,FALSE
3909,17,TRUE
3909,13,FALSE
3909,15,FALSE
3910,12,TRUE
3911,17,TRUE
3911,13,FALSE
3911,15,FALSE
3912,15,TRUE
3912,21,FALSE
3912,19,FALSE
3913,1,TRUE
3913,30,FALSE
3914,13,TRUE
3914,15,FALSE
3914,20,FALSE
3915,17,TRUE
3915,15,FALSE
3915,21,FALSE
3916,17,TRUE
3916,15,FALSE
3916,20,FALSE
3917,13,TRUE
3917,15,FALSE
3917,23,FALSE
3918,13,TRUE
3918,15,FALSE
3918,20,FALSE
3919,26,TRUE
3919,17,FALSE
3919,13,FALSE
3920,22,TRUE
3921,9,TRUE
3921,10,FALSE
3922,13,TRUE
3922,15,FALSE
3923,22,TRUE
3923,15,FALSE
3924,22,TRUE
3924,15,FALSE
3925,39,TRUE
3926,10,TRUE
3927,17,TRUE
3927,20,FALSE
3928,9,TRUE
3928,10,FALSE
3929,2,TRUE
3929,32,FALSE
3929,3,FALSE
3930,39,TRUE
3931,22,TRUE
3931,19,FALSE
3932,25,TRUE
3932,8,FALSE
3932,33,FALSE
3933,13,TRUE
3933,15,FALSE
3933,21,FALSE
3934,26,TRUE
3934,17,FALSE
3934,13,FALSE
3935,7,TRUE
3936,26,TRUE
3936,23,FALSE
3937,16,TRUE
3937,2,FALSE
3937,10,FALSE
3938,5,TRUE
3938,2,FALSE
3938,10,FALSE
3939,7,TRUE
3939,33,FALSE
3940,26,TRUE
3940,17,FALSE
3940,13,FALSE
3941,5,TRUE
3941,2,FALSE
3941,3,FALSE
3942,25,TRUE
3943,7,TRUE
3944,25,TRUE
3945,5,TRUE
3945,2,FALSE
3945,18,FALSE
3946,17,TRUE
3946,13,FALSE
3946,14,FALSE
3947,5,TRUE
3947,2,FALSE
3947,32,FALSE
3948,39,TRUE
3949,22,TRUE
3949,15,FALSE
3950,2,TRUE
3950,9,FALSE
3950,3,FALSE
3951,17,TRUE
3951,13,FALSE
3951,15,FALSE
3952,13,TRUE
3952,15,FALSE
3953,39,TRUE
3954,25,TRUE
3954,10,FALSE
3955,15,TRUE
3955,20,FALSE
3955,23,FALSE
3956,13,TRUE
3956,14,FALSE
3956,15,FALSE
3957,2,TRUE
3957,32,FALSE
3957,9,FALSE
3958,17,TRUE
3959,31,TRUE
3959,2,FALSE
3960,22,TRUE
3961,13,TRUE
3961,14,FALSE
3961,15,FALSE
3962,16,TRUE
3962,25,FALSE
3963,17,TRUE
3963,13,FALSE
3963,14,FALSE
3964,13,TRUE
3964,15,FALSE
3964,30,FALSE
3965,2,TRUE
3965,3,FALSE
3965,4,FALSE
3966,10,TRUE
3966,11,FALSE
3966,24,FALSE
3967,13,TRUE
3968,1,TRUE
3969,2,TRUE
3969,3,FALSE
3970,16,TRUE
3970,2,FALSE
3970,3,FALSE
3971,2,TRUE
3971,3,FALSE
3972,2,TRUE
3972,8,FALSE
3972,9,FALSE
3973,22,TRUE
3973,15,FALSE
3974,13,TRUE
3974,15,FALSE
3974,20,FALSE
3975,39,TRUE
3976,26,TRUE
3976,17,FALSE
3976,13,FALSE
3977,5,TRUE
3977,2,FALSE
3977,6,FALSE
3978,26,TRUE
3978,17,FALSE
3978,15,FALSE
3979,26,TRUE
3979,17,FALSE
3979,15,FALSE
3980,25,TRUE
3981,5,TRUE
3981,2,FALSE
3981,18,FALSE
3982,5,TRUE
3982,2,FALSE
3982,3,FALSE
3983,13,TRUE
3983,15,FALSE
3983,23,FALSE
3984,1,TRUE
3984,21,FALSE
3985,2,TRUE
3985,3,FALSE
3986,17,TRUE
3986,13,FALSE
3986,21,FALSE
3987,3,TRUE
3987,4,FALSE
3987,27,FALSE
3988,1,TRUE
3988,15,FALSE
3988,30,FALSE
3989,25,TRUE
3990,2,TRUE
3990,10,FALSE
3990,3,FALSE
3991,26,TRUE
3991,17,FALSE
3991,15,FALSE
3992,26,TRUE
3992,17,FALSE
3992,15,FALSE
3993,17,TRUE
3993,13,FALSE
3993,15,FALSE
3994,13,TRUE
3994,15,FALSE
3994,20,FALSE
3995,15,TRUE
3995,20,FALSE
3996,1,TRUE
3996,15,FALSE
3996,30,FALSE
3997,2,TRUE
3997,3,FALSE
3998,13,TRUE
3998,14,FALSE
3998,15,FALSE
3999,2,TRUE
3999,9,FALSE
3999,3,FALSE
4000,39,TRUE
4001,17,TRUE
4001,13,FALSE
4001,14,FALSE
4002,2,TRUE
4002,9,FALSE
4002,10,FALSE
4003,17,TRUE
4003,13,FALSE
4003,15,FALSE
4004,26,TRUE
4004,15,FALSE
4005,39,TRUE
4006,13,TRUE
4006,15,FALSE
4006,38,FALSE
4007,2,TRUE
4007,9,FALSE
4007,3,FALSE
4008,39,TRUE
4009,39,TRUE
4010,39,TRUE
4011,39,TRUE
4012,1,TRUE
4012,30,FALSE
4013,2,TRUE
4013,3,FALSE
4014,26,TRUE
4014,13,FALSE
4014,15,FALSE
4015,16,TRUE
4015,25,FALSE
4016,5,TRUE
4016,7,FALSE
4017,16,TRUE
4017,2,FALSE
4017,10,FALSE
4018,13,TRUE
4018,15,FALSE
4018,20,FALSE
4019,13,TRUE
4019,15,FALSE
4019,20,FALSE
4020,17,TRUE
4020,13,FALSE
4020,15,FALSE
4021,15,TRUE
4021,20,FALSE
4022,17,TRUE
4022,13,FALSE
4022,15,FALSE
4023,2,TRUE
4023,3,FALSE
4023,4,FALSE
4024,2,TRUE
4024,10,FALSE
4024,27,FALSE
4025,26,TRUE
4026,39,TRUE
4027,2,TRUE
4027,9,FALSE
4027,3,FALSE
4028,2,TRUE
4028,3,FALSE
4029,6,TRUE
4030,2,TRUE
4030,9,FALSE
4030,3,FALSE
4031,2,TRUE
4031,3,FALSE
4031,4,FALSE
4032,26,TRUE
4032,17,FALSE
4032,15,FALSE
4033,2,TRUE
4033,3,FALSE
4033,11,FALSE
4034,13,TRUE
4034,14,FALSE
4034,20,FALSE
4035,13,TRUE
4035,14,FALSE
4035,15,FALSE
4036,2,TRUE
4036,3,FALSE
4037,12,TRUE
4037,13,FALSE
4038,17,TRUE
4038,13,FALSE
4038,20,FALSE
4039,17,TRUE
4039,15,FALSE
4040,13,TRUE
4040,15,FALSE
4040,20,FALSE
4041,13,TRUE
4041,15,FALSE
4041,20,FALSE
4042,13,TRUE
4042,15,FALSE
4042,20,FALSE
4043,5,TRUE
4043,3,FALSE
4044,2,TRUE
4044,3,FALSE
4044,4,FALSE
4045,2,TRUE
4045,32,FALSE
4045,9,FALSE
4046,26,TRUE
4047,13,TRUE
4047,15,FALSE
4047,20,FALSE
4048,13,TRUE
4048,15,FALSE
4048,20,FALSE
4049,13,TRUE
4049,15,FALSE
4050,26,TRUE
4050,13,FALSE
4050,15,FALSE
4051,1,TRUE
4051,15,FALSE
4052,1,TRUE
4052,15,FALSE
4052,30,FALSE
4053,1,TRUE
4053,15,FALSE
4053,21,FALSE
4054,17,TRUE
4054,15,FALSE
4055,7,TRUE
4055,2,FALSE
4056,25,TRUE
4056,32,FALSE
4056,10,FALSE
4057,7,TRUE
4058,3,TRUE
4059,12,TRUE
4059,17,FALSE
4060,22,TRUE
4060,15,FALSE
4060,19,FALSE
4061,12,TRUE
4061,17,FALSE
4062,13,TRUE
4062,15,FALSE
4062,21,FALSE
4063,12,TRUE
4063,13,FALSE
4063,14,FALSE
4064,31,TRUE
4064,2,FALSE
4064,34,FALSE
4065,26,TRUE
4065,15,FALSE
4066,12,TRUE
4067,13,TRUE
4067,15,FALSE
4067,19,FALSE
4068,13,TRUE
4068,14,FALSE
4068,15,FALSE
4069,13,TRUE
4069,15,FALSE
4069,20,FALSE
4070,26,TRUE
4070,17,FALSE
4070,15,FALSE
4071,17,TRUE
4071,15,FALSE
4071,20,FALSE
4072,17,TRUE
4072,13,FALSE
4072,15,FALSE
4073,13,TRUE
4073,14,FALSE
4073,15,FALSE
4074,17,TRUE
4074,13,FALSE
4074,15,FALSE
4075,17,TRUE
4075,15,FALSE
4075,20,FALSE
4076,17,TRUE
4076,13,FALSE
4076,15,FALSE
4077,13,TRUE
4077,15,FALSE
4077,20,FALSE
4078,13,TRUE
4078,15,FALSE
4078,21,FALSE
4079,13,TRUE
4079,15,FALSE
4079,20,FALSE
4080,5,TRUE
4080,3,FALSE
4081,39,TRUE
4082,13,TRUE
4082,14,FALSE
4082,15,FALSE
4083,13,TRUE
4083,15,FALSE
4084,39,TRUE
4085,7,TRUE
4085,8,FALSE
4086,13,TRUE
4086,15,FALSE
4087,17,TRUE
4087,13,FALSE
4087,14,FALSE
4088,13,TRUE
4088,14,FALSE
4088,15,FALSE
4089,13,TRUE
4089,14,FALSE
4089,15,FALSE
4090,16,TRUE
4090,2,FALSE
4090,8,FALSE
4091,25,TRUE
4092,13,TRUE
4092,15,FALSE
4092,19,FALSE
4093,39,TRUE
4094,1,TRUE
4094,38,FALSE
4095,13,TRUE
4095,14,FALSE
4095,15,FALSE
4096,26,TRUE
4096,13,FALSE
4096,15,FALSE
4097,1,TRUE
4098,13,TRUE
4098,15,FALSE
4098,23,FALSE
4099,13,TRUE
4099,14,FALSE
4099,15,FALSE
4100,1,TRUE
4101,17,TRUE
4101,13,FALSE
4101,14,FALSE
4102,13,TRUE
4102,14,FALSE
4102,15,FALSE
4103,13,TRUE
4103,15,FALSE
4104,17,TRUE
4104,13,FALSE
4104,15,FALSE
4105,2,TRUE
4105,10,FALSE
4105,3,FALSE
4106,7,TRUE
4106,10,FALSE
4107,13,TRUE
4107,15,FALSE
4107,20,FALSE
4108,17,TRUE
4108,15,FALSE
4108,20,FALSE
4109,13,TRUE
4109,15,FALSE
4110,5,TRUE
4110,7,FALSE
4110,2,FALSE
4111,17,TRUE
4111,14,FALSE
4111,15,FALSE
4112,2,TRUE
4112,18,FALSE
4112,11,FALSE
4113,17,TRUE
4113,15,FALSE
4113,20,FALSE
4114,17,TRUE
4114,15,FALSE
4115,25,TRUE
4116,39,TRUE
4117,2,TRUE
4117,9,FALSE
4117,18,FALSE
4118,1,TRUE
4119,2,TRUE
4119,9,FALSE
4119,3,FALSE
4120,5,TRUE
4120,2,FALSE
4120,3,FALSE
4121,13,TRUE
4121,30,FALSE
4122,12,TRUE
4122,17,FALSE
4123,10,TRUE
4124,1,TRUE
4124,21,FALSE
4125,13,TRUE
4125,14,FALSE
4125,15,FALSE
4126,2,TRUE
4126,10,FALSE
4127,5,TRUE
4127,2,FALSE
4127,3,FALSE
4128,5,TRUE
4128,2,FALSE
4128,32,FALSE
4129,39,TRUE
4130,16,TRUE
4130,5,FALSE
4130,2,FALSE
4131,2,TRUE
4131,3,FALSE
4132,31,TRUE
4132,2,FALSE
4132,9,FALSE
4133,2,TRUE
4133,32,FALSE
4133,9,FALSE
4134,22,TRUE
4134,23,FALSE
4135,13,TRUE
4135,14,FALSE
4135,15,FALSE
4136,1,TRUE
4137,17,TRUE
4137,13,FALSE
4137,15,FALSE
4138,12,TRUE
4138,13,FALSE
4139,40,TRUE
4140,12,TRUE
4141,12,TRUE
4142,25,TRUE
4143,10,TRUE
4143,3,FALSE
4144,5,TRUE
4144,2,FALSE
4144,3,FALSE
4145,31,TRUE
4145,2,FALSE
4146,12,TRUE
4147,13,TRUE
4147,19,FALSE
4148,17,TRUE
4148,22,FALSE
4148,15,FALSE
4149,17,TRUE
4149,13,FALSE
4149,15,FALSE
4150,25,TRUE
4151,13,TRUE
4151,15,FALSE
4152,13,TRUE
4152,15,FALSE
4152,21,FALSE
4153,13,TRUE
4153,14,FALSE
4153,15,FALSE
4154,39,TRUE
4155,13,TRUE
4155,15,FALSE
4156,13,TRUE
4156,15,FALSE
4156,23,FALSE
4157,1,TRUE
4158,13,TRUE
4158,15,FALSE
4158,20,FALSE
4159,13,TRUE
4159,14,FALSE
4159,15,FALSE
4160,13,TRUE
4160,15,FALSE
4161,13,TRUE
4161,37,FALSE
4161,15,FALSE
4162,13,TRUE
4162,37,FALSE
4162,15,FALSE
4163,2,TRUE
4163,3,FALSE
4164,6,TRUE
4164,10,FALSE
4164,11,FALSE
4165,13,TRUE
4165,15,FALSE
4166,22,TRUE
4166,15,FALSE
4167,16,TRUE
4167,2,FALSE
4167,3,FALSE
4168,2,TRUE
4168,18,FALSE
4168,10,FALSE
4169,5,TRUE
4169,7,FALSE
4169,2,FALSE
4170,17,TRUE
4170,15,FALSE
4171,26,TRUE
4171,15,FALSE
4172,2,TRUE
4172,9,FALSE
4172,10,FALSE
4173,5,TRUE
4173,7,FALSE
4174,13,TRUE
4174,15,FALSE
4174,21,FALSE
4175,5,TRUE
4175,2,FALSE
4175,3,FALSE
4176,26,TRUE
4176,15,FALSE
4177,1,TRUE
4178,13,TRUE
4178,23,FALSE
4179,5,TRUE
4179,6,FALSE
4179,24,FALSE
4180,2,TRUE
4180,9,FALSE
4180,3,FALSE
4181,1,TRUE
4181,15,FALSE
4182,1,TRUE
4182,15,FALSE
4183,13,TRUE
4183,14,FALSE
4183,15,FALSE
4184,16,TRUE
4184,7,FALSE
4184,2,FALSE
4185,7,TRUE
4185,41,FALSE
4186,1,TRUE
4187,13,TRUE
4187,15,FALSE
4188,17,TRUE
4188,14,FALSE
4188,15,FALSE
4189,15,TRUE
4189,19,FALSE
4190,2,TRUE
4190,9,FALSE
4190,3,FALSE
4191,26,TRUE
4191,13,FALSE
4191,15,FALSE
4192,22,TRUE
4192,15,FALSE
4193,26,TRUE
4193,15,FALSE
4194,39,TRUE
4195,22,TRUE
4195,15,FALSE
4196,22,TRUE
4196,15,FALSE
4197,2,TRUE
4197,3,FALSE
4198,13,TRUE
4198,15,FALSE
4199,17,TRUE
4199,13,FALSE
4199,15,FALSE
4200,2,TRUE
4200,8,FALSE
4200,9,FALSE
4201,9,TRUE
4201,10,FALSE
4202,10,TRUE
4203,16,TRUE
4203,25,FALSE
4203,10,FALSE
4204,1,TRUE
4204,21,FALSE
4205,13,TRUE
4205,14,FALSE
4205,15,FALSE
4206,17,TRUE
4206,13,FALSE
4207,25,TRUE
4207,18,FALSE
4208,2,TRUE
4208,6,FALSE
4208,3,FALSE
4209,26,TRUE
4209,29,FALSE
4209,15,FALSE
4210,17,TRUE
4210,13,FALSE
4210,15,FALSE
4211,13,TRUE
4211,14,FALSE
4211,15,FALSE
4212,22,TRUE
4212,15,FALSE
4212,20,FALSE
4213,13,TRUE
4213,14,FALSE
4213,15,FALSE
4214,13,TRUE
4214,15,FALSE
4214,21,FALSE
4215,17,TRUE
4215,13,FALSE
4215,14,FALSE
4216,2,TRUE
4216,9,FALSE
4216,3,FALSE
4217,2,TRUE
4217,9,FALSE
4217,3,FALSE
4218,26,TRUE
4218,28,FALSE
4218,17,FALSE
4219,25,TRUE
4219,6,FALSE
4219,10,FALSE
4220,17,TRUE
4220,15,FALSE
4220,21,FALSE
4221,41,TRUE
4221,10,FALSE
4222,13,TRUE
4222,14,FALSE
4222,15,FALSE
4223,39,TRUE
4224,29,TRUE
4224,12,FALSE
4225,15,TRUE
4225,19,FALSE
4226,13,TRUE
4226,14,FALSE
4226,15,FALSE
4227,2,TRUE
4227,3,FALSE
4228,8,TRUE
4229,39,TRUE
4230,39,TRUE
4231,1,TRUE
4232,39,TRUE
4233,39,TRUE
4234,39,TRUE
4235,39,TRUE
4236,39,TRUE
4237,1,TRUE
4237,15,FALSE
4237,21,FALSE
4238,39,TRUE
4239,39,TRUE
4240,39,TRUE
4241,1,TRUE
4242,17,TRUE
4242,22,FALSE
4242,15,FALSE
4243,21,TRUE
4244,26,TRUE
4244,29,FALSE
4244,15,FALSE
4245,39,TRUE
4246,39,TRUE
4247,21,TRUE
4247,39,FALSE
4248,21,TRUE
4248,39,FALSE
4249,39,TRUE
4250,39,TRUE
4251,36,TRUE
4252,5,TRUE
4252,2,FALSE
4252,3,FALSE
4253,13,TRUE
4253,15,FALSE
4254,13,TRUE
4254,15,FALSE
4254,23,FALSE
4255,5,TRUE
4255,2,FALSE
4255,10,FALSE
4256,26,TRUE
4256,17,FALSE
4256,13,FALSE
4257,5,TRUE
4257,7,FALSE
4258,2,TRUE
4258,3,FALSE
4258,34,FALSE
4259,1,TRUE
4259,15,FALSE
4260,13,TRUE
4260,15,FALSE
4260,19,FALSE
4261,41,TRUE
4261,10,FALSE
4262,2,TRUE
4262,9,FALSE
4262,10,FALSE
4263,16,TRUE
4263,2,FALSE
4263,6,FALSE
4264,5,TRUE
4264,2,FALSE
4264,3,FALSE
4265,16,TRUE
4265,10,FALSE
4266,2,TRUE
4266,9,FALSE
4266,3,FALSE
4267,7,TRUE
4268,17,TRUE
4268,13,FALSE
4268,15,FALSE
4269,13,TRUE
4269,23,FALSE
4269,19,FALSE
4270,2,TRUE
4270,9,FALSE
4270,10,FALSE
4271,31,TRUE
4271,2,FALSE
4272,2,TRUE
4272,9,FALSE
4272,10,FALSE
4273,2,TRUE
4273,9,FALSE
4273,3,FALSE
4274,5,TRUE
4274,2,FALSE
4274,3,FALSE
4275,31,TRUE
4275,2,FALSE
4275,24,FALSE
4276,1,TRUE
4277,2,TRUE
4277,6,FALSE
4277,3,FALSE
4278,22,TRUE
4278,15,FALSE
4279,40,TRUE
4280,31,TRUE
4280,2,FALSE
4281,26,TRUE
4281,15,FALSE
4282,15,TRUE
4282,19,FALSE
4283,13,TRUE
4283,15,FALSE
4283,19,FALSE
4284,13,TRUE
4284,14,FALSE
4284,15,FALSE
4285,41,TRUE
4285,10,FALSE
4286,13,TRUE
4286,14,FALSE
4286,15,FALSE
4287,12,TRUE
4287,17,FALSE
4288,17,TRUE
4288,13,FALSE
4288,15,FALSE
4289,2,TRUE
4289,9,FALSE
4289,10,FALSE
4290,12,TRUE
4290,17,FALSE
4291,25,TRUE
4291,10,FALSE
4292,13,TRUE
4292,19,FALSE
4293,17,TRUE
4293,13,FALSE
4294,21,TRUE
4295,13,TRUE
4295,20,FALSE
4296,12,TRUE
4296,23,FALSE
4297,16,TRUE
4297,2,FALSE
4297,10,FALSE
4298,17,TRUE
4298,13,FALSE
4298,15,FALSE
4299,1,TRUE
4299,21,FALSE
4300,1,TRUE
4300,21,FALSE
4301,1,TRUE
4301,21,FALSE
4302,1,TRUE
4302,21,FALSE
4303,1,TRUE
4303,15,FALSE
4304,13,TRUE
4304,15,FALSE
4304,19,FALSE
4305,2,TRUE
4305,32,FALSE
4305,9,FALSE
4306,16,TRUE
4306,5,FALSE
4306,7,FALSE
4307,13,TRUE
4307,14,FALSE
4307,15,FALSE
4308,10,TRUE
4309,5,TRUE
4309,7,FALSE
4310,5,TRUE
4310,2,FALSE
4310,3,FALSE
4311,5,TRUE
4311,2,FALSE
4311,3,FALSE
4312,25,TRUE
4313,31,TRUE
4313,2,FALSE
4314,1,TRUE
4315,39,TRUE
4316,17,TRUE
4316,15,FALSE
4317,5,TRUE
4317,2,FALSE
4317,3,FALSE
4318,17,TRUE
4318,13,FALSE
4318,14,FALSE
4319,12,TRUE
4319,13,FALSE
4320,26,TRUE
4320,12,FALSE
4320,13,FALSE
4321,10,TRUE
4321,27,FALSE
4321,34,FALSE
4322,2,TRUE
4322,3,FALSE
4323,1,TRUE
4323,21,FALSE
4324,12,TRUE
4325,1,TRUE
4326,39,TRUE
4327,2,TRUE
4327,32,FALSE
4327,10,FALSE
4328,5,TRUE
4328,2,FALSE
4328,32,FALSE
4329,26,TRUE
4329,17,FALSE
4329,15,FALSE
4330,13,TRUE
4330,15,FALSE
4330,20,FALSE
4331,15,TRUE
4331,19,FALSE
4332,1,TRUE
4332,15,FALSE
4333,13,TRUE
4333,15,FALSE
4333,20,FALSE
4334,26,TRUE
4334,17,FALSE
4334,15,FALSE
4335,17,TRUE
4335,15,FALSE
4335,20,FALSE
4336,17,TRUE
4336,13,FALSE
4336,15,FALSE
4337,13,TRUE
4337,15,FALSE
4338,17,TRUE
4338,15,FALSE
4338,20,FALSE
4339,17,TRUE
4339,15,FALSE
4339,20,FALSE
4340,26,TRUE
4340,13,FALSE
4340,15,FALSE
4341,25,TRUE
4341,32,FALSE
4342,26,TRUE
4342,15,FALSE
4343,26,TRUE
4343,13,FALSE
4343,15,FALSE
4344,17,TRUE
4344,15,FALSE
4344,20,FALSE
4345,40,TRUE
4346,26,TRUE
4346,17,FALSE
4346,15,FALSE
4347,13,TRUE
4347,14,FALSE
4347,15,FALSE
4348,1,TRUE
4348,30,FALSE
4349,17,TRUE
4349,15,FALSE
4350,13,TRUE
4350,15,FALSE
4351,5,TRUE
4351,2,FALSE
4351,3,FALSE
4352,12,TRUE
4352,13,FALSE
4352,20,FALSE
4353,12,TRUE
4354,8,TRUE
4355,13,TRUE
4355,15,FALSE
4356,13,TRUE
4356,14,FALSE
4356,15,FALSE
4357,2,TRUE
4357,9,FALSE
4357,3,FALSE
4358,13,TRUE
4358,14,FALSE
4358,15,FALSE
4359,17,TRUE
4359,13,FALSE
4359,15,FALSE
4360,25,TRUE
4361,26,TRUE
4361,17,FALSE
4361,15,FALSE
4362,13,TRUE
4362,14,FALSE
4362,15,FALSE
4363,41,TRUE
4363,10,FALSE
4364,25,TRUE
4365,12,TRUE
4366,2,TRUE
4366,6,FALSE
4366,3,FALSE
4367,5,TRUE
4367,2,FALSE
4367,18,FALSE
4368,16,TRUE
4368,2,FALSE
4368,10,FALSE
4369,10,TRUE
4369,27,FALSE
4370,12,TRUE
4370,17,FALSE
4371,17,TRUE
4371,15,FALSE
4372,25,TRUE
4373,25,TRUE
4373,10,FALSE
4374,12,TRUE
4374,17,FALSE
4375,22,TRUE
4375,15,FALSE
4376,17,TRUE
4376,22,FALSE
4376,15,FALSE
4377,8,TRUE
4378,39,TRUE
4379,1,TRUE
4380,2,TRUE
4380,9,FALSE
4380,3,FALSE
4381,18,TRUE
4381,3,FALSE
4382,9,TRUE
4382,18,FALSE
4382,10,FALSE
4383,22,TRUE
4383,14,FALSE
4383,19,FALSE
4384,17,TRUE
4384,13,FALSE
4384,15,FALSE
4385,25,TRUE
4385,3,FALSE
4386,17,TRUE
4386,13,FALSE
4387,12,TRUE
4387,13,FALSE
4387,20,FALSE
4388,7,TRUE
4388,2,FALSE
4388,8,FALSE
4389,13,TRUE
4389,14,FALSE
4389,15,FALSE
4390,31,TRUE
4390,25,FALSE
4391,17,TRUE
4391,15,FALSE
4391,20,FALSE
4392,17,TRUE
4392,13,FALSE
4392,14,FALSE
4393,22,TRUE
4393,15,FALSE
4394,1,TRUE
4394,15,FALSE
4395,17,TRUE
4395,14,FALSE
4395,15,FALSE
4396,22,TRUE
4396,15,FALSE
4397,13,TRUE
4397,15,FALSE
4398,26,TRUE
4398,15,FALSE
4399,21,TRUE
4400,5,TRUE
4400,2,FALSE
4400,3,FALSE
4401,7,TRUE
4401,2,FALSE
4401,33,FALSE
4402,17,TRUE
4402,15,FALSE
4402,20,FALSE
4403,17,TRUE
4403,15,FALSE
4404,7,TRUE
4404,3,FALSE
4405,26,TRUE
4405,13,FALSE
4406,2,TRUE
4406,10,FALSE
4407,5,TRUE
4407,2,FALSE
4407,18,FALSE
4408,25,TRUE
4408,24,FALSE
4409,8,TRUE
4410,5,TRUE
4410,2,FALSE
4410,27,FALSE
4411,5,TRUE
4411,3,FALSE
4412,13,TRUE
4412,15,FALSE
4413,39,TRUE
4414,2,TRUE
4414,10,FALSE
4415,17,TRUE
4415,15,FALSE
4415,38,FALSE
4416,25,TRUE
4417,1,TRUE
4417,21,FALSE
4418,13,TRUE
4418,20,FALSE
4419,28,TRUE
4419,13,FALSE
4419,14,FALSE
4420,1,TRUE
4421,17,TRUE
4421,15,FALSE
4421,21,FALSE
4422,15,TRUE
4422,19,FALSE
4423,13,TRUE
4423,15,FALSE
4423,21,FALSE
4424,13,TRUE
4424,15,FALSE
4425,26,TRUE
4425,13,FALSE
4425,15,FALSE
4426,13,TRUE
4426,15,FALSE
4426,21,FALSE
4427,17,TRUE
4427,13,FALSE
4427,15,FALSE
4428,17,TRUE
4428,13,FALSE
4428,15,FALSE
4429,15,TRUE
4429,20,FALSE
4430,17,TRUE
4430,13,FALSE
4430,15,FALSE
4431,25,TRUE
4431,18,FALSE
4432,13,TRUE
4432,15,FALSE
4432,21,FALSE
4433,17,TRUE
4433,15,FALSE
4433,21,FALSE
4434,17,TRUE
4434,15,FALSE
4435,14,TRUE
4435,19,FALSE
4436,39,TRUE
4437,7,TRUE
4438,13,TRUE
4438,15,FALSE
4438,19,FALSE
4439,17,TRUE
4439,15,FALSE
4439,19,FALSE
4440,15,TRUE
4440,19,FALSE
4441,17,TRUE
4441,13,FALSE
4441,15,FALSE
4442,13,TRUE
4442,15,FALSE
4443,26,TRUE
4443,17,FALSE
4443,15,FALSE
4444,17,TRUE
4444,15,FALSE
4444,21,FALSE
4445,17,TRUE
4445,15,FALSE
4445,21,FALSE
4446,13,TRUE
4446,15,FALSE
4446,30,FALSE
4447,17,TRUE
4447,15,FALSE
4447,21,FALSE
4448,39,TRUE
4449,17,TRUE
4449,13,FALSE
4449,15,FALSE
4450,13,TRUE
4450,15,FALSE
4450,21,FALSE
4451,39,TRUE
4452,13,TRUE
4452,15,FALSE
4453,17,TRUE
4453,15,FALSE
4453,21,FALSE
4454,13,TRUE
4454,15,FALSE
4455,17,TRUE
4455,13,FALSE
4455,15,FALSE
4456,26,TRUE
4456,13,FALSE
4456,15,FALSE
4457,13,TRUE
4457,15,FALSE
4457,19,FALSE
4458,13,TRUE
4458,15,FALSE
4458,21,FALSE
4459,17,TRUE
4459,15,FALSE
4459,21,FALSE
4460,13,TRUE
4460,15,FALSE
4460,19,FALSE
4461,39,TRUE
4462,16,TRUE
4462,8,FALSE
4463,1,TRUE
4463,38,FALSE
4464,13,TRUE
4464,14,FALSE
4464,15,FALSE
4465,17,TRUE
4465,13,FALSE
4465,15,FALSE
4466,17,TRUE
4466,13,FALSE
4466,14,FALSE
4467,12,TRUE
4467,13,FALSE
4468,13,TRUE
4468,15,FALSE
4468,19,FALSE
4469,13,TRUE
4469,15,FALSE
4470,31,TRUE
4470,2,FALSE
4471,26,TRUE
4471,15,FALSE
4472,13,TRUE
4472,15,FALSE
4472,21,FALSE
4473,13,TRUE
4473,15,FALSE
4474,17,TRUE
4474,13,FALSE
4474,15,FALSE
4475,17,TRUE
4475,15,FALSE
4475,20,FALSE
4476,1,TRUE
4477,5,TRUE
4477,7,FALSE
4477,2,FALSE
4478,13,TRUE
4478,15,FALSE
4478,19,FALSE
4479,25,TRUE
4479,10,FALSE
4480,10,TRUE
4481,1,TRUE
4482,26,TRUE
4482,13,FALSE
4482,15,FALSE
4483,39,TRUE
4484,2,TRUE
4484,9,FALSE
4484,3,FALSE
4485,26,TRUE
4485,23,FALSE
4486,41,TRUE
4487,17,TRUE
4487,15,FALSE
4487,20,FALSE
4488,2,TRUE
4488,9,FALSE
4488,10,FALSE
4489,7,TRUE
4489,2,FALSE
4489,33,FALSE
4490,25,TRUE
4490,10,FALSE
4491,40,TRUE
4492,40,TRUE
4493,12,TRUE
4493,17,FALSE
4494,26,TRUE
4494,15,FALSE
4494,23,FALSE
4495,5,TRUE
4495,7,FALSE
4496,5,TRUE
4496,6,FALSE
4497,13,TRUE
4497,15,FALSE
4498,40,TRUE
4499,2,TRUE
4499,3,FALSE
4499,34,FALSE
4500,26,TRUE
4500,15,FALSE
4501,26,TRUE
4501,15,FALSE
4502,16,TRUE
4502,2,FALSE
4502,9,FALSE
4503,13,TRUE
4503,15,FALSE
4503,19,FALSE
4504,25,TRUE
4504,10,FALSE
4505,5,TRUE
4505,2,FALSE
4505,10,FALSE
4506,39,TRUE
4507,13,TRUE
4507,15,FALSE
4508,13,TRUE
4508,15,FALSE
4509,16,TRUE
4509,2,FALSE
4509,8,FALSE
4510,13,TRUE
4510,15,FALSE
4510,30,FALSE
4511,22,TRUE
4511,15,FALSE
4511,19,FALSE
4512,5,TRUE
4512,25,FALSE
4513,22,TRUE
4513,15,FALSE
4513,23,FALSE
4514,1,TRUE
4514,38,FALSE
4515,7,TRUE
4516,22,TRUE
4516,15,FALSE
4517,1,TRUE
4517,21,FALSE
4518,10,TRUE
4518,4,FALSE
4519,3,TRUE
4519,11,FALSE
4519,4,FALSE
4520,13,TRUE
4520,14,FALSE
4521,5,TRUE
4521,2,FALSE
4521,3,FALSE
4522,7,TRUE
4523,13,TRUE
4523,19,FALSE
4524,5,TRUE
4524,2,FALSE
4524,3,FALSE
4525,35,TRUE
4525,22,FALSE
4525,14,FALSE
4526,39,TRUE
4527,26,TRUE
4527,13,FALSE
4527,15,FALSE
4528,25,TRUE
4529,22,TRUE
4530,8,TRUE
4531,7,TRUE
4532,31,TRUE
4532,2,FALSE
4533,22,TRUE
4533,19,FALSE
4534,17,TRUE
4534,13,FALSE
4534,14,FALSE
4535,12,TRUE
4536,2,TRUE
4536,32,FALSE
4536,10,FALSE
4537,31,TRUE
4537,2,FALSE
4537,9,FALSE
4538,13,TRUE
4538,15,FALSE
4539,22,TRUE
4540,26,TRUE
4541,17,TRUE
4541,21,FALSE
4542,39,TRUE
4543,16,TRUE
4543,7,FALSE
4543,10,FALSE
4544,1,TRUE
4545,17,TRUE
4546,17,TRUE
4546,1,FALSE
4547,17,TRUE
4547,1,FALSE
4548,17,TRUE
4549,1,TRUE
4550,16,TRUE
4550,7,FALSE
4551,2,TRUE
4551,10,FALSE
4552,16,TRUE
4552,42,FALSE
4552,2,FALSE
4553,28,TRUE
4553,17,FALSE
4553,35,FALSE
4554,16,TRUE
4554,10,FALSE
4555,17,TRUE
4556,1,TRUE
4557,26,TRUE
4557,13,FALSE
4557,15,FALSE
4558,12,TRUE
4559,22,TRUE
4559,15,FALSE
4560,26,TRUE
4560,13,FALSE
4560,15,FALSE
4561,13,TRUE
4561,15,FALSE
4561,30,FALSE
4562,13,TRUE
4562,15,FALSE
4563,13,TRUE
4563,15,FALSE
4563,20,FALSE
4564,15,TRUE
4564,21,FALSE
4564,20,FALSE
4565,13,TRUE
4565,15,FALSE
4566,17,TRUE
4566,15,FALSE
4566,20,FALSE
4567,13,TRUE
4567,14,FALSE
4567,15,FALSE
4568,13,TRUE
4568,15,FALSE
4568,21,FALSE
4569,17,TRUE
4569,15,FALSE
4569,21,FALSE
4570,13,TRUE
4570,15,FALSE
4571,9,TRUE
4571,10,FALSE
4572,26,TRUE
4572,17,FALSE
4572,15,FALSE
4573,17,TRUE
4573,13,FALSE
4573,15,FALSE
4574,26,TRUE
4574,13,FALSE
4574,15,FALSE
4575,17,TRUE
4575,13,FALSE
4575,15,FALSE
4576,13,TRUE
4576,15,FALSE
4576,21,FALSE
4577,13,TRUE
4577,15,FALSE
4577,30,FALSE
4578,17,TRUE
4578,15,FALSE
4578,20,FALSE
4579,26,TRUE
4579,13,FALSE
4579,15,FALSE
4580,17,TRUE
4580,13,FALSE
4580,15,FALSE
4581,15,TRUE
4581,19,FALSE
4582,13,TRUE
4582,15,FALSE
4583,17,TRUE
4583,15,FALSE
4583,20,FALSE
4584,17,TRUE
4584,13,FALSE
4584,15,FALSE
4585,17,TRUE
4585,13,FALSE
4585,15,FALSE
4586,17,TRUE
4586,15,FALSE
4587,26,TRUE
4587,15,FALSE
4588,26,TRUE
4588,15,FALSE
4589,17,TRUE
4589,15,FALSE
4589,23,FALSE
4590,12,TRUE
4591,12,TRUE
4592,17,TRUE
4592,13,FALSE
4592,14,FALSE
4593,26,TRUE
4593,13,FALSE
4593,15,FALSE
4594,13,TRUE
4594,15,FALSE
4594,20,FALSE
4595,17,TRUE
4595,15,FALSE
4595,21,FALSE
4596,26,TRUE
4596,13,FALSE
4596,15,FALSE
4597,17,TRUE
4597,13,FALSE
4597,14,FALSE
4598,26,TRUE
4598,15,FALSE
4599,22,TRUE
4599,15,FALSE
4599,19,FALSE
4600,17,TRUE
4600,15,FALSE
4600,21,FALSE
4601,26,TRUE
4601,15,FALSE
4601,21,FALSE
4602,26,TRUE
4602,15,FALSE
4602,21,FALSE
4603,17,TRUE
4603,13,FALSE
4603,15,FALSE
4604,17,TRUE
4604,13,FALSE
4604,15,FALSE
4605,8,TRUE
4606,26,TRUE
4606,15,FALSE
4606,21,FALSE
4607,1,TRUE
4607,15,FALSE
4608,17,TRUE
4608,15,FALSE
4608,21,FALSE
4609,16,TRUE
4609,2,FALSE
4609,8,FALSE
4610,26,TRUE
4610,13,FALSE
4610,15,FALSE
4611,13,TRUE
4611,14,FALSE
4611,15,FALSE
4612,26,TRUE
4612,15,FALSE
4612,21,FALSE
4613,17,TRUE
4613,15,FALSE
4613,20,FALSE
4614,13,TRUE
4614,15,FALSE
4615,17,TRUE
4615,15,FALSE
4615,20,FALSE
4616,13,TRUE
4616,15,FALSE
4616,20,FALSE
4617,12,TRUE
4617,13,FALSE
4618,13,TRUE
4618,14,FALSE
4618,15,FALSE
4619,26,TRUE
4619,15,FALSE
4619,23,FALSE
4620,26,TRUE
4620,13,FALSE
4621,1,TRUE
4622,2,TRUE
4622,8,FALSE
4622,18,FALSE
4623,25,TRUE
4624,25,TRUE
4624,10,FALSE
4625,22,TRUE
4625,15,FALSE
4626,1,TRUE
4626,15,FALSE
4627,14,TRUE
4627,15,FALSE
4627,19,FALSE
4628,8,TRUE
4628,33,FALSE
4628,6,FALSE
4629,31,TRUE
4629,2,FALSE
4630,10,TRUE
4630,3,FALSE
4630,4,FALSE
4631,1,TRUE
4631,21,FALSE
4632,39,TRUE
4633,5,TRUE
4633,10,FALSE
4633,3,FALSE
4634,31,TRUE
4634,2,FALSE
4635,25,TRUE
4636,5,TRUE
4636,2,FALSE
4636,3,FALSE
4637,5,TRUE
4637,10,FALSE
4637,34,FALSE
4638,7,TRUE
4638,2,FALSE
4638,18,FALSE
4639,5,TRUE
4639,2,FALSE
4639,18,FALSE
4640,41,TRUE
4640,10,FALSE
4641,25,TRUE
4642,13,TRUE
4642,15,FALSE
4642,19,FALSE
4643,17,TRUE
4643,13,FALSE
4643,14,FALSE
4644,2,TRUE
4644,9,FALSE
4644,6,FALSE
4645,1,TRUE
4646,2,TRUE
4646,32,FALSE
4646,3,FALSE
4647,13,TRUE
4647,15,FALSE
4648,41,TRUE
4648,10,FALSE
4649,7,TRUE
4649,25,FALSE
4649,33,FALSE
4650,13,TRUE
4650,15,FALSE
4651,2,TRUE
4651,10,FALSE
4652,25,TRUE
4653,25,TRUE
4654,1,TRUE
4655,7,TRUE
4656,5,TRUE
4656,6,FALSE
4656,3,FALSE
4657,12,TRUE
4657,17,FALSE
4657,23,FALSE
4658,17,TRUE
4658,20,FALSE
4659,25,TRUE
4660,13,TRUE
4660,15,FALSE
4660,19,FALSE
4661,17,TRUE
4661,13,FALSE
4661,15,FALSE
4662,26,TRUE
4663,5,TRUE
4663,2,FALSE
4663,6,FALSE
4664,5,TRUE
4664,3,FALSE
4664,4,FALSE
4665,5,TRUE
4665,2,FALSE
4665,3,FALSE
4666,13,TRUE
4666,15,FALSE
4666,19,FALSE
4667,13,TRUE
4667,14,FALSE
4667,15,FALSE
4668,13,TRUE
4668,14,FALSE
4668,15,FALSE
4669,13,TRUE
4669,14,FALSE
4669,15,FALSE
4670,13,TRUE
4670,14,FALSE
4670,15,FALSE
4671,2,TRUE
4671,10,FALSE
4671,3,FALSE
4672,13,TRUE
4672,15,FALSE
4672,30,FALSE
4673,2,TRUE
4673,18,FALSE
4673,3,FALSE
4674,5,TRUE
4674,7,FALSE
4674,2,FALSE
4675,41,TRUE
4675,10,FALSE
4676,17,TRUE
4676,15,FALSE
4676,20,FALSE
4677,8,TRUE
4678,8,TRUE
4678,18,FALSE
4679,5,TRUE
4679,2,FALSE
4679,18,FALSE
4680,26,TRUE
4680,15,FALSE
4681,17,TRUE
4681,15,FALSE
4681,20,FALSE
4682,26,TRUE
4682,15,FALSE
4683,7,TRUE
4684,39,TRUE
4685,39,TRUE
4686,2,TRUE
4686,3,FALSE
4686,11,FALSE
4687,17,TRUE
4688,2,TRUE
4688,10,FALSE
4688,3,FALSE
4689,17,TRUE
4689,21,FALSE
4690,16,TRUE
4690,2,FALSE
4690,9,FALSE
4691,17,TRUE
4691,13,FALSE
4691,15,FALSE
4692,26,TRUE
4692,13,FALSE
4692,15,FALSE
4693,13,TRUE
4693,15,FALSE
4693,19,FALSE
4694,13,TRUE
4694,15,FALSE
4694,20,FALSE
4695,17,TRUE
4695,13,FALSE
4695,15,FALSE
4696,17,TRUE
4697,8,TRUE
4698,17,TRUE
4698,13,FALSE
4698,15,FALSE
4699,17,TRUE
4699,15,FALSE
4699,20,FALSE
4700,39,TRUE
4701,13,TRUE
4701,15,FALSE
4701,23,FALSE
4702,17,TRUE
4702,13,FALSE
4702,14,FALSE
4703,7,TRUE
4703,2,FALSE
4703,33,FALSE
4704,7,TRUE
4704,8,FALSE
4704,33,FALSE
4705,10,TRUE
4706,13,TRUE
4706,20,FALSE
4707,17,TRUE
4708,1,TRUE
4708,30,FALSE
4709,13,TRUE
4709,15,FALSE
4709,19,FALSE
4710,3,TRUE
4710,11,FALSE
4710,4,FALSE
4711,2,TRUE
4711,9,FALSE
4711,3,FALSE
4712,2,TRUE
4712,3,FALSE
4712,4,FALSE
4713,17,TRUE
4713,13,FALSE
4713,15,FALSE
4714,26,TRUE
4714,15,FALSE
4715,17,TRUE
4715,13,FALSE
4715,15,FALSE
4716,29,TRUE
4716,15,FALSE
4716,20,FALSE
4717,5,TRUE
4717,2,FALSE
4717,18,FALSE
4718,25,TRUE
4719,17,TRUE
4719,13,FALSE
4720,13,TRUE
4720,15,FALSE
4720,19,FALSE
4721,12,TRUE
4721,17,FALSE
4721,13,FALSE
4722,13,TRUE
4722,15,FALSE
4723,13,TRUE
4723,15,FALSE
4723,20,FALSE
4724,13,TRUE
4724,15,FALSE
4724,21,FALSE
4725,13,TRUE
4725,15,FALSE
4726,13,TRUE
4726,15,FALSE
4726,20,FALSE
4727,26,TRUE
4727,13,FALSE
4727,15,FALSE
4728,17,TRUE
4728,15,FALSE
4728,21,FALSE
4729,17,TRUE
4729,15,FALSE
4729,21,FALSE
4730,15,TRUE
4730,21,FALSE
4730,20,FALSE
4731,26,TRUE
4731,13,FALSE
4731,15,FALSE
4732,13,TRUE
4732,15,FALSE
4732,19,FALSE
4733,13,TRUE
4733,15,FALSE
4734,26,TRUE
4734,17,FALSE
4734,15,FALSE
4735,13,TRUE
4735,15,FALSE
4735,20,FALSE
4736,17,TRUE
4736,15,FALSE
4736,20,FALSE
4737,17,TRUE
4737,15,FALSE
4737,20,FALSE
4738,12,TRUE
4738,13,FALSE
4738,14,FALSE
4739,7,TRUE
4739,2,FALSE
4740,1,TRUE
4741,13,TRUE
4741,14,FALSE
4741,15,FALSE
4742,2,TRUE
4742,3,FALSE
4742,4,FALSE
4743,2,TRUE
4743,9,FALSE
4743,3,FALSE
4744,2,TRUE
4744,10,FALSE
4745,31,TRUE
4745,2,FALSE
4746,40,TRUE
4747,17,TRUE
4748,10,TRUE
4749,17,TRUE
4749,22,FALSE
4749,15,FALSE
4750,39,TRUE
4751,5,TRUE
4751,18,FALSE
4751,6,FALSE
4752,26,TRUE
4752,13,FALSE
4752,23,FALSE
4753,5,TRUE
4753,2,FALSE
4753,6,FALSE
4754,1,TRUE
4755,2,TRUE
4755,10,FALSE
4755,3,FALSE
4756,13,TRUE
4756,15,FALSE
4757,39,TRUE
4758,15,TRUE
4758,19,FALSE
4759,16,TRUE
4759,2,FALSE
4759,8,FALSE
4760,7,TRUE
4760,2,FALSE
4761,12,TRUE
4761,17,FALSE
4762,17,TRUE
4763,25,TRUE
4763,10,FALSE
4764,2,TRUE
4764,10,FALSE
4764,3,FALSE
4765,25,TRUE
4766,13,TRUE
4766,37,FALSE
4766,15,FALSE
4767,17,TRUE
4767,15,FALSE
4768,7,TRUE
4768,2,FALSE
4768,18,FALSE
4769,1,TRUE
4769,15,FALSE
4769,21,FALSE
4770,26,TRUE
4770,29,FALSE
4770,15,FALSE
4771,12,TRUE
4771,13,FALSE
4771,15,FALSE
4772,41,TRUE
4772,10,FALSE
4773,2,TRUE
4773,9,FALSE
4773,3,FALSE
4774,26,TRUE
4774,23,FALSE
4775,39,TRUE
4776,22,TRUE
4776,14,FALSE
4776,15,FALSE
4777,2,TRUE
4777,6,FALSE
4777,3,FALSE
4778,16,TRUE
4778,2,FALSE
4778,8,FALSE
4779,5,TRUE
4779,7,FALSE
4780,2,TRUE
4780,32,FALSE
4780,9,FALSE
4781,7,TRUE
4781,2,FALSE
4782,39,TRUE
4783,26,TRUE
4783,17,FALSE
4783,13,FALSE
4784,13,TRUE
4784,14,FALSE
4784,15,FALSE
4785,12,TRUE
4785,13,FALSE
4786,39,TRUE
4787,39,TRUE
4788,39,TRUE
4789,39,TRUE
4790,17,TRUE
4790,13,FALSE
4790,15,FALSE
4791,17,TRUE
4791,13,FALSE
4791,15,FALSE
4792,39,TRUE
4793,13,TRUE
4793,15,FALSE
4793,20,FALSE
4794,17,TRUE
4794,13,FALSE
4794,15,FALSE
4795,13,TRUE
4795,14,FALSE
4795,38,FALSE
4796,12,TRUE
4796,17,FALSE
4796,13,FALSE
4797,13,TRUE
4797,15,FALSE
4797,19,FALSE
4798,17,TRUE
4798,13,FALSE
4798,15,FALSE
4799,5,TRUE
4799,3,FALSE
4799,4,FALSE
4800,22,TRUE
4800,15,FALSE
4801,17,TRUE
4801,13,FALSE
4801,15,FALSE
4802,1,TRUE
4802,21,FALSE
4803,13,TRUE
4803,14,FALSE
4803,15,FALSE
4804,39,TRUE
4805,5,TRUE
4805,3,FALSE
4805,4,FALSE
4806,22,TRUE
4806,14,FALSE
4806,15,FALSE
4807,13,TRUE
4807,15,FALSE
4807,19,FALSE
4808,16,TRUE
4808,2,FALSE
4808,8,FALSE
4809,39,TRUE
4810,16,TRUE
4810,5,FALSE
4810,2,FALSE
4811,17,TRUE
4811,13,FALSE
4811,15,FALSE
4812,1,TRUE
4813,23,TRUE
4813,19,FALSE
4814,25,TRUE
4814,10,FALSE
4815,39,TRUE
4816,2,TRUE
4816,10,FALSE
4817,26,TRUE
4817,29,FALSE
4817,23,FALSE
4818,17,TRUE
4818,15,FALSE
4818,38,FALSE
4819,3,TRUE
4820,13,TRUE
4820,14,FALSE
4820,15,FALSE
4821,15,TRUE
4822,5,TRUE
4822,6,FALSE
4822,3,FALSE
4823,13,TRUE
4823,15,FALSE
4823,20,FALSE
4824,39,TRUE
4825,2,TRUE
4825,18,FALSE
4825,10,FALSE
4826,17,TRUE
4826,13,FALSE
4826,15,FALSE
4827,17,TRUE
4827,15,FALSE
4828,1,TRUE
4828,15,FALSE
4829,17,TRUE
4829,20,FALSE
4830,13,TRUE
4830,14,FALSE
4830,15,FALSE
4831,13,TRUE
4831,15,FALSE
4832,25,TRUE
4833,25,TRUE
4834,17,TRUE
4834,13,FALSE
4834,14,FALSE
4835,17,TRUE
4835,14,FALSE
4835,15,FALSE
4836,39,TRUE
4837,5,TRUE
4837,7,FALSE
4837,4,FALSE
4838,3,TRUE
4839,31,TRUE
4839,25,FALSE
4840,13,TRUE
4840,15,FALSE
4841,13,TRUE
4841,15,FALSE
4841,19,FALSE
4842,5,TRUE
4842,7,FALSE
4842,2,FALSE
4843,13,TRUE
4843,14,FALSE
4844,1,TRUE
4844,15,FALSE
4844,30,FALSE
4845,10,TRUE
4846,10,TRUE
4847,41,TRUE
4847,10,FALSE
4848,13,TRUE
4848,15,FALSE
4848,19,FALSE
4849,2,TRUE
4849,32,FALSE
4849,9,FALSE
4850,39,TRUE
4851,17,TRUE
4851,20,FALSE
4852,39,TRUE
4853,25,TRUE
4853,6,FALSE
4853,27,FALSE
4854,2,TRUE
4854,6,FALSE
4854,10,FALSE
4855,39,TRUE
4856,17,TRUE
4856,15,FALSE
4856,20,FALSE
4857,25,TRUE
4858,5,TRUE
4858,25,FALSE
4858,10,FALSE
4859,39,TRUE
4860,1,TRUE
4860,15,FALSE
4861,26,TRUE
4861,13,FALSE
4861,15,FALSE
4862,26,TRUE
4862,29,FALSE
4862,28,FALSE
4863,31,TRUE
4863,2,FALSE
4864,39,TRUE
4865,17,TRUE
4865,14,FALSE
4866,41,TRUE
4867,39,TRUE
4868,5,TRUE
4868,7,FALSE
4868,4,FALSE
4869,17,TRUE
4869,20,FALSE
4870,25,TRUE
4870,10,FALSE
4871,39,TRUE
4872,17,TRUE
4872,15,FALSE
4873,22,TRUE
4874,12,TRUE
4874,17,FALSE
4874,21,FALSE
4875,41,TRUE
4875,10,FALSE
4876,13,TRUE
4876,23,FALSE
4876,19,FALSE
4877,39,TRUE
4878,1,TRUE
4879,13,TRUE
4879,15,FALSE
4880,25,TRUE
4881,17,TRUE
4881,15,FALSE
4881,20,FALSE
4882,26,TRUE
4882,15,FALSE
4883,17,TRUE
4883,13,FALSE
4883,15,FALSE
4884,17,TRUE
4884,15,FALSE
4885,26,TRUE
4885,15,FALSE
4886,13,TRUE
4886,15,FALSE
4887,26,TRUE
4887,13,FALSE
4887,14,FALSE
4888,1,TRUE
4888,15,FALSE
4889,26,TRUE
4889,14,FALSE
4890,17,TRUE
4890,15,FALSE
4891,39,TRUE
4892,17,TRUE
4892,15,FALSE
4892,20,FALSE
4893,40,TRUE
4894,40,TRUE
4895,40,TRUE
4896,40,TRUE
4897,40,TRUE
4898,40,TRUE
4899,25,TRUE
4900,13,TRUE
4900,15,FALSE
4901,2,TRUE
4901,41,FALSE
4902,17,TRUE
4902,13,FALSE
4902,14,FALSE
4903,17,TRUE
4903,15,FALSE
4904,2,TRUE
4904,3,FALSE
4905,17,TRUE
4905,15,FALSE
4905,20,FALSE
4906,13,TRUE
4906,15,FALSE
4907,7,TRUE
4908,12,TRUE
4908,13,FALSE
4908,20,FALSE
4909,2,TRUE
4909,3,FALSE
4909,11,FALSE
4910,17,TRUE
4910,15,FALSE
4910,30,FALSE
4911,2,TRUE
4911,3,FALSE
4912,1,TRUE
4913,17,TRUE
4914,2,TRUE
4914,9,FALSE
4914,10,FALSE
4915,2,TRUE
4915,3,FALSE
4916,39,TRUE
4917,1,TRUE
4918,12,TRUE
4919,26,TRUE
4919,17,FALSE
4919,15,FALSE
4920,39,TRUE
4921,17,TRUE
4921,13,FALSE
4921,14,FALSE
4922,17,TRUE
4922,13,FALSE
4923,1,TRUE
4924,17,TRUE
4924,13,FALSE
4924,15,FALSE
4925,2,TRUE
4925,3,FALSE
4926,5,TRUE
4926,2,FALSE
4926,3,FALSE
4927,41,TRUE
4927,10,FALSE
4928,26,TRUE
4928,23,FALSE
4929,13,TRUE
4929,37,FALSE
4929,14,FALSE
4930,17,TRUE
4930,15,FALSE
4930,20,FALSE
4931,25,TRUE
4932,13,TRUE
4932,14,FALSE
4932,15,FALSE
4933,39,TRUE
4934,2,TRUE
4934,3,FALSE
4935,13,TRUE
4935,14,FALSE
4936,13,TRUE
4936,14,FALSE
4936,30,FALSE
4937,13,TRUE
4937,15,FALSE
4937,23,FALSE
4938,1,TRUE
4938,37,FALSE
4939,39,TRUE
4940,17,TRUE
4940,13,FALSE
4940,14,FALSE
4941,39,TRUE
4942,16,TRUE
4942,2,FALSE
4942,9,FALSE
4943,25,TRUE
4944,22,TRUE
4944,14,FALSE
4945,39,TRUE
4946,13,TRUE
4946,15,FALSE
4946,19,FALSE
4947,6,TRUE
4947,27,FALSE
4948,13,TRUE
4948,15,FALSE
4948,19,FALSE
4949,13,TRUE
4949,15,FALSE
4950,5,TRUE
4950,2,FALSE
4950,10,FALSE
4951,39,TRUE
4952,16,TRUE
4952,2,FALSE
4952,10,FALSE
4953,26,TRUE
4953,17,FALSE
4953,13,FALSE
4954,13,TRUE
4954,15,FALSE
4954,19,FALSE
4955,17,TRUE
4955,13,FALSE
4955,15,FALSE
4956,13,TRUE
4956,15,FALSE
4956,20,FALSE
4957,17,TRUE
4957,13,FALSE
4957,15,FALSE
4958,16,TRUE
4958,2,FALSE
4958,9,FALSE
4959,26,TRUE
4959,23,FALSE
4960,13,TRUE
4960,14,FALSE
4960,30,FALSE
4961,17,TRUE
4961,20,FALSE
4962,7,TRUE
4963,39,TRUE
4964,13,TRUE
4964,23,FALSE
4964,19,FALSE
4965,42,TRUE
4965,5,FALSE
4965,2,FALSE
4966,17,TRUE
4966,35,FALSE
4967,17,TRUE
4967,35,FALSE
4968,7,TRUE
4969,16,TRUE
4969,2,FALSE
4969,41,FALSE
4970,13,TRUE
4970,15,FALSE
4970,19,FALSE
4971,26,TRUE
4971,17,FALSE
4972,13,TRUE
4972,15,FALSE
4973,13,TRUE
4973,14,FALSE
4973,21,FALSE
4974,16,TRUE
4974,2,FALSE
4974,3,FALSE
4975,13,TRUE
4975,21,FALSE
4976,13,TRUE
4976,15,FALSE
4976,21,FALSE
4977,41,TRUE
4977,10,FALSE
4978,12,TRUE
4978,13,FALSE
4979,2,TRUE
4979,18,FALSE
4979,3,FALSE
4980,1,TRUE
4981,5,TRUE
4981,7,FALSE
4982,39,TRUE
4983,29,TRUE
4983,12,FALSE
4983,15,FALSE
4984,17,TRUE
4984,13,FALSE
4984,15,FALSE
4985,2,TRUE
4985,9,FALSE
4985,3,FALSE
4986,2,TRUE
4986,3,FALSE
4986,4,FALSE
4987,13,TRUE
4987,15,FALSE
4988,26,TRUE
4988,13,FALSE
4988,15,FALSE
4989,31,TRUE
4989,2,FALSE
4990,39,TRUE
4991,12,TRUE
4992,31,TRUE
4992,2,FALSE
4993,16,TRUE
4993,5,FALSE
4993,2,FALSE
4994,13,TRUE
4994,19,FALSE
4995,5,TRUE
4995,2,FALSE
4995,32,FALSE
4996,1,TRUE
4996,15,FALSE
4996,30,FALSE
4997,15,TRUE
4997,19,FALSE
4998,5,TRUE
4998,2,FALSE
4998,3,FALSE
4999,39,TRUE
5000,12,TRUE
5000,1,FALSE
5001,7,TRUE
5001,33,FALSE
5002,39,TRUE
5003,39,TRUE
5004,22,TRUE
5004,15,FALSE
5005,5,TRUE
5005,2,FALSE
5005,3,FALSE
5006,39,TRUE
5007,26,TRUE
5007,14,FALSE
5007,23,FALSE
5008,13,TRUE
5008,15,FALSE
5008,20,FALSE
5009,13,TRUE
5009,15,FALSE
5010,26,TRUE
5010,17,FALSE
5010,15,FALSE
5011,13,TRUE
5011,21,FALSE
5011,20,FALSE
5012,17,TRUE
5012,15,FALSE
5013,13,TRUE
5013,15,FALSE
5013,20,FALSE
5014,17,TRUE
5014,14,FALSE
5014,15,FALSE
5015,13,TRUE
5015,15,FALSE
5016,17,TRUE
5016,15,FALSE
5017,40,TRUE
5018,40,TRUE
5019,17,TRUE
5019,35,FALSE
5020,40,TRUE
5021,17,TRUE
5021,14,FALSE
5021,15,FALSE
5022,13,TRUE
5022,15,FALSE
5023,13,TRUE
5023,15,FALSE
5023,19,FALSE
5024,40,TRUE
5025,39,TRUE
5026,22,TRUE
5026,15,FALSE
5026,19,FALSE
5027,2,TRUE
5027,9,FALSE
5027,10,FALSE
5028,2,TRUE
5028,3,FALSE
5028,24,FALSE
5029,23,TRUE
5029,19,FALSE
5030,5,TRUE
5030,3,FALSE
5031,16,TRUE
5031,7,FALSE
5031,2,FALSE
5032,13,TRUE
5032,15,FALSE
5032,19,FALSE
5033,16,TRUE
5033,5,FALSE
5033,2,FALSE
5034,26,TRUE
5034,13,FALSE
5034,15,FALSE
5035,39,TRUE
5036,25,TRUE
5036,6,FALSE
5037,10,TRUE
5037,3,FALSE
5037,34,FALSE
5038,13,TRUE
5038,20,FALSE
5039,2,TRUE
5039,3,FALSE
5039,4,FALSE
5040,39,TRUE
5041,17,TRUE
5041,15,FALSE
5041,20,FALSE
5042,1,TRUE
5043,22,TRUE
5043,15,FALSE
5043,19,FALSE
5044,1,TRUE
5044,15,FALSE
5045,17,TRUE
5045,20,FALSE
5046,21,TRUE
5046,39,FALSE
5047,6,TRUE
5047,3,FALSE
5048,26,TRUE
5048,23,FALSE
5049,7,TRUE
5049,8,FALSE
5050,39,TRUE
5051,13,TRUE
5051,15,FALSE
5051,20,FALSE
5052,17,TRUE
5052,13,FALSE
5052,15,FALSE
5053,1,TRUE
5054,13,TRUE
5054,14,FALSE
5054,20,FALSE
5055,5,TRUE
5055,7,FALSE
5055,2,FALSE
5056,1,TRUE
5056,15,FALSE
5057,39,TRUE
5058,16,TRUE
5058,5,FALSE
5058,2,FALSE
5059,17,TRUE
5059,13,FALSE
5059,37,FALSE
5060,17,TRUE
5061,39,TRUE
5062,39,TRUE
5063,39,TRUE
5064,25,TRUE
5064,10,FALSE
5065,26,TRUE
5065,15,FALSE
5066,2,TRUE
5066,32,FALSE
5066,10,FALSE
5067,39,TRUE
5068,39,TRUE
5069,1,TRUE
5069,15,FALSE
5070,6,TRUE
5070,3,FALSE
5070,27,FALSE
5071,2,TRUE
5071,9,FALSE
5071,3,FALSE
5072,39,TRUE
5073,17,TRUE
5074,22,TRUE
5074,19,FALSE
5075,14,TRUE
5075,15,FALSE
5075,19,FALSE
5076,2,TRUE
5076,9,FALSE
5076,18,FALSE
5077,39,TRUE
5078,36,TRUE
5079,39,TRUE
5080,26,TRUE
5080,15,FALSE
5080,23,FALSE
5081,13,TRUE
5081,15,FALSE
5081,21,FALSE
5082,12,TRUE
5082,13,FALSE
5082,30,FALSE
5083,10,TRUE
5084,13,TRUE
5084,15,FALSE
5085,17,TRUE
5085,14,FALSE
5086,1,TRUE
5086,15,FALSE
5087,39,TRUE
5088,39,TRUE
5089,22,TRUE
5089,15,FALSE
5089,19,FALSE
5090,2,TRUE
5090,9,FALSE
5090,10,FALSE
5091,42,TRUE
5091,10,FALSE
5092,22,TRUE
5092,19,FALSE
5093,31,TRUE
5093,2,FALSE
5093,11,FALSE
5094,17,TRUE
5094,13,FALSE
5094,14,FALSE
5095,1,TRUE
5095,15,FALSE
5096,31,TRUE
5096,2,FALSE
5097,31,TRUE
5097,2,FALSE
5098,16,TRUE
5098,2,FALSE
5098,9,FALSE
5099,31,TRUE
5099,25,FALSE
5100,5,TRUE
5100,2,FALSE
5100,3,FALSE
5101,41,TRUE
5101,10,FALSE
5102,17,TRUE
5102,15,FALSE
5103,17,TRUE
5103,15,FALSE
5103,30,FALSE
5104,5,TRUE
5104,2,FALSE
5104,3,FALSE
5105,26,TRUE
5105,17,FALSE
5105,13,FALSE
5106,2,TRUE
5106,3,FALSE
5107,12,TRUE
5107,21,FALSE
5108,17,TRUE
5108,14,FALSE
5109,39,TRUE
5110,2,TRUE
5110,32,FALSE
5110,10,FALSE
5111,22,TRUE
5111,14,FALSE
5111,19,FALSE
5112,16,TRUE
5112,7,FALSE
5113,7,TRUE
5113,2,FALSE
5113,33,FALSE
5114,26,TRUE
5114,23,FALSE
5115,13,TRUE
5115,15,FALSE
5115,20,FALSE
5116,12,TRUE
5116,17,FALSE
5117,1,TRUE
5118,39,TRUE
5119,5,TRUE
5119,2,FALSE
5119,10,FALSE
5120,2,TRUE
5120,32,FALSE
5120,9,FALSE
5121,2,TRUE
5121,41,FALSE
5121,10,FALSE
5122,13,TRUE
5122,15,FALSE
5122,20,FALSE
5123,17,TRUE
5123,13,FALSE
5123,15,FALSE
5124,17,TRUE
5124,14,FALSE
5125,17,TRUE
5125,13,FALSE
5125,15,FALSE
5126,5,TRUE
5126,7,FALSE
5127,3,TRUE
5128,39,TRUE
5129,2,TRUE
5129,3,FALSE
5130,17,TRUE
5130,13,FALSE
5131,26,TRUE
5131,15,FALSE
5132,13,TRUE
5132,15,FALSE
5132,21,FALSE
5133,1,TRUE
5133,37,FALSE
5134,12,TRUE
5134,17,FALSE
5134,21,FALSE
5135,39,TRUE
5136,17,TRUE
5136,15,FALSE
5136,20,FALSE
5137,22,TRUE
5137,14,FALSE
5138,12,TRUE
5138,17,FALSE
5139,25,TRUE
5139,10,FALSE
5140,2,TRUE
5140,3,FALSE
5141,12,TRUE
5141,17,FALSE
5141,21,FALSE
5142,2,TRUE
5142,10,FALSE
5143,12,TRUE
5144,13,TRUE
5144,14,FALSE
5144,15,FALSE
5145,25,TRUE
5145,10,FALSE
5146,2,TRUE
5146,9,FALSE
5146,3,FALSE
5147,15,TRUE
5147,23,FALSE
5147,19,FALSE
5148,3,TRUE
5149,1,TRUE
5150,16,TRUE
5150,2,FALSE
5150,10,FALSE
5151,16,TRUE
5151,5,FALSE
5151,2,FALSE
5152,17,TRUE
5152,15,FALSE
5153,1,TRUE
5154,13,TRUE
5154,14,FALSE
5154,15,FALSE
5155,2,TRUE
5155,9,FALSE
5155,3,FALSE
5156,2,TRUE
5156,10,FALSE
5157,36,TRUE
5158,2,TRUE
5158,32,FALSE
5158,3,FALSE
5159,21,TRUE
5160,3,TRUE
5161,12,TRUE
5161,21,FALSE
5162,39,TRUE
5163,1,TRUE
5164,12,TRUE
5164,13,FALSE
5164,20,FALSE
5165,1,TRUE
5166,5,TRUE
5166,3,FALSE
5167,25,TRUE
5168,13,TRUE
5168,14,FALSE
5169,8,TRUE
5170,31,TRUE
5170,2,FALSE
5170,34,FALSE
5171,5,TRUE
5171,2,FALSE
5171,3,FALSE
5172,39,TRUE
5173,26,TRUE
5173,17,FALSE
5173,15,FALSE
5174,2,TRUE
5174,6,FALSE
5174,10,FALSE
5175,31,TRUE
5175,25,FALSE
5176,10,TRUE
5177,39,TRUE
5178,26,TRUE
5178,15,FALSE
5179,31,TRUE
5179,2,FALSE
5180,1,TRUE
5181,25,TRUE
5182,13,TRUE
5183,1,TRUE
5184,17,TRUE
5184,13,FALSE
5184,15,FALSE
5185,2,TRUE
5185,3,FALSE
5186,5,TRUE
5186,2,FALSE
5186,3,FALSE
5187,26,TRUE
5187,13,FALSE
5187,15,FALSE
5188,15,TRUE
5188,19,FALSE
5189,26,TRUE
5189,13,FALSE
5189,15,FALSE
5190,12,TRUE
5190,17,FALSE
5191,26,TRUE
5191,13,FALSE
5191,15,FALSE
5192,2,TRUE
5192,3,FALSE
5193,2,TRUE
5193,3,FALSE
5194,2,TRUE
5194,3,FALSE
5195,5,TRUE
5195,2,FALSE
5195,6,FALSE
5196,2,TRUE
5196,3,FALSE
5197,39,TRUE
5198,1,TRUE
5199,13,TRUE
5199,20,FALSE
5199,30,FALSE
5200,12,TRUE
5200,17,FALSE
5201,41,TRUE
5201,4,FALSE
5201,27,FALSE
5202,1,TRUE
5203,13,TRUE
5203,14,FALSE
5204,26,TRUE
5204,19,FALSE
5205,39,TRUE
5206,3,TRUE
5206,11,FALSE
5206,4,FALSE
5207,16,TRUE
5207,10,FALSE
5208,13,TRUE
5208,19,FALSE
5209,10,TRUE
5209,34,FALSE
5210,1,TRUE
5211,5,TRUE
5211,7,FALSE
5211,2,FALSE
5212,26,TRUE
5213,17,TRUE
5213,15,FALSE
5213,20,FALSE
5214,39,TRUE
5215,26,TRUE
5215,15,FALSE
5216,2,TRUE
5216,9,FALSE
5216,3,FALSE
5217,2,TRUE
5217,9,FALSE
5217,10,FALSE
5218,13,TRUE
5218,15,FALSE
5218,21,FALSE
5219,1,TRUE
5219,15,FALSE
5220,25,TRUE
5221,17,TRUE
5221,13,FALSE
5221,15,FALSE
5222,7,TRUE
5222,8,FALSE
5223,17,TRUE
5223,13,FALSE
5223,15,FALSE
5224,13,TRUE
5224,15,FALSE
5225,39,TRUE
5226,1,TRUE
5227,17,TRUE
5227,22,FALSE
5228,17,TRUE
5228,13,FALSE
5228,14,FALSE
5229,17,TRUE
5229,15,FALSE
5229,20,FALSE
5230,17,TRUE
5230,14,FALSE
5230,15,FALSE
5231,39,TRUE
5232,31,TRUE
5232,2,FALSE
5233,25,TRUE
5234,1,TRUE
5234,38,FALSE
5235,39,TRUE
5236,13,TRUE
5236,15,FALSE
5236,19,FALSE
5237,31,TRUE
5237,25,FALSE
5238,25,TRUE
5238,10,FALSE
5239,17,TRUE
5239,15,FALSE
5240,1,TRUE
5240,15,FALSE
5241,1,TRUE
5241,30,FALSE
5242,12,TRUE
5242,17,FALSE
5243,2,TRUE
5243,3,FALSE
5244,25,TRUE
5245,42,TRUE
5245,6,FALSE
5245,27,FALSE
5246,6,TRUE
5246,27,FALSE
5247,2,TRUE
5247,9,FALSE
5247,3,FALSE
5248,2,TRUE
5248,9,FALSE
5248,3,FALSE
5249,13,TRUE
5249,15,FALSE
5250,13,TRUE
5250,14,FALSE
5250,15,FALSE
5251,2,TRUE
5251,3,FALSE
5252,16,TRUE
5252,7,FALSE
5252,2,FALSE
5253,22,TRUE
5253,19,FALSE
5254,1,TRUE
5255,2,TRUE
5255,10,FALSE
5255,3,FALSE
5256,13,TRUE
5256,20,FALSE
5257,1,TRUE
5257,15,FALSE
5258,16,TRUE
5258,7,FALSE
5258,2,FALSE
5259,10,TRUE
5260,2,TRUE
5260,3,FALSE
5261,13,TRUE
5261,14,FALSE
5261,15,FALSE
5262,39,TRUE
5263,2,TRUE
5263,8,FALSE
5264,27,TRUE
5264,24,FALSE
5265,17,TRUE
5265,15,FALSE
5266,17,TRUE
5266,22,FALSE
5266,15,FALSE
5267,1,TRUE
5267,21,FALSE
5268,13,TRUE
5268,14,FALSE
5268,19,FALSE
5269,39,TRUE
5270,12,TRUE
5271,13,TRUE
5272,1,TRUE
5273,25,TRUE
5274,12,TRUE
5274,1,FALSE
5275,10,TRUE
5275,3,FALSE
5276,1,TRUE
5277,39,TRUE
5278,17,TRUE
5279,5,TRUE
5279,2,FALSE
5279,18,FALSE
5280,39,TRUE
5281,7,TRUE
5281,33,FALSE
5282,39,TRUE
5283,17,TRUE
5283,13,FALSE
5284,39,TRUE
5285,9,TRUE
5285,10,FALSE
5285,3,FALSE
5286,3,TRUE
5287,5,TRUE
5287,3,FALSE
5287,4,FALSE
5288,3,TRUE
5288,4,FALSE
5288,27,FALSE
5289,2,TRUE
5289,10,FALSE
5289,3,FALSE
5290,2,TRUE
5290,3,FALSE
5290,11,FALSE
5291,26,TRUE
5291,15,FALSE
5292,1,TRUE
5292,15,FALSE
5293,26,TRUE
5293,29,FALSE
5293,15,FALSE
5294,26,TRUE
5294,29,FALSE
5294,15,FALSE
5295,13,TRUE
5295,14,FALSE
5296,17,TRUE
5296,15,FALSE
5296,20,FALSE
5297,13,TRUE
5297,15,FALSE
5297,21,FALSE
5298,2,TRUE
5298,3,FALSE
5299,31,TRUE
5299,2,FALSE
5300,7,TRUE
5300,8,FALSE
5301,26,TRUE
5301,15,FALSE
5302,25,TRUE
5303,17,TRUE
5303,22,FALSE
5304,17,TRUE
5304,15,FALSE
5304,21,FALSE
5305,26,TRUE
5305,13,FALSE
5305,15,FALSE
5306,5,TRUE
5306,6,FALSE
5306,3,FALSE
5307,26,TRUE
5307,17,FALSE
5307,15,FALSE
5308,1,TRUE
5308,30,FALSE
5309,1,TRUE
5309,15,FALSE
5310,13,TRUE
5310,15,FALSE
5310,20,FALSE
5311,17,TRUE
5311,13,FALSE
5311,15,FALSE
5312,12,TRUE
5312,17,FALSE
5313,1,TRUE
5313,15,FALSE
5314,13,TRUE
5314,15,FALSE
5315,1,TRUE
5315,15,FALSE
5316,39,TRUE
5317,14,TRUE
5317,19,FALSE
5318,15,TRUE
5318,19,FALSE
5319,22,TRUE
5319,19,FALSE
5320,39,TRUE
5321,25,TRUE
5322,5,TRUE
5322,6,FALSE
5322,3,FALSE
5323,1,TRUE
5323,30,FALSE
5324,26,TRUE
5324,23,FALSE
5325,5,TRUE
5325,2,FALSE
5325,3,FALSE
5326,21,TRUE
5326,39,FALSE
5327,39,TRUE
5328,5,TRUE
5328,2,FALSE
5328,3,FALSE
5329,17,TRUE
5330,13,TRUE
5331,13,TRUE
5331,15,FALSE
5332,17,TRUE
5332,20,FALSE
5333,22,TRUE
5333,14,FALSE
5334,26,TRUE
5335,26,TRUE
5335,13,FALSE
5335,15,FALSE
5336,26,TRUE
5336,13,FALSE
5336,15,FALSE
5337,26,TRUE
5337,13,FALSE
5337,15,FALSE
5338,26,TRUE
5338,13,FALSE
5338,15,FALSE
5339,26,TRUE
5339,13,FALSE
5339,15,FALSE
5340,26,TRUE
5340,13,FALSE
5340,15,FALSE
5341,12,TRUE
5342,26,TRUE
5342,15,FALSE
5342,23,FALSE
5343,39,TRUE
5344,1,TRUE
5344,30,FALSE
5345,14,TRUE
5345,19,FALSE
5346,10,TRUE
5347,15,TRUE
5347,19,FALSE
5348,2,TRUE
5348,3,FALSE
5348,27,FALSE
5349,5,TRUE
5349,2,FALSE
5349,3,FALSE
5350,2,TRUE
5350,3,FALSE
5351,5,TRUE
5351,2,FALSE
5351,3,FALSE
5352,17,TRUE
5352,13,FALSE
5352,15,FALSE
5353,5,TRUE
5353,2,FALSE
5353,3,FALSE
5354,12,TRUE
5354,17,FALSE
5355,2,TRUE
5355,9,FALSE
5355,3,FALSE
5356,5,TRUE
5356,2,FALSE
5356,9,FALSE
5357,2,TRUE
5357,9,FALSE
5357,10,FALSE
5358,39,TRUE
5359,17,TRUE
5359,14,FALSE
5359,21,FALSE
5360,12,TRUE
5360,13,FALSE
5360,30,FALSE
5361,5,TRUE
5361,2,FALSE
5361,18,FALSE
5362,13,TRUE
5362,14,FALSE
5362,15,FALSE
5363,2,TRUE
5363,3,FALSE
5364,16,TRUE
5364,42,FALSE
5364,2,FALSE
5365,17,TRUE
5365,13,FALSE
5365,15,FALSE
5366,16,TRUE
5366,5,FALSE
5366,2,FALSE
5367,16,TRUE
5367,7,FALSE
5367,2,FALSE
5368,7,TRUE
5369,17,TRUE
5369,14,FALSE
5369,20,FALSE
5370,39,TRUE
5371,1,TRUE
5371,21,FALSE
5372,39,TRUE
5373,41,TRUE
5374,13,TRUE
5374,15,FALSE
5375,13,TRUE
5375,15,FALSE
5375,20,FALSE
5376,12,TRUE
5376,17,FALSE
5377,1,TRUE
5378,13,TRUE
5378,14,FALSE
5379,39,TRUE
5380,39,TRUE
5381,25,TRUE
5382,2,TRUE
5382,3,FALSE
5382,34,FALSE
5383,2,TRUE
5383,9,FALSE
5383,3,FALSE
5384,2,TRUE
5384,3,FALSE
5385,2,TRUE
5385,3,FALSE
5386,17,TRUE
5386,14,FALSE
5387,2,TRUE
5387,6,FALSE
5387,3,FALSE
5388,17,TRUE
5388,13,FALSE
5388,15,FALSE
5389,2,TRUE
5389,3,FALSE
5389,4,FALSE
5390,12,TRUE
5390,13,FALSE
5390,30,FALSE
5391,5,TRUE
5391,2,FALSE
5391,3,FALSE
5392,13,TRUE
5392,15,FALSE
5392,21,FALSE
5393,25,TRUE
5393,10,FALSE
5394,2,TRUE
5394,3,FALSE
5395,39,TRUE
5396,2,TRUE
5396,9,FALSE
5396,3,FALSE
5397,28,TRUE
5397,13,FALSE
5397,15,FALSE
5398,16,TRUE
5398,25,FALSE
5399,13,TRUE
5399,14,FALSE
5399,15,FALSE
5400,2,TRUE
5400,3,FALSE
5400,11,FALSE
5401,17,TRUE
5401,13,FALSE
5401,15,FALSE
5402,2,TRUE
5402,9,FALSE
5402,3,FALSE
5403,15,TRUE
5403,19,FALSE
5404,2,TRUE
5404,9,FALSE
5404,3,FALSE
5405,5,TRUE
5405,2,FALSE
5405,3,FALSE
5406,2,TRUE
5406,3,FALSE
5407,5,TRUE
5407,2,FALSE
5407,3,FALSE
5408,2,TRUE
5408,3,FALSE
5409,13,TRUE
5409,15,FALSE
5410,2,TRUE
5410,3,FALSE
5411,2,TRUE
5411,9,FALSE
5411,10,FALSE
5412,12,TRUE
5412,17,FALSE
5413,5,TRUE
5413,3,FALSE
5413,4,FALSE
5414,3,TRUE
5415,31,TRUE
5415,2,FALSE
5416,26,TRUE
5416,17,FALSE
5416,13,FALSE
5417,39,TRUE
5418,13,TRUE
5418,38,FALSE
5419,1,TRUE
5420,13,TRUE
5420,19,FALSE
5421,13,TRUE
5421,15,FALSE
5421,30,FALSE
5422,10,TRUE
5423,25,TRUE
5423,10,FALSE
5424,12,TRUE
5424,17,FALSE
5425,39,TRUE
5426,5,TRUE
5426,3,FALSE
5427,1,TRUE
5427,30,FALSE
5428,1,TRUE
5429,25,TRUE
5430,17,TRUE
5430,13,FALSE
5430,15,FALSE
5431,39,TRUE
5432,1,TRUE
5433,39,TRUE
5434,2,TRUE
5434,32,FALSE
5434,9,FALSE
5435,2,TRUE
5435,32,FALSE
5435,9,FALSE
5436,5,TRUE
5436,2,FALSE
5436,32,FALSE
5437,5,TRUE
5437,2,FALSE
5437,32,FALSE
5438,2,TRUE
5438,9,FALSE
5438,3,FALSE
5439,2,TRUE
5439,32,FALSE
5439,3,FALSE
5440,2,TRUE
5440,32,FALSE
5440,9,FALSE
5441,13,TRUE
5441,14,FALSE
5441,19,FALSE
5442,12,TRUE
5442,13,FALSE
5442,21,FALSE
5443,26,TRUE
5443,15,FALSE
5444,13,TRUE
5444,15,FALSE
5445,16,TRUE
5445,2,FALSE
5445,9,FALSE
5446,10,TRUE
5446,3,FALSE
5447,15,TRUE
5447,23,FALSE
5447,19,FALSE
5448,13,TRUE
5448,15,FALSE
5448,21,FALSE
5449,1,TRUE
5450,17,TRUE
5450,14,FALSE
5451,1,TRUE
5452,1,TRUE
5453,13,TRUE
5453,14,FALSE
5453,15,FALSE
5454,17,TRUE
5454,13,FALSE
5454,14,FALSE
5455,17,TRUE
5455,15,FALSE
5455,20,FALSE
5456,13,TRUE
5456,15,FALSE
5456,21,FALSE
5457,1,TRUE
5457,15,FALSE
5457,38,FALSE
5458,5,TRUE
5458,2,FALSE
5458,3,FALSE
5459,25,TRUE
5459,32,FALSE
5460,41,TRUE
5461,26,TRUE
5461,17,FALSE
5461,15,FALSE
5462,13,TRUE
5462,15,FALSE
5462,20,FALSE
5463,13,TRUE
5463,15,FALSE
5464,13,TRUE
5464,15,FALSE
5464,19,FALSE
5465,2,TRUE
5465,3,FALSE
5466,2,TRUE
5466,3,FALSE
5467,1,TRUE
5468,1,TRUE
5469,39,TRUE
5470,26,TRUE
5470,13,FALSE
5470,15,FALSE
5471,3,TRUE
5471,4,FALSE
5471,24,FALSE
5472,1,TRUE
5473,26,TRUE
5473,13,FALSE
5473,15,FALSE
5474,17,TRUE
5474,13,FALSE
5475,26,TRUE
5475,15,FALSE
5475,23,FALSE
5476,39,TRUE
5477,26,TRUE
5477,29,FALSE
5477,15,FALSE
5478,7,TRUE
5478,2,FALSE
5479,1,TRUE
5479,15,FALSE
5479,38,FALSE
5480,5,TRUE
5480,7,FALSE
5480,4,FALSE
5481,39,TRUE
5482,17,TRUE
5482,15,FALSE
5482,23,FALSE
5483,17,TRUE
5483,13,FALSE
5483,15,FALSE
5484,13,TRUE
5484,14,FALSE
5484,20,FALSE
5485,40,TRUE
5486,13,TRUE
5486,15,FALSE
5486,21,FALSE
5487,13,TRUE
5487,15,FALSE
5488,17,TRUE
5489,25,TRUE
5489,6,FALSE
5489,10,FALSE
5490,1,TRUE
5491,17,TRUE
5491,35,FALSE
5491,14,FALSE
5492,12,TRUE
5493,39,TRUE
5494,17,TRUE
5495,25,TRUE
5496,39,TRUE
5497,12,TRUE
5497,1,FALSE
5498,39,TRUE
5499,13,TRUE
5499,14,FALSE
5499,15,FALSE
5500,13,TRUE
5500,15,FALSE
5500,20,FALSE
5501,17,TRUE
5501,13,FALSE
5501,15,FALSE
5502,17,TRUE
5502,15,FALSE
5503,13,TRUE
5503,15,FALSE
5503,19,FALSE
5504,1,TRUE
5505,13,TRUE
5505,15,FALSE
5505,20,FALSE
5506,13,TRUE
5506,14,FALSE
5506,15,FALSE
5507,1,TRUE
5507,15,FALSE
5508,13,TRUE
5508,15,FALSE
5509,1,TRUE
5510,2,TRUE
5510,32,FALSE
5510,9,FALSE
5511,2,TRUE
5511,32,FALSE
5511,3,FALSE
5512,13,TRUE
5513,13,TRUE
5513,19,FALSE
5514,2,TRUE
5514,32,FALSE
5514,9,FALSE
5515,5,TRUE
5515,2,FALSE
5515,18,FALSE
5516,17,TRUE
5516,13,FALSE
5516,15,FALSE
5517,13,TRUE
5517,15,FALSE
5518,17,TRUE
5518,15,FALSE
5519,39,TRUE
5520,25,TRUE
5520,10,FALSE
5521,10,TRUE
5522,7,TRUE
5523,26,TRUE
5523,13,FALSE
5523,14,FALSE
5524,25,TRUE
5524,10,FALSE
5525,13,TRUE
5525,14,FALSE
5525,20,FALSE
5526,39,TRUE
5527,12,TRUE
5527,21,FALSE
5528,12,TRUE
5528,21,FALSE
5529,12,TRUE
5529,21,FALSE
5530,17,TRUE
5530,13,FALSE
5530,15,FALSE
5531,17,TRUE
5531,13,FALSE
5531,15,FALSE
5532,13,TRUE
5532,15,FALSE
5532,20,FALSE
5533,17,TRUE
5533,13,FALSE
5533,15,FALSE
5534,17,TRUE
5535,17,TRUE
5535,15,FALSE
5535,38,FALSE
5536,39,TRUE
5537,17,TRUE
5538,2,TRUE
5538,32,FALSE
5538,3,FALSE
5539,3,TRUE
5540,13,TRUE
5540,15,FALSE
5540,20,FALSE
5541,17,TRUE
5541,14,FALSE
5541,20,FALSE
5542,40,TRUE
5543,2,TRUE
5543,3,FALSE
5544,17,TRUE
5544,13,FALSE
5544,15,FALSE
5545,13,TRUE
5546,26,TRUE
5546,35,FALSE
5546,15,FALSE
5547,13,TRUE
5547,14,FALSE
5548,13,TRUE
5548,15,FALSE
5549,1,TRUE
5550,26,TRUE
5550,15,FALSE
5550,21,FALSE
5551,13,TRUE
5551,15,FALSE
5552,13,TRUE
5552,15,FALSE
5553,13,TRUE
5553,15,FALSE
5553,19,FALSE
5554,39,TRUE
5555,7,TRUE
5556,16,TRUE
5556,10,FALSE
5557,13,TRUE
5557,14,FALSE
5557,20,FALSE
5558,39,TRUE
5559,16,TRUE
5559,25,FALSE
5560,39,TRUE
5561,1,TRUE
5562,13,TRUE
5563,41,TRUE
5563,10,FALSE
5564,31,TRUE
5564,5,FALSE
5564,2,FALSE
5565,1,TRUE
5566,17,TRUE
5566,13,FALSE
5566,14,FALSE
5567,25,TRUE
5568,8,TRUE
5569,13,TRUE
5569,15,FALSE
5569,19,FALSE
5570,2,TRUE
5570,3,FALSE
5571,28,TRUE
5571,13,FALSE
5571,14,FALSE
5572,26,TRUE
5572,13,FALSE
5572,15,FALSE
5573,26,TRUE
5573,17,FALSE
5573,15,FALSE
5574,1,TRUE
5574,13,FALSE
5574,15,FALSE
5575,26,TRUE
5575,17,FALSE
5575,13,FALSE
5576,8,TRUE
5576,34,FALSE
5577,39,TRUE
5578,13,TRUE
5578,15,FALSE
5578,30,FALSE
5579,25,TRUE
5579,10,FALSE
5580,13,TRUE
5580,14,FALSE
5581,2,TRUE
5581,32,FALSE
5581,9,FALSE
5582,13,TRUE
5582,15,FALSE
5582,20,FALSE
5583,39,TRUE
5584,2,TRUE
5584,3,FALSE
5585,13,TRUE
5585,15,FALSE
5585,20,FALSE
5586,2,TRUE
5586,32,FALSE
5586,6,FALSE
5587,39,TRUE
5588,26,TRUE
5588,15,FALSE
5589,13,TRUE
5589,15,FALSE
5590,26,TRUE
5590,15,FALSE
5591,13,TRUE
5591,14,FALSE
5591,19,FALSE
5592,25,TRUE
5593,2,TRUE
5593,32,FALSE
5593,10,FALSE
5594,2,TRUE
5594,9,FALSE
5594,10,FALSE
5595,39,TRUE
5596,15,TRUE
5596,19,FALSE
5597,12,TRUE
5597,1,FALSE
5598,12,TRUE
5598,21,FALSE
5599,2,TRUE
5599,32,FALSE
5599,9,FALSE
5600,26,TRUE
5600,15,FALSE
5601,13,TRUE
5601,14,FALSE
5601,15,FALSE
5602,2,TRUE
5602,32,FALSE
5602,3,FALSE
5603,1,TRUE
5603,21,FALSE
5604,2,TRUE
5604,32,FALSE
5604,9,FALSE
5605,15,TRUE
5605,19,FALSE
5606,13,TRUE
5606,15,FALSE
5607,17,TRUE
5607,14,FALSE
5608,39,TRUE
5609,2,TRUE
5609,32,FALSE
5609,3,FALSE
5610,31,TRUE
5610,2,FALSE
5611,17,TRUE
5611,15,FALSE
5611,21,FALSE
5612,39,TRUE
5613,1,TRUE
5613,15,FALSE
5614,17,TRUE
5614,21,FALSE
5614,20,FALSE
5615,39,TRUE
5616,13,TRUE
5617,26,TRUE
5617,13,FALSE
5617,15,FALSE
5618,26,TRUE
5618,17,FALSE
5618,13,FALSE
5619,13,TRUE
5619,14,FALSE
5619,15,FALSE
5620,26,TRUE
5620,17,FALSE
5620,15,FALSE
5621,13,TRUE
5621,15,FALSE
5621,20,FALSE
5622,12,TRUE
5622,17,FALSE
5623,39,TRUE
5624,13,TRUE
5624,15,FALSE
5625,17,TRUE
5625,15,FALSE
5626,15,TRUE
5626,23,FALSE
5626,19,FALSE
5627,13,TRUE
5627,15,FALSE
5628,39,TRUE
5629,39,TRUE
5630,13,TRUE
5630,15,FALSE
5631,17,TRUE
5632,39,TRUE
5633,13,TRUE
5633,15,FALSE
5633,21,FALSE
5634,13,TRUE
5634,15,FALSE
5635,15,TRUE
5635,19,FALSE
5636,13,TRUE
5636,15,FALSE
5637,1,TRUE
5637,15,FALSE
5638,22,TRUE
5638,19,FALSE
5639,17,TRUE
5639,13,FALSE
5639,15,FALSE
5640,39,TRUE
5641,25,TRUE
5641,10,FALSE
5642,22,TRUE
5642,15,FALSE
5642,19,FALSE
5643,12,TRUE
5643,13,FALSE
5644,12,TRUE
5645,26,TRUE
5645,15,FALSE
5646,12,TRUE
5646,23,FALSE
5647,39,TRUE
5648,13,TRUE
5648,15,FALSE
5648,19,FALSE
5649,12,TRUE
5649,17,FALSE
5650,13,TRUE
5650,14,FALSE
5650,15,FALSE
5651,6,TRUE
5651,27,FALSE
5652,13,TRUE
5652,15,FALSE
5653,13,TRUE
5653,14,FALSE
5653,15,FALSE
5654,2,TRUE
5654,32,FALSE
5654,9,FALSE
5655,31,TRUE
5655,2,FALSE
5656,8,TRUE
5656,34,FALSE
5657,13,TRUE
5657,15,FALSE
5658,21,TRUE
5658,39,FALSE
5659,5,TRUE
5659,3,FALSE
5659,4,FALSE
5660,40,TRUE
5661,39,TRUE
5662,13,TRUE
5663,16,TRUE
5663,2,FALSE
5663,10,FALSE
5664,13,TRUE
5665,17,TRUE
5665,15,FALSE
5666,2,TRUE
5666,32,FALSE
5666,9,FALSE
5667,1,TRUE
5667,30,FALSE
5668,2,TRUE
5668,32,FALSE
5668,9,FALSE
5669,2,TRUE
5669,32,FALSE
5669,3,FALSE
5670,2,TRUE
5670,32,FALSE
5670,3,FALSE
5671,2,TRUE
5671,6,FALSE
5671,27,FALSE
5672,2,TRUE
5672,32,FALSE
5672,3,FALSE
5673,31,TRUE
5673,2,FALSE
5674,2,TRUE
5674,32,FALSE
5674,9,FALSE
5675,16,TRUE
5675,2,FALSE
5675,6,FALSE
5676,2,TRUE
5676,32,FALSE
5676,9,FALSE
5677,13,TRUE
5677,14,FALSE
5677,15,FALSE
5678,2,TRUE
5678,3,FALSE
5679,39,TRUE
5680,1,TRUE
5681,5,TRUE
5681,7,FALSE
5682,12,TRUE
5682,21,FALSE
5683,26,TRUE
5683,23,FALSE
5684,7,TRUE
5684,2,FALSE
5684,8,FALSE
5685,2,TRUE
5685,9,FALSE
5685,10,FALSE
5686,17,TRUE
5686,13,FALSE
5686,14,FALSE
5687,7,TRUE
5687,2,FALSE
5688,13,TRUE
5688,14,FALSE
5688,20,FALSE
5689,1,TRUE
5689,30,FALSE
5690,21,TRUE
5690,39,FALSE
5691,42,TRUE
5691,6,FALSE
5691,11,FALSE
5692,13,TRUE
5692,15,FALSE
5692,30,FALSE
5693,25,TRUE
5693,10,FALSE
5693,3,FALSE
5694,1,TRUE
5695,13,TRUE
5695,14,FALSE
5696,1,TRUE
5696,30,FALSE
5697,13,TRUE
5697,15,FALSE
5698,13,TRUE
5699,17,TRUE
5699,15,FALSE
5700,2,TRUE
5700,9,FALSE
5700,10,FALSE
5701,2,TRUE
5701,9,FALSE
5701,10,FALSE
5702,13,TRUE
5702,15,FALSE
5702,19,FALSE
5703,17,TRUE
5703,13,FALSE
5703,14,FALSE
5704,2,TRUE
5704,9,FALSE
5704,10,FALSE
5705,39,TRUE
5706,13,TRUE
5706,14,FALSE
5706,15,FALSE
5707,1,TRUE
5707,15,FALSE
5708,10,TRUE
5708,3,FALSE
5708,34,FALSE
5709,39,TRUE
5710,13,TRUE
5710,19,FALSE
5711,13,TRUE
5711,14,FALSE
5711,15,FALSE
5712,39,TRUE
5713,39,TRUE
5714,39,TRUE
5715,13,TRUE
5715,14,FALSE
5715,15,FALSE
5716,5,TRUE
5716,2,FALSE
5716,18,FALSE
5717,16,TRUE
5717,5,FALSE
5717,2,FALSE
5718,39,TRUE
5719,13,TRUE
5719,14,FALSE
5719,15,FALSE
5720,26,TRUE
5720,17,FALSE
5721,7,TRUE
5721,2,FALSE
5722,39,TRUE
5723,5,TRUE
5723,2,FALSE
5723,3,FALSE
5724,16,TRUE
5724,25,FALSE
5725,39,TRUE
5726,1,TRUE
5727,1,TRUE
5728,2,TRUE
5728,9,FALSE
5728,10,FALSE
5729,2,TRUE
5729,9,FALSE
5729,10,FALSE
5730,2,TRUE
5730,9,FALSE
5730,10,FALSE
5731,2,TRUE
5731,9,FALSE
5731,10,FALSE
5732,2,TRUE
5732,9,FALSE
5732,10,FALSE
5733,2,TRUE
5733,9,FALSE
5733,10,FALSE
5734,1,TRUE
5735,40,TRUE
5736,17,TRUE
5736,15,FALSE
5736,20,FALSE
5737,12,TRUE
5737,17,FALSE
5738,22,TRUE
5738,15,FALSE
5738,19,FALSE
5739,1,TRUE
5740,17,TRUE
5740,13,FALSE
5740,15,FALSE
5741,17,TRUE
5741,15,FALSE
5742,2,TRUE
5742,10,FALSE
5743,17,TRUE
5743,13,FALSE
5743,15,FALSE
5744,13,TRUE
5744,15,FALSE
5745,3,TRUE
5745,24,FALSE
5746,39,TRUE
5747,17,TRUE
5747,15,FALSE
5747,30,FALSE
5748,26,TRUE
5748,29,FALSE
5748,15,FALSE
5749,26,TRUE
5749,29,FALSE
5749,23,FALSE
5750,26,TRUE
5750,29,FALSE
5750,23,FALSE
5751,17,TRUE
5751,15,FALSE
5751,21,FALSE
5752,31,TRUE
5752,5,FALSE
5752,2,FALSE
5753,5,TRUE
5753,2,FALSE
5753,3,FALSE
5754,31,TRUE
5754,2,FALSE
5754,9,FALSE
5755,1,TRUE
5756,17,TRUE
5757,21,TRUE
5758,1,TRUE
5759,39,TRUE
5760,25,TRUE
5761,26,TRUE
5761,13,FALSE
5761,15,FALSE
5762,12,TRUE
5762,17,FALSE
5763,2,TRUE
5763,9,FALSE
5763,3,FALSE
5764,2,TRUE
5764,9,FALSE
5764,3,FALSE
5765,13,TRUE
5766,13,TRUE
5766,15,FALSE
5767,2,TRUE
5767,9,FALSE
5767,10,FALSE
5768,13,TRUE
5768,15,FALSE
5769,2,TRUE
5769,9,FALSE
5769,10,FALSE
5770,25,TRUE
5771,13,TRUE
5771,14,FALSE
5771,15,FALSE
5772,2,TRUE
5772,9,FALSE
5772,10,FALSE
5773,17,TRUE
5773,15,FALSE
5773,21,FALSE
5774,12,TRUE
5774,17,FALSE
5775,2,TRUE
5775,10,FALSE
5775,3,FALSE
5776,40,TRUE
5777,13,TRUE
5777,15,FALSE
5778,2,TRUE
5778,9,FALSE
5778,3,FALSE
5779,13,TRUE
5779,14,FALSE
5779,15,FALSE
5780,1,TRUE
5780,30,FALSE
5781,17,TRUE
5781,15,FALSE
5782,2,TRUE
5782,9,FALSE
5782,10,FALSE
5783,1,TRUE
5784,1,TRUE
5785,39,TRUE
5786,25,TRUE
5787,39,TRUE
5788,39,TRUE
5789,39,TRUE
5790,39,TRUE
5791,39,TRUE
5792,39,TRUE
5793,15,TRUE
5793,23,FALSE
5793,19,FALSE
5794,39,TRUE
5795,40,TRUE
5796,1,TRUE
5797,1,TRUE
5797,21,FALSE
5798,1,TRUE
5799,39,TRUE
5800,7,TRUE
5801,25,TRUE
5802,16,TRUE
5802,7,FALSE
5803,16,TRUE
5803,11,FALSE
5803,24,FALSE
5804,5,TRUE
5804,7,FALSE
5804,33,FALSE
5805,1,TRUE
5806,2,TRUE
5806,9,FALSE
5806,3,FALSE
5807,16,TRUE
5807,5,FALSE
5807,7,FALSE
5808,31,TRUE
5808,25,FALSE
5809,39,TRUE
5810,13,TRUE
5810,21,FALSE
5811,1,TRUE
5811,21,FALSE
5812,16,TRUE
5812,7,FALSE
5813,16,TRUE
5813,5,FALSE
5813,7,FALSE
5814,40,TRUE
5815,1,TRUE
5816,39,TRUE
5817,39,TRUE
5818,39,TRUE
5819,39,TRUE
5820,39,TRUE
5821,39,TRUE
5822,1,TRUE
5823,16,TRUE
5823,5,FALSE
5823,7,FALSE
5824,16,TRUE
5824,7,FALSE
5824,33,FALSE
5825,1,TRUE
5826,2,TRUE
5826,18,FALSE
5826,3,FALSE
5827,1,TRUE
5828,25,TRUE
5829,13,TRUE
5829,14,FALSE
5830,25,TRUE
5831,13,TRUE
5831,19,FALSE
5832,1,TRUE
5833,26,TRUE
5834,17,TRUE
5834,14,FALSE
5834,15,FALSE
5835,31,TRUE
5835,2,FALSE
5836,39,TRUE
5837,6,TRUE
5837,3,FALSE
5838,13,TRUE
5838,14,FALSE
5838,15,FALSE
5839,25,TRUE
5840,39,TRUE
5841,17,TRUE
5841,13,FALSE
5841,14,FALSE
5842,26,TRUE
5842,13,FALSE
5842,15,FALSE
5843,21,TRUE
5843,39,FALSE
5844,2,TRUE
5844,3,FALSE
5845,7,TRUE
5845,2,FALSE
5845,33,FALSE
5846,7,TRUE
5846,2,FALSE
5846,33,FALSE
5847,26,TRUE
5847,17,FALSE
5848,39,TRUE
5849,17,TRUE
5850,1,TRUE
5850,30,FALSE
5851,39,TRUE
5852,13,TRUE
5852,15,FALSE
5853,22,TRUE
5853,19,FALSE
5854,31,TRUE
5854,2,FALSE
5855,1,TRUE
5855,21,FALSE
5856,25,TRUE
5857,2,TRUE
5857,8,FALSE
5858,12,TRUE
5858,17,FALSE
5859,17,TRUE
5859,22,FALSE
5860,39,TRUE
5861,1,TRUE
5861,15,FALSE
5862,12,TRUE
5862,17,FALSE
5862,35,FALSE
5863,10,TRUE
5864,31,TRUE
5864,2,FALSE
5864,9,FALSE
5865,26,TRUE
5865,20,FALSE
5866,12,TRUE
5866,23,FALSE
5867,7,TRUE
5868,25,TRUE
5869,39,TRUE
5870,25,TRUE
5871,25,TRUE
5872,7,TRUE
5872,33,FALSE
5873,39,TRUE
5874,26,TRUE
5874,13,FALSE
5874,15,FALSE
5875,26,TRUE
5875,15,FALSE
5876,39,TRUE
5877,40,TRUE
5878,25,TRUE
5878,10,FALSE
5879,39,TRUE
5880,26,TRUE
5880,17,FALSE
5881,17,TRUE
5881,15,FALSE
5882,17,TRUE
5882,21,FALSE
5883,2,TRUE
5883,3,FALSE
5884,17,TRUE
5884,13,FALSE
5884,38,FALSE
5885,39,TRUE
5886,10,TRUE
5887,17,TRUE
5887,13,FALSE
5887,14,FALSE
5888,12,TRUE
5889,11,TRUE
5889,4,FALSE
5889,24,FALSE
5890,17,TRUE
5890,14,FALSE
5891,39,TRUE
5892,13,TRUE
5892,14,FALSE
5893,13,TRUE
5893,14,FALSE
5893,23,FALSE
5894,1,TRUE
5894,15,FALSE
5895,39,TRUE
5896,25,TRUE
5897,1,TRUE
5897,21,FALSE
5898,1,TRUE
5899,13,TRUE
5899,14,FALSE
5899,20,FALSE
5900,39,TRUE
5901,10,TRUE
5902,1,TRUE
5902,39,FALSE
5903,25,TRUE
5904,22,TRUE
5904,14,FALSE
5904,19,FALSE
5905,39,TRUE
5906,39,TRUE
5907,1,TRUE
5907,21,FALSE
5908,13,TRUE
5908,14,FALSE
5908,23,FALSE
5909,16,TRUE
5909,25,FALSE
5909,10,FALSE
5910,17,TRUE
5910,13,FALSE
5910,15,FALSE
5911,1,TRUE
5912,39,TRUE
5913,1,TRUE
5913,21,FALSE
5914,39,TRUE
5915,25,TRUE
5916,39,TRUE
5917,1,TRUE
5918,39,TRUE
5919,1,TRUE
5920,39,TRUE
5921,40,TRUE
5922,39,TRUE
5923,5,TRUE
5923,10,FALSE
5923,3,FALSE
5924,25,TRUE
5924,24,FALSE
5925,39,TRUE
5926,1,TRUE
5926,15,FALSE
5927,1,TRUE
5928,39,TRUE
5929,39,TRUE
5930,1,TRUE
5931,1,TRUE
5932,1,TRUE
5932,30,FALSE
5933,1,TRUE
5934,3,TRUE
5935,1,TRUE
5936,1,TRUE
5936,15,FALSE
5937,12,TRUE
5937,17,FALSE
5937,21,FALSE
5938,12,TRUE
5938,1,FALSE
5938,30,FALSE
5939,39,TRUE
5940,3,TRUE
5940,4,FALSE
5940,27,FALSE
5941,5,TRUE
5941,3,FALSE
5941,24,FALSE
5942,1,TRUE
5943,13,TRUE
5944,13,TRUE
5945,13,TRUE
5946,13,TRUE
5947,13,TRUE
5947,30,FALSE
5948,13,TRUE
5949,13,TRUE
5950,13,TRUE
5951,13,TRUE
5951,30,FALSE
5952,13,TRUE
5953,13,TRUE
5953,19,FALSE
5954,12,TRUE
5954,13,FALSE
5954,37,FALSE
5955,13,TRUE
5955,15,FALSE
5956,22,TRUE
5957,13,TRUE
5957,15,FALSE
5958,13,TRUE
5958,14,FALSE
5958,19,FALSE
5959,26,TRUE
5959,14,FALSE
5959,23,FALSE
5960,13,TRUE
5961,13,TRUE
5962,22,TRUE
5962,15,FALSE
5963,22,TRUE
5963,15,FALSE
5963,19,FALSE
5964,13,TRUE
5964,15,FALSE
5964,19,FALSE
5965,2,TRUE
5965,3,FALSE
5966,13,TRUE
5966,19,FALSE
5967,17,TRUE
5967,13,FALSE
5967,14,FALSE
5968,30,TRUE
5969,26,TRUE
5969,13,FALSE
5969,15,FALSE
5970,13,TRUE
5970,15,FALSE
5971,13,TRUE
5971,15,FALSE
5972,1,TRUE
5973,1,TRUE
5973,15,FALSE
5974,17,TRUE
5974,20,FALSE
5975,2,TRUE
5975,9,FALSE
5975,10,FALSE
5976,22,TRUE
5976,15,FALSE
5977,17,TRUE
5977,15,FALSE
5978,26,TRUE
5978,23,FALSE
5979,5,TRUE
5979,2,FALSE
5979,3,FALSE
5980,13,TRUE
5980,20,FALSE
5981,13,TRUE
5981,20,FALSE
5981,30,FALSE
5982,26,TRUE
5983,1,TRUE
5983,15,FALSE
5984,1,TRUE
5985,16,TRUE
5985,2,FALSE
5985,8,FALSE
5986,13,TRUE
5986,14,FALSE
5986,30,FALSE
5987,2,TRUE
5987,32,FALSE
5987,9,FALSE
5988,22,TRUE
5988,14,FALSE
5988,19,FALSE
5989,22,TRUE
5989,19,FALSE
5990,40,TRUE
5991,26,TRUE
5991,15,FALSE
5992,22,TRUE
5992,19,FALSE
5993,26,TRUE
5994,17,TRUE
5995,22,TRUE
5995,14,FALSE
5995,19,FALSE
5996,22,TRUE
5996,14,FALSE
5997,1,TRUE
5997,21,FALSE
5998,15,TRUE
5998,21,FALSE
5999,23,TRUE
6000,13,TRUE
6000,14,FALSE
6001,17,TRUE
6002,2,TRUE
6002,3,FALSE
6003,26,TRUE
6003,14,FALSE
6003,23,FALSE
6004,26,TRUE
6005,26,TRUE
6005,17,FALSE
6005,15,FALSE
6006,1,TRUE
6007,17,TRUE
6007,13,FALSE
6008,13,TRUE
6008,15,FALSE
6008,19,FALSE
6009,13,TRUE
6009,38,FALSE
6010,13,TRUE
6010,15,FALSE
6010,30,FALSE
6011,1,TRUE
6011,37,FALSE
6012,17,TRUE
6012,15,FALSE
6013,26,TRUE
6013,17,FALSE
6014,13,TRUE
6014,15,FALSE
6015,1,TRUE
6016,17,TRUE
6016,38,FALSE
6017,26,TRUE
6017,17,FALSE
6017,15,FALSE
6018,17,TRUE
6018,13,FALSE
6018,20,FALSE
6019,17,TRUE
6019,20,FALSE
6020,17,TRUE
6020,13,FALSE
6020,14,FALSE
6021,13,TRUE
6021,15,FALSE
6022,26,TRUE
6022,13,FALSE
6022,15,FALSE
6023,22,TRUE
6023,15,FALSE
6023,19,FALSE
6024,17,TRUE
6024,14,FALSE
6024,19,FALSE
6025,36,TRUE
6026,17,TRUE
6026,15,FALSE
6026,21,FALSE
6027,16,TRUE
6027,7,FALSE
6027,33,FALSE
6028,17,TRUE
6029,13,TRUE
6029,14,FALSE
6029,15,FALSE
6030,13,TRUE
6030,23,FALSE
6031,26,TRUE
6031,28,FALSE
6031,13,FALSE
6032,28,TRUE
6032,35,FALSE
6032,13,FALSE
6033,13,TRUE
6033,20,FALSE
6034,1,TRUE
6034,15,FALSE
6035,13,TRUE
6036,26,TRUE
6036,15,FALSE
6036,23,FALSE
6037,17,TRUE
6037,14,FALSE
6038,2,TRUE
6038,9,FALSE
6038,3,FALSE
6039,1,TRUE
6040,17,TRUE
6040,22,FALSE
6041,22,TRUE
6041,14,FALSE
6042,12,TRUE
6042,17,FALSE
6042,20,FALSE
6043,19,TRUE
6044,1,TRUE
6045,5,TRUE
6045,2,FALSE
6045,32,FALSE
6046,17,TRUE
6046,15,FALSE
6047,13,TRUE
6047,19,FALSE
6048,1,TRUE
6049,1,TRUE
6049,15,FALSE
6050,17,TRUE
6050,35,FALSE
6051,13,TRUE
6051,15,FALSE
6052,13,TRUE
6052,19,FALSE
6053,13,TRUE
6053,14,FALSE
6053,20,FALSE
6054,12,TRUE
6054,13,FALSE
6054,20,FALSE
6055,39,TRUE
6056,15,TRUE
6056,19,FALSE
6057,13,TRUE
6057,15,FALSE
6058,17,TRUE
6058,14,FALSE
6059,13,TRUE
6059,14,FALSE
6060,13,TRUE
6060,15,FALSE
6061,17,TRUE
6061,20,FALSE
6062,17,TRUE
6063,13,TRUE
6063,20,FALSE
6064,26,TRUE
6064,13,FALSE
6064,15,FALSE
6065,1,TRUE
6066,12,TRUE
6067,16,TRUE
6067,10,FALSE
6067,3,FALSE
6068,3,TRUE
6069,22,TRUE
6070,26,TRUE
6070,12,FALSE
6070,14,FALSE
6071,13,TRUE
6071,15,FALSE
6071,20,FALSE
6072,17,TRUE
6072,15,FALSE
6073,17,TRUE
6073,13,FALSE
6073,15,FALSE
6074,13,TRUE
6074,15,FALSE
6075,13,TRUE
6075,15,FALSE
6076,17,TRUE
6076,13,FALSE
6076,15,FALSE
6077,17,TRUE
6077,13,FALSE
6077,15,FALSE
6078,26,TRUE
6078,13,FALSE
6078,15,FALSE
6079,17,TRUE
6079,15,FALSE
6079,23,FALSE
6080,2,TRUE
6080,32,FALSE
6080,41,FALSE
6081,12,TRUE
6081,17,FALSE
6082,17,TRUE
6082,13,FALSE
6082,15,FALSE
6083,13,TRUE
6083,15,FALSE
6084,17,TRUE
6084,13,FALSE
6084,15,FALSE
6085,13,TRUE
6085,30,FALSE
6086,13,TRUE
6086,21,FALSE
6086,20,FALSE
6087,26,TRUE
6088,26,TRUE
6088,15,FALSE
6089,26,TRUE
6090,10,TRUE
6091,26,TRUE
6091,1,FALSE
6091,15,FALSE
6092,13,TRUE
6092,14,FALSE
6092,15,FALSE
6093,22,TRUE
6093,14,FALSE
6093,15,FALSE
6094,17,TRUE
6095,16,TRUE
6095,7,FALSE
6095,2,FALSE
6096,1,TRUE
6097,1,TRUE
6098,13,TRUE
6098,14,FALSE
6099,26,TRUE
6099,22,FALSE
6100,13,TRUE
6101,16,TRUE
6101,8,FALSE
6101,9,FALSE
6102,2,TRUE
6102,9,FALSE
6102,3,FALSE
6103,5,TRUE
6103,2,FALSE
6103,6,FALSE
6104,13,TRUE
6104,15,FALSE
6104,20,FALSE
6105,1,TRUE
6106,16,TRUE
6106,7,FALSE
6106,2,FALSE
6107,13,TRUE
6107,14,FALSE
6107,15,FALSE
6108,15,TRUE
6108,21,FALSE
6108,20,FALSE
6109,17,TRUE
6109,15,FALSE
6110,12,TRUE
6111,1,TRUE
6111,15,FALSE
6111,21,FALSE
6112,28,TRUE
6112,17,FALSE
6112,13,FALSE
6113,1,TRUE
6114,12,TRUE
6114,17,FALSE
6114,23,FALSE
6115,1,TRUE
6116,17,TRUE
6116,13,FALSE
6116,14,FALSE
6117,12,TRUE
6118,15,TRUE
6118,19,FALSE
6119,12,TRUE
6119,14,FALSE
6120,22,TRUE
6120,19,FALSE
6121,22,TRUE
6122,26,TRUE
6123,13,TRUE
6124,19,TRUE
6125,12,TRUE
6126,12,TRUE
6127,25,TRUE
6128,1,TRUE
6129,17,TRUE
6129,20,FALSE
6130,17,TRUE
6130,13,FALSE
6130,15,FALSE
6131,26,TRUE
6131,28,FALSE
6131,17,FALSE
6132,13,TRUE
6132,15,FALSE
6133,7,TRUE
6134,1,TRUE
6135,26,TRUE
6136,13,TRUE
6137,1,TRUE
6138,5,TRUE
6138,3,FALSE
6139,1,TRUE
6140,7,TRUE
6141,1,TRUE
6142,19,TRUE
6143,26,TRUE
6143,13,FALSE
6144,13,TRUE
6145,13,TRUE
6145,14,FALSE
6146,1,TRUE
6146,30,FALSE
6147,3,TRUE
6147,24,FALSE
6148,17,TRUE
6148,35,FALSE
6148,13,FALSE
6149,13,TRUE
6150,1,TRUE
6150,15,FALSE
6150,21,FALSE
6151,1,TRUE
6151,15,FALSE
6152,12,TRUE
6153,12,TRUE
6154,12,TRUE
6155,12,TRUE
6156,13,TRUE
6156,15,FALSE
6157,2,TRUE
6157,9,FALSE
6157,3,FALSE
6158,13,TRUE
6158,37,FALSE
6159,17,TRUE
6159,13,FALSE
6159,15,FALSE
6160,13,TRUE
6160,14,FALSE
6160,15,FALSE
6161,17,TRUE
6161,13,FALSE
6161,38,FALSE
6162,7,TRUE
6162,33,FALSE
6163,13,TRUE
6163,14,FALSE
6164,13,TRUE
6164,20,FALSE
6165,17,TRUE
6166,13,TRUE
6166,14,FALSE
6166,15,FALSE
6167,2,TRUE
6167,11,FALSE
6167,24,FALSE
6168,2,TRUE
6168,11,FALSE
6168,4,FALSE
6169,13,TRUE
6169,15,FALSE
6169,19,FALSE
6170,12,TRUE
6171,13,TRUE
6171,14,FALSE
6171,15,FALSE
6172,26,TRUE
6172,17,FALSE
6172,23,FALSE
6173,17,TRUE
6173,15,FALSE
6174,12,TRUE
6175,7,TRUE
6176,26,TRUE
6176,22,FALSE
6177,13,TRUE
6177,14,FALSE
6177,15,FALSE
6178,31,TRUE
6178,25,FALSE
6179,1,TRUE
6180,1,TRUE
6181,22,TRUE
6181,23,FALSE
6181,19,FALSE
6182,26,TRUE
6182,17,FALSE
6182,15,FALSE
6183,13,TRUE
6183,14,FALSE
6184,17,TRUE
6184,13,FALSE
6184,15,FALSE
6185,17,TRUE
6185,13,FALSE
6185,15,FALSE
6186,17,TRUE
6186,20,FALSE
6187,12,TRUE
6187,17,FALSE
6188,22,TRUE
6188,19,FALSE
6189,17,TRUE
6189,20,FALSE
6190,22,TRUE
6190,23,FALSE
6190,19,FALSE
6191,26,TRUE
6191,13,FALSE
6191,15,FALSE
6192,1,TRUE
6192,30,FALSE
6193,13,TRUE
6193,23,FALSE
6194,17,TRUE
6194,15,FALSE
6194,20,FALSE
6195,5,TRUE
6195,25,FALSE
6195,10,FALSE
6196,1,TRUE
6196,15,FALSE
6197,17,TRUE
6197,14,FALSE
6197,15,FALSE
6198,1,TRUE
6199,7,TRUE
6199,2,FALSE
6199,8,FALSE
6200,15,TRUE
6200,23,FALSE
6200,19,FALSE
6201,26,TRUE
6201,23,FALSE
6202,1,TRUE
6202,15,FALSE
6202,21,FALSE
6203,13,TRUE
6203,15,FALSE
6203,30,FALSE
6204,13,TRUE
6204,14,FALSE
6204,15,FALSE
6205,13,TRUE
6205,15,FALSE
6206,13,TRUE
6206,14,FALSE
6207,1,TRUE
6207,15,FALSE
6208,17,TRUE
6208,13,FALSE
6208,15,FALSE
6209,22,TRUE
6209,14,FALSE
6209,19,FALSE
6210,13,TRUE
6210,14,FALSE
6210,19,FALSE
6211,13,TRUE
6211,19,FALSE
6212,26,TRUE
6212,17,FALSE
6213,26,TRUE
6213,17,FALSE
6214,16,TRUE
6214,10,FALSE
6215,19,TRUE
6216,1,TRUE
6216,21,FALSE
6217,2,TRUE
6217,3,FALSE
6218,13,TRUE
6218,15,FALSE
6219,13,TRUE
6220,2,TRUE
6220,18,FALSE
6220,3,FALSE
6221,12,TRUE
6221,13,FALSE
6222,12,TRUE
6223,12,TRUE
6224,15,TRUE
6224,20,FALSE
6225,17,TRUE
6225,15,FALSE
6225,20,FALSE
6226,17,TRUE
6226,13,FALSE
6226,14,FALSE
6227,26,TRUE
6227,17,FALSE
6227,14,FALSE
6228,26,TRUE
6228,15,FALSE
6229,2,TRUE
6229,9,FALSE
6229,10,FALSE
6230,13,TRUE
6230,15,FALSE
6231,17,TRUE
6231,15,FALSE
6231,20,FALSE
6232,1,TRUE
6232,15,FALSE
6232,30,FALSE
6233,13,TRUE
6233,15,FALSE
6234,1,TRUE
6234,15,FALSE
6235,12,TRUE
6236,12,TRUE
6237,12,TRUE
6238,12,TRUE
6239,12,TRUE
6240,12,TRUE
6241,12,TRUE
6242,12,TRUE
6243,12,TRUE
6244,12,TRUE
6245,26,TRUE
6245,17,FALSE
6246,17,TRUE
6246,15,FALSE
6247,26,TRUE
6247,15,FALSE
6247,21,FALSE
6248,17,TRUE
6248,30,FALSE
6249,28,TRUE
6249,19,FALSE
6250,25,TRUE
6251,5,TRUE
6251,3,FALSE
6251,11,FALSE
6252,1,TRUE
6252,21,FALSE
6253,5,TRUE
6253,10,FALSE
6253,3,FALSE
6254,16,TRUE
6254,7,FALSE
6254,8,FALSE
6255,28,TRUE
6255,17,FALSE
6255,13,FALSE
6256,13,TRUE
6256,14,FALSE
6256,15,FALSE
6257,1,TRUE
6258,17,TRUE
6258,13,FALSE
6258,20,FALSE
6259,25,TRUE
6260,1,TRUE
6260,15,FALSE
6261,17,TRUE
6261,15,FALSE
6262,12,TRUE
6262,1,FALSE
6262,15,FALSE
6263,7,TRUE
6264,2,TRUE
6264,32,FALSE
6264,9,FALSE
6265,5,TRUE
6265,9,FALSE
6265,3,FALSE
6266,2,TRUE
6266,9,FALSE
6266,10,FALSE
6267,17,TRUE
6267,35,FALSE
6268,17,TRUE
6269,17,TRUE
6269,13,FALSE
6269,15,FALSE
6270,17,TRUE
6270,15,FALSE
6271,13,TRUE
6271,20,FALSE
6272,12,TRUE
6272,17,FALSE
6273,1,TRUE
6274,1,TRUE
6274,15,FALSE
6275,1,TRUE
6275,38,FALSE
6275,21,FALSE
6276,2,TRUE
6276,9,FALSE
6276,3,FALSE
6277,5,TRUE
6277,2,FALSE
6277,3,FALSE
6278,13,TRUE
6278,15,FALSE
6278,20,FALSE
6279,1,TRUE
6279,15,FALSE
6279,30,FALSE
6280,9,TRUE
6280,3,FALSE
6281,13,TRUE
6281,14,FALSE
6281,15,FALSE
6282,25,TRUE
6283,14,TRUE
6283,19,FALSE
6284,12,TRUE
6284,13,FALSE
6285,12,TRUE
6286,17,TRUE
6286,15,FALSE
6286,30,FALSE
6287,13,TRUE
6287,15,FALSE
6287,20,FALSE
6288,17,TRUE
6288,15,FALSE
6289,1,TRUE
6290,13,TRUE
6290,15,FALSE
6290,20,FALSE
6291,17,TRUE
6291,15,FALSE
6291,20,FALSE
6292,31,TRUE
6292,25,FALSE
6293,1,TRUE
6293,15,FALSE
6293,30,FALSE
6294,13,TRUE
6294,14,FALSE
6294,15,FALSE
6295,2,TRUE
6295,10,FALSE
6296,2,TRUE
6296,9,FALSE
6296,3,FALSE
6297,17,TRUE
6297,15,FALSE
6297,20,FALSE
6298,12,TRUE
6299,13,TRUE
6299,15,FALSE
6299,19,FALSE
6300,22,TRUE
6300,15,FALSE
6300,19,FALSE
6301,13,TRUE
6301,14,FALSE
6301,15,FALSE
6302,25,TRUE
6302,10,FALSE
6303,17,TRUE
6304,17,TRUE
6305,16,TRUE
6305,2,FALSE
6305,8,FALSE
6306,12,TRUE
6306,17,FALSE
6307,26,TRUE
6308,1,TRUE
6309,12,TRUE
6309,17,FALSE
6310,1,TRUE
6310,21,FALSE
6311,39,TRUE
6312,13,TRUE
6312,14,FALSE
6312,15,FALSE
6313,1,TRUE
6313,37,FALSE
6314,13,TRUE
6314,15,FALSE
6315,13,TRUE
6315,15,FALSE
6315,38,FALSE
6316,17,TRUE
6316,14,FALSE
6316,15,FALSE
6317,17,TRUE
6317,13,FALSE
6317,14,FALSE
6318,26,TRUE
6318,17,FALSE
6318,15,FALSE
6319,2,TRUE
6319,3,FALSE
6319,11,FALSE
6320,5,TRUE
6320,2,FALSE
6320,3,FALSE
6321,17,TRUE
6321,13,FALSE
6321,15,FALSE
6322,13,TRUE
6323,26,TRUE
6323,13,FALSE
6324,5,TRUE
6324,2,FALSE
6324,3,FALSE
6325,1,TRUE
6325,15,FALSE
6326,26,TRUE
6326,23,FALSE
6327,26,TRUE
6328,13,TRUE
6328,14,FALSE
6329,13,TRUE
6329,15,FALSE
6329,19,FALSE
6330,1,TRUE
6331,19,TRUE
6332,13,TRUE
6332,14,FALSE
6332,21,FALSE
6333,13,TRUE
6333,30,FALSE
6334,12,TRUE
6335,17,TRUE
6335,14,FALSE
6335,15,FALSE
6336,2,TRUE
6336,3,FALSE
6336,27,FALSE
6337,26,TRUE
6337,15,FALSE
6338,13,TRUE
6339,13,TRUE
6339,14,FALSE
6339,15,FALSE
6340,17,TRUE
6340,13,FALSE
6340,14,FALSE
6341,17,TRUE
6342,16,TRUE
6342,7,FALSE
6342,33,FALSE
6343,14,TRUE
6343,19,FALSE
6344,26,TRUE
6344,17,FALSE
6345,13,TRUE
6345,14,FALSE
6345,20,FALSE
6346,1,TRUE
6347,1,TRUE
6348,36,TRUE
6349,12,TRUE
6350,1,TRUE
6351,28,TRUE
6351,13,FALSE
6351,15,FALSE
6352,1,TRUE
6352,15,FALSE
6352,30,FALSE
6353,1,TRUE
6354,13,TRUE
6354,14,FALSE
6354,23,FALSE
6355,12,TRUE
6355,17,FALSE
6356,1,TRUE
6357,17,TRUE
6357,15,FALSE
6358,8,TRUE
6359,26,TRUE
6359,28,FALSE
6359,13,FALSE
6360,26,TRUE
6360,13,FALSE
6360,15,FALSE
6361,8,TRUE
6362,16,TRUE
6362,10,FALSE
6363,1,TRUE
6363,30,FALSE
6364,1,TRUE
6364,15,FALSE
6365,16,TRUE
6365,7,FALSE
6365,2,FALSE
6366,13,TRUE
6366,14,FALSE
6366,19,FALSE
6367,12,TRUE
6368,17,TRUE
6368,20,FALSE
6369,7,TRUE
6369,33,FALSE
6370,13,TRUE
6370,20,FALSE
6370,30,FALSE
6371,12,TRUE
6371,17,FALSE
6372,5,TRUE
6372,7,FALSE
6373,17,TRUE
6373,14,FALSE
6374,8,TRUE
6375,1,TRUE
6375,15,FALSE
6375,38,FALSE
6376,13,TRUE
6376,30,FALSE
6377,14,TRUE
6377,19,FALSE
6378,17,TRUE
6379,2,TRUE
6379,8,FALSE
6380,13,TRUE
6380,19,FALSE
6381,26,TRUE
6381,15,FALSE
6382,10,TRUE
6383,12,TRUE
6383,17,FALSE
6384,12,TRUE
6384,17,FALSE
6385,12,TRUE
6385,17,FALSE
6386,2,TRUE
6386,3,FALSE
6387,26,TRUE
6387,15,FALSE
6388,1,TRUE
6388,15,FALSE
6389,14,TRUE
6389,19,FALSE
6390,25,TRUE
6391,13,TRUE
6391,20,FALSE
6392,1,TRUE
6393,13,TRUE
6393,14,FALSE
6393,15,FALSE
6394,16,TRUE
6394,10,FALSE
6395,26,TRUE
6395,14,FALSE
6396,28,TRUE
6396,13,FALSE
6396,20,FALSE
6397,13,TRUE
6397,14,FALSE
6397,15,FALSE
6398,22,TRUE
6398,19,FALSE
6399,16,TRUE
6399,2,FALSE
6399,8,FALSE
6400,13,TRUE
6400,15,FALSE
6400,30,FALSE
6401,17,TRUE
6401,15,FALSE
6401,20,FALSE
6402,2,TRUE
6402,32,FALSE
6402,9,FALSE
6403,17,TRUE
6403,13,FALSE
6403,15,FALSE
6404,13,TRUE
6404,15,FALSE
6405,25,TRUE
6406,12,TRUE
6407,12,TRUE
6408,2,TRUE
6408,18,FALSE
6408,3,FALSE
6409,5,TRUE
6409,9,FALSE
6409,18,FALSE
6410,17,TRUE
6410,13,FALSE
6411,12,TRUE
6411,17,FALSE
6411,13,FALSE
6412,7,TRUE
6413,13,TRUE
6413,14,FALSE
6414,2,TRUE
6414,32,FALSE
6414,9,FALSE
6415,17,TRUE
6415,20,FALSE
6416,35,TRUE
6416,22,FALSE
6417,5,TRUE
6417,2,FALSE
6417,3,FALSE
6418,1,TRUE
6419,17,TRUE
6419,13,FALSE
6419,15,FALSE
6420,13,TRUE
6420,15,FALSE
6421,25,TRUE
6422,13,TRUE
6422,15,FALSE
6423,13,TRUE
6423,38,FALSE
6423,20,FALSE
6424,28,TRUE
6424,35,FALSE
6424,22,FALSE
6425,22,TRUE
6425,23,FALSE
6425,19,FALSE
6426,17,TRUE
6427,31,TRUE
6427,5,FALSE
6427,24,FALSE
6428,26,TRUE
6429,26,TRUE
6429,13,FALSE
6429,15,FALSE
6430,26,TRUE
6430,13,FALSE
6430,15,FALSE
6431,2,TRUE
6431,9,FALSE
6431,10,FALSE
6432,28,TRUE
6432,13,FALSE
6433,1,TRUE
6434,12,TRUE
6434,17,FALSE
6435,1,TRUE
6435,15,FALSE
6436,26,TRUE
6436,15,FALSE
6436,19,FALSE
6437,1,TRUE
6437,15,FALSE
6438,13,TRUE
6439,13,TRUE
6439,37,FALSE
6439,15,FALSE
6440,17,TRUE
6440,13,FALSE
6440,15,FALSE
6441,17,TRUE
6441,15,FALSE
6441,20,FALSE
6442,17,TRUE
6442,13,FALSE
6442,15,FALSE
6443,1,TRUE
6443,15,FALSE
6444,13,TRUE
6445,13,TRUE
6445,15,FALSE
6445,20,FALSE
6446,13,TRUE
6447,12,TRUE
6447,17,FALSE
6448,26,TRUE
6448,17,FALSE
6449,12,TRUE
6449,28,FALSE
6450,17,TRUE
6450,15,FALSE
6450,21,FALSE
6451,17,TRUE
6451,35,FALSE
6451,13,FALSE
6452,7,TRUE
6452,8,FALSE
6452,33,FALSE
6453,26,TRUE
6453,13,FALSE
6453,15,FALSE
6454,1,TRUE
6454,21,FALSE
6455,13,TRUE
6455,14,FALSE
6455,15,FALSE
6456,2,TRUE
6456,8,FALSE
6457,42,TRUE
6457,10,FALSE
6458,2,TRUE
6458,32,FALSE
6458,8,FALSE
6459,22,TRUE
6459,19,FALSE
6460,16,TRUE
6460,10,FALSE
6461,16,TRUE
6461,2,FALSE
6461,9,FALSE
6462,40,TRUE
6463,12,TRUE
6464,40,TRUE
6465,12,TRUE
6466,17,TRUE
6466,15,FALSE
6467,12,TRUE
6467,17,FALSE
6468,17,TRUE
6468,13,FALSE
6468,15,FALSE
6469,35,TRUE
6469,22,FALSE
6470,36,TRUE
6471,26,TRUE
6471,15,FALSE
6472,39,TRUE
6473,13,TRUE
6473,14,FALSE
6473,15,FALSE
6474,12,TRUE
6474,28,FALSE
6474,17,FALSE
6475,14,TRUE
6475,19,FALSE
6476,1,TRUE
6476,21,FALSE
6477,17,TRUE
6477,37,FALSE
6477,20,FALSE
6478,7,TRUE
6479,17,TRUE
6479,20,FALSE
6480,12,TRUE
6480,13,FALSE
6480,20,FALSE
6481,12,TRUE
6481,17,FALSE
6482,12,TRUE
6482,17,FALSE
6482,13,FALSE
6483,13,TRUE
6483,15,FALSE
6483,19,FALSE
6484,25,TRUE
6485,17,TRUE
6485,15,FALSE
6486,28,TRUE
6486,17,FALSE
6486,15,FALSE
6487,26,TRUE
6487,22,FALSE
6487,23,FALSE
6488,16,TRUE
6488,7,FALSE
6488,33,FALSE
6489,13,TRUE
6489,14,FALSE
6489,15,FALSE
6490,13,TRUE
6490,15,FALSE
6490,19,FALSE
6491,16,TRUE
6491,7,FALSE
6492,1,TRUE
6492,21,FALSE
6493,26,TRUE
6493,23,FALSE
6494,13,TRUE
6495,17,TRUE
6496,7,TRUE
6496,2,FALSE
6497,26,TRUE
6497,28,FALSE
6498,17,TRUE
6498,23,FALSE
6499,16,TRUE
6499,5,FALSE
6499,7,FALSE
6500,1,TRUE
6500,21,FALSE
6501,13,TRUE
6501,19,FALSE
6502,26,TRUE
6502,35,FALSE
6502,13,FALSE
6503,13,TRUE
6503,15,FALSE
6504,26,TRUE
6504,22,FALSE
6504,23,FALSE
6505,2,TRUE
6505,9,FALSE
6505,3,FALSE
6506,2,TRUE
6506,9,FALSE
6506,3,FALSE
6507,2,TRUE
6507,9,FALSE
6507,10,FALSE
6508,2,TRUE
6508,9,FALSE
6508,3,FALSE
6509,2,TRUE
6509,9,FALSE
6509,10,FALSE
6510,2,TRUE
6510,9,FALSE
6510,3,FALSE
6511,13,TRUE
6511,30,FALSE
6512,26,TRUE
6512,17,FALSE
6513,17,TRUE
6513,14,FALSE
6513,15,FALSE
6514,5,TRUE
6514,7,FALSE
6515,5,TRUE
6515,7,FALSE
6516,17,TRUE
6516,13,FALSE
6516,14,FALSE
6517,13,TRUE
6517,14,FALSE
6517,15,FALSE
6518,13,TRUE
6518,15,FALSE
6519,13,TRUE
6519,19,FALSE
6520,41,TRUE
6520,10,FALSE
6521,2,TRUE
6521,10,FALSE
6522,1,TRUE
6523,26,TRUE
6523,13,FALSE
6523,15,FALSE
6524,13,TRUE
6524,19,FALSE
6525,7,TRUE
6525,10,FALSE
6526,1,TRUE
6526,15,FALSE
6526,30,FALSE
6527,13,TRUE
6527,14,FALSE
6527,38,FALSE
6528,22,TRUE
6528,15,FALSE
6528,19,FALSE
6529,1,TRUE
6529,30,FALSE
6530,13,TRUE
6530,15,FALSE
6530,19,FALSE
6531,26,TRUE
6531,13,FALSE
6531,14,FALSE
6532,13,TRUE
6532,15,FALSE
6533,8,TRUE
6534,28,TRUE
6534,13,FALSE
6535,12,TRUE
6535,17,FALSE
6536,1,TRUE
6536,15,FALSE
6537,12,TRUE
6538,13,TRUE
6538,19,FALSE
6539,5,TRUE
6539,7,FALSE
6539,2,FALSE
6540,1,TRUE
6540,37,FALSE
6540,21,FALSE
6541,13,TRUE
6541,14,FALSE
6542,17,TRUE
6542,13,FALSE
6542,14,FALSE
6543,5,TRUE
6543,2,FALSE
6543,6,FALSE
6544,26,TRUE
6544,15,FALSE
6544,20,FALSE
6545,22,TRUE
6546,1,TRUE
6547,26,TRUE
6547,13,FALSE
6547,15,FALSE
6548,22,TRUE
6548,15,FALSE
6549,13,TRUE
6550,16,TRUE
6550,42,FALSE
6550,10,FALSE
6551,12,TRUE
6551,17,FALSE
6552,13,TRUE
6552,14,FALSE
6552,38,FALSE
6553,26,TRUE
6553,22,FALSE
6553,15,FALSE
6554,13,TRUE
6554,15,FALSE
6555,13,TRUE
6555,14,FALSE
6555,15,FALSE
6556,13,TRUE
6556,14,FALSE
6556,38,FALSE
6557,2,TRUE
6557,9,FALSE
6557,3,FALSE
6558,13,TRUE
6558,15,FALSE
6559,13,TRUE
6559,14,FALSE
6559,15,FALSE
6560,5,TRUE
6560,2,FALSE
6560,18,FALSE
6561,16,TRUE
6561,7,FALSE
6562,1,TRUE
6562,21,FALSE
6563,26,TRUE
6564,13,TRUE
6564,14,FALSE
6564,20,FALSE
6565,13,TRUE
6565,15,FALSE
6565,19,FALSE
6566,13,TRUE
6566,19,FALSE
6567,13,TRUE
6567,15,FALSE
6567,19,FALSE
6568,22,TRUE
6568,15,FALSE
6568,19,FALSE
6569,2,TRUE
6569,11,FALSE
6569,24,FALSE
6570,13,TRUE
6570,15,FALSE
6571,28,TRUE
6571,13,FALSE
6571,14,FALSE
6572,5,TRUE
6572,2,FALSE
6572,3,FALSE
6573,2,TRUE
6573,3,FALSE
6574,13,TRUE
6574,14,FALSE
6575,17,TRUE
6575,15,FALSE
6576,1,TRUE
6577,17,TRUE
6578,14,TRUE
6578,15,FALSE
6578,19,FALSE
6579,13,TRUE
6579,19,FALSE
6580,17,TRUE
6580,13,FALSE
6580,14,FALSE
6581,17,TRUE
6581,13,FALSE
6581,14,FALSE
6582,12,TRUE
6582,17,FALSE
6583,17,TRUE
6583,20,FALSE
6584,17,TRUE
6585,22,TRUE
6586,15,TRUE
6586,30,FALSE
6587,5,TRUE
6587,7,FALSE
6588,5,TRUE
6588,2,FALSE
6588,3,FALSE
6589,15,TRUE
6589,19,FALSE
6590,1,TRUE
6591,22,TRUE
6591,19,FALSE
6592,1,TRUE
6592,15,FALSE
6593,26,TRUE
6594,39,TRUE
6595,13,TRUE
6595,19,FALSE
6596,22,TRUE
6596,19,FALSE
6597,26,TRUE
6597,15,FALSE
6598,19,TRUE
6599,19,TRUE
6600,13,TRUE
6600,15,FALSE
6601,22,TRUE
6601,23,FALSE
6601,19,FALSE
6602,2,TRUE
6603,13,TRUE
6603,15,FALSE
6604,5,TRUE
6604,3,FALSE
6604,4,FALSE
6605,26,TRUE
6605,17,FALSE
6605,15,FALSE
6606,26,TRUE
6606,15,FALSE
6606,23,FALSE
6607,1,TRUE
6608,1,TRUE
6608,15,FALSE
6609,13,TRUE
6609,15,FALSE
6610,26,TRUE
6611,13,TRUE
6611,15,FALSE
6611,21,FALSE
6612,41,TRUE
6613,17,TRUE
6614,7,TRUE
6614,33,FALSE
6615,26,TRUE
6615,15,FALSE
6616,1,TRUE
6617,19,TRUE
6618,26,TRUE
6618,15,FALSE
6618,23,FALSE
6619,16,TRUE
6619,8,FALSE
6620,28,TRUE
6620,13,FALSE
6620,20,FALSE
6621,13,TRUE
6621,19,FALSE
6622,12,TRUE
6623,12,TRUE
6623,13,FALSE
6624,15,TRUE
6624,19,FALSE
6625,17,TRUE
6625,14,FALSE
6626,17,TRUE
6627,22,TRUE
6628,26,TRUE
6628,1,FALSE
6628,15,FALSE
6629,26,TRUE
6629,1,FALSE
6629,15,FALSE
6630,26,TRUE
6630,1,FALSE
6630,15,FALSE
6631,22,TRUE
6631,15,FALSE
6632,1,TRUE
6632,15,FALSE
6633,17,TRUE
6633,13,FALSE
6633,14,FALSE
6634,13,TRUE
6634,19,FALSE
6635,26,TRUE
6635,22,FALSE
6635,23,FALSE
6636,8,TRUE
6636,33,FALSE
6637,26,TRUE
6637,17,FALSE
6637,15,FALSE
6638,13,TRUE
6638,37,FALSE
6639,1,TRUE
6640,12,TRUE
6640,17,FALSE
6641,12,TRUE
6641,17,FALSE
6642,26,TRUE
6642,23,FALSE
6643,26,TRUE
6643,23,FALSE
6644,26,TRUE
6644,23,FALSE
6645,26,TRUE
6645,23,FALSE
6646,12,TRUE
6647,9,TRUE
6647,10,FALSE
6647,3,FALSE
6648,1,TRUE
6649,1,TRUE
6649,15,FALSE
6649,38,FALSE
6650,1,TRUE
6650,15,FALSE
6651,13,TRUE
6652,5,TRUE
6652,7,FALSE
6653,5,TRUE
6653,2,FALSE
6653,18,FALSE
6654,13,TRUE
6654,14,FALSE
6654,15,FALSE
6655,26,TRUE
6655,13,FALSE
6655,15,FALSE
6656,17,TRUE
6657,1,TRUE
6658,12,TRUE
6658,23,FALSE
6659,25,TRUE
6660,16,TRUE
6660,7,FALSE
6660,33,FALSE
6661,16,TRUE
6661,7,FALSE
6661,33,FALSE
6662,13,TRUE
6663,17,TRUE
6663,20,FALSE
6664,2,TRUE
6664,9,FALSE
6664,10,FALSE
6665,13,TRUE
6665,20,FALSE
6666,39,TRUE
6667,13,TRUE
6667,15,FALSE
6667,20,FALSE
6668,13,TRUE
6668,15,FALSE
6669,13,TRUE
6669,14,FALSE
6669,15,FALSE
6670,13,TRUE
6670,15,FALSE
6670,19,FALSE
6671,26,TRUE
6672,2,TRUE
6672,9,FALSE
6672,18,FALSE
6673,5,TRUE
6673,2,FALSE
6673,18,FALSE
6674,5,TRUE
6674,2,FALSE
6674,18,FALSE
6675,42,TRUE
6675,25,FALSE
6675,18,FALSE
6676,1,TRUE
6676,15,FALSE
6677,9,TRUE
6677,18,FALSE
6677,3,FALSE
6678,1,TRUE
6678,15,FALSE
6679,2,TRUE
6679,18,FALSE
6679,10,FALSE
6680,12,TRUE
6680,1,FALSE
6680,15,FALSE
6681,15,TRUE
6681,23,FALSE
6682,1,TRUE
6683,13,TRUE
6683,23,FALSE
6684,1,TRUE
6684,15,FALSE
6685,1,TRUE
6685,15,FALSE
6686,1,TRUE
6686,15,FALSE
6687,1,TRUE
6688,22,TRUE
6688,19,FALSE
6689,13,TRUE
6689,15,FALSE
6690,13,TRUE
6690,15,FALSE
6690,21,FALSE
6691,8,TRUE
6692,1,TRUE
6692,15,FALSE
6693,17,TRUE
6693,20,FALSE
6694,2,TRUE
6694,18,FALSE
6694,10,FALSE
6695,13,TRUE
6695,14,FALSE
6695,15,FALSE
6696,16,TRUE
6696,5,FALSE
6696,7,FALSE
6697,26,TRUE
6698,5,TRUE
6698,18,FALSE
6698,3,FALSE
6699,14,TRUE
6699,19,FALSE
6700,1,TRUE
6701,13,TRUE
6701,14,FALSE
6701,20,FALSE
6702,26,TRUE
6702,28,FALSE
6703,13,TRUE
6703,20,FALSE
6703,23,FALSE
6704,26,TRUE
6704,13,FALSE
6704,23,FALSE
6705,17,TRUE
6705,13,FALSE
6705,14,FALSE
6706,17,TRUE
6706,35,FALSE
6706,15,FALSE
6707,13,TRUE
6707,15,FALSE
6707,20,FALSE
6708,15,TRUE
6708,21,FALSE
6708,19,FALSE
6709,13,TRUE
6709,15,FALSE
6709,38,FALSE
6710,2,TRUE
6711,12,TRUE
6711,17,FALSE
6711,37,FALSE
6712,22,TRUE
6712,23,FALSE
6713,13,TRUE
6713,14,FALSE
6713,19,FALSE
6714,13,TRUE
6714,15,FALSE
6714,19,FALSE
6715,16,TRUE
6715,7,FALSE
6715,2,FALSE
6716,17,TRUE
6716,23,FALSE
6717,13,TRUE
6717,14,FALSE
6717,15,FALSE
6718,2,TRUE
6718,9,FALSE
6718,10,FALSE
6719,2,TRUE
6719,3,FALSE
6720,26,TRUE
6721,1,TRUE
6721,15,FALSE
6722,17,TRUE
6722,20,FALSE
6723,26,TRUE
6724,26,TRUE
6724,13,FALSE
6724,14,FALSE
6725,16,TRUE
6725,10,FALSE
6726,17,TRUE
6726,15,FALSE
6727,17,TRUE
6727,15,FALSE
6727,20,FALSE
6728,17,TRUE
6728,15,FALSE
6729,5,TRUE
6729,2,FALSE
6729,3,FALSE
6730,17,TRUE
6730,20,FALSE
6731,13,TRUE
6731,14,FALSE
6732,31,TRUE
6732,2,FALSE
6733,16,TRUE
6733,5,FALSE
6733,7,FALSE
6734,26,TRUE
6734,13,FALSE
6734,15,FALSE
6735,17,TRUE
6736,19,TRUE
6737,13,TRUE
6737,14,FALSE
6737,15,FALSE
6738,1,TRUE
6738,15,FALSE
6739,19,TRUE
6740,13,TRUE
6740,14,FALSE
6740,15,FALSE
6741,17,TRUE
6741,15,FALSE
6742,5,TRUE
6742,2,FALSE
6742,6,FALSE
6743,16,TRUE
6743,5,FALSE
6743,3,FALSE
6744,17,TRUE
6744,35,FALSE
6744,13,FALSE
6745,2,TRUE
6745,11,FALSE
6745,24,FALSE
6746,1,TRUE
6747,28,TRUE
6747,13,FALSE
6747,21,FALSE
6748,13,TRUE
6748,15,FALSE
6749,12,TRUE
6749,17,FALSE
6750,1,TRUE
6751,5,TRUE
6751,2,FALSE
6751,6,FALSE
6752,1,TRUE
6753,13,TRUE
6753,15,FALSE
6754,35,TRUE
6754,22,FALSE
6754,19,FALSE
6755,22,TRUE
6755,19,FALSE
6756,22,TRUE
6757,1,TRUE
6757,15,FALSE
6758,13,TRUE
6758,14,FALSE
6758,15,FALSE
6759,17,TRUE
6759,20,FALSE
6760,26,TRUE
6761,22,TRUE
6761,15,FALSE
6762,1,TRUE
6762,30,FALSE
6763,1,TRUE
6764,2,TRUE
6764,8,FALSE
6765,1,TRUE
6765,15,FALSE
6765,30,FALSE
6766,26,TRUE
6766,15,FALSE
6767,8,TRUE
6768,13,TRUE
6769,17,TRUE
6769,15,FALSE
6770,13,TRUE
6770,14,FALSE
6770,21,FALSE
6771,25,TRUE
6771,32,FALSE
6772,26,TRUE
6772,15,FALSE
6773,1,TRUE
6773,15,FALSE
6774,7,TRUE
6774,33,FALSE
6775,2,TRUE
6775,3,FALSE
6776,1,TRUE
6776,37,FALSE
6776,15,FALSE
6777,13,TRUE
6778,1,TRUE
6779,13,TRUE
6779,15,FALSE
6780,17,TRUE
6781,1,TRUE
6782,12,TRUE
6783,8,TRUE
6784,1,TRUE
6784,15,FALSE
6784,38,FALSE
6785,26,TRUE
6785,28,FALSE
6785,23,FALSE
6786,16,TRUE
6786,7,FALSE
6786,33,FALSE
6787,1,TRUE
6787,15,FALSE
6787,30,FALSE
6788,1,TRUE
6788,15,FALSE
6788,30,FALSE
6789,2,TRUE
6789,3,FALSE
6790,1,TRUE
6791,17,TRUE
6791,20,FALSE
6792,5,TRUE
6792,2,FALSE
6792,18,FALSE
6793,28,TRUE
6793,17,FALSE
6793,15,FALSE
6794,13,TRUE
6794,19,FALSE
6795,17,TRUE
6795,13,FALSE
6795,14,FALSE
6796,42,TRUE
6796,10,FALSE
6797,17,TRUE
6797,13,FALSE
6797,14,FALSE
6798,12,TRUE
6798,17,FALSE
6799,12,TRUE
6799,13,FALSE
6800,1,TRUE
6801,17,TRUE
6801,15,FALSE
6802,13,TRUE
6802,14,FALSE
6803,13,TRUE
6803,37,FALSE
6804,7,TRUE
6804,8,FALSE
6805,22,TRUE
6806,22,TRUE
6806,15,FALSE
6807,42,TRUE
6807,10,FALSE
6808,12,TRUE
6808,17,FALSE
6808,13,FALSE
6809,26,TRUE
6809,15,FALSE
6810,1,TRUE
6810,15,FALSE
6810,30,FALSE
6811,16,TRUE
6811,7,FALSE
6811,2,FALSE
6812,40,TRUE
6813,40,TRUE
6814,13,TRUE
6814,14,FALSE
6815,12,TRUE
6815,13,FALSE
6815,30,FALSE
6816,1,TRUE
6817,26,TRUE
6817,13,FALSE
6817,15,FALSE
6818,13,TRUE
6818,19,FALSE
6819,12,TRUE
6819,17,FALSE
6820,13,TRUE
6820,14,FALSE
6820,15,FALSE
6821,2,TRUE
6821,3,FALSE
6822,13,TRUE
6822,15,FALSE
6823,6,TRUE
6823,10,FALSE
6824,13,TRUE
6824,15,FALSE
6824,20,FALSE
6825,2,TRUE
6825,10,FALSE
6825,3,FALSE
6826,2,TRUE
6826,41,FALSE
6826,10,FALSE
6827,13,TRUE
6828,31,TRUE
6828,2,FALSE
6829,12,TRUE
6829,13,FALSE
6829,30,FALSE
6830,12,TRUE
6830,13,FALSE
6830,30,FALSE
6831,22,TRUE
6831,19,FALSE
6832,13,TRUE
6832,15,FALSE
6833,13,TRUE
6834,1,TRUE
6834,38,FALSE
6835,16,TRUE
6835,7,FALSE
6835,2,FALSE
6836,16,TRUE
6836,7,FALSE
6836,2,FALSE
6837,5,TRUE
6837,2,FALSE
6837,9,FALSE
6838,12,TRUE
6838,17,FALSE
6839,25,TRUE
6839,10,FALSE
6840,17,TRUE
6840,21,FALSE
6841,12,TRUE
6841,17,FALSE
6842,5,TRUE
6842,10,FALSE
6842,3,FALSE
6843,26,TRUE
6843,17,FALSE
6844,17,TRUE
6844,20,FALSE
6845,26,TRUE
6845,13,FALSE
6845,15,FALSE
6846,22,TRUE
6847,26,TRUE
6847,29,FALSE
6847,15,FALSE
6848,26,TRUE
6848,23,FALSE
6849,26,TRUE
6849,29,FALSE
6849,15,FALSE
6850,8,TRUE
6851,26,TRUE
6851,29,FALSE
6851,15,FALSE
6852,26,TRUE
6852,13,FALSE
6852,15,FALSE
6853,13,TRUE
6853,15,FALSE
6854,28,TRUE
6854,17,FALSE
6854,21,FALSE
6855,13,TRUE
6855,14,FALSE
6856,17,TRUE
6856,15,FALSE
6857,1,TRUE
6857,30,FALSE
6858,2,TRUE
6858,3,FALSE
6859,12,TRUE
6859,13,FALSE
6859,37,FALSE
6860,1,TRUE
6861,26,TRUE
6861,15,FALSE
6862,13,TRUE
6862,37,FALSE
6863,13,TRUE
6863,37,FALSE
6864,13,TRUE
6864,14,FALSE
6864,15,FALSE
6865,28,TRUE
6865,17,FALSE
6865,15,FALSE
6866,15,TRUE
6866,23,FALSE
6867,26,TRUE
6868,13,TRUE
6869,25,TRUE
6870,19,TRUE
6871,17,TRUE
6871,15,FALSE
6872,5,TRUE
6872,2,FALSE
6872,3,FALSE
6873,14,TRUE
6874,2,TRUE
6874,3,FALSE
6874,24,FALSE
6875,17,TRUE
6875,14,FALSE
6876,13,TRUE
6877,17,TRUE
6877,13,FALSE
6877,14,FALSE
6878,13,TRUE
6878,15,FALSE
6879,13,TRUE
6880,26,TRUE
6880,19,FALSE
6881,28,TRUE
6881,13,FALSE
6882,13,TRUE
6882,14,FALSE
6883,17,TRUE
6883,30,FALSE
6884,12,TRUE
6884,17,FALSE
6885,17,TRUE
6885,13,FALSE
6885,15,FALSE
6886,3,TRUE
6886,34,FALSE
6887,22,TRUE
6887,19,FALSE
6888,13,TRUE
6888,14,FALSE
6888,15,FALSE
6889,13,TRUE
6890,16,TRUE
6890,2,FALSE
6890,8,FALSE
6891,2,TRUE
6891,9,FALSE
6891,18,FALSE
6892,17,TRUE
6892,15,FALSE
6892,21,FALSE
6893,17,TRUE
6893,14,FALSE
6894,28,TRUE
6894,17,FALSE
6894,21,FALSE
6895,16,TRUE
6895,2,FALSE
6895,8,FALSE
6896,7,TRUE
6896,33,FALSE
6897,22,TRUE
6897,19,FALSE
6898,17,TRUE
6898,14,FALSE
6898,15,FALSE
6899,1,TRUE
6900,1,TRUE
6900,38,FALSE
6901,1,TRUE
6901,15,FALSE
6901,30,FALSE
6902,31,TRUE
6902,5,FALSE
6903,1,TRUE
6903,15,FALSE
6904,17,TRUE
6904,15,FALSE
6905,17,TRUE
6905,15,FALSE
6906,17,TRUE
6906,15,FALSE
6907,2,TRUE
6907,10,FALSE
6908,17,TRUE
6908,13,FALSE
6908,15,FALSE
6909,17,TRUE
6909,15,FALSE
6909,20,FALSE
6910,12,TRUE
6910,17,FALSE
6910,21,FALSE
6911,26,TRUE
6911,29,FALSE
6911,23,FALSE
6912,26,TRUE
6912,23,FALSE
6913,13,TRUE
6913,15,FALSE
6913,21,FALSE
6914,26,TRUE
6914,13,FALSE
6915,17,TRUE
6915,15,FALSE
6916,19,TRUE
6917,1,TRUE
6918,11,TRUE
6918,4,FALSE
6918,24,FALSE
6919,15,TRUE
6919,21,FALSE
6920,2,TRUE
6920,9,FALSE
6920,10,FALSE
6921,22,TRUE
6921,14,FALSE
6922,17,TRUE
6922,15,FALSE
6922,20,FALSE
6923,16,TRUE
6923,5,FALSE
6923,2,FALSE
6924,10,TRUE
6924,3,FALSE
6925,13,TRUE
6925,14,FALSE
6926,26,TRUE
6926,15,FALSE
6926,23,FALSE
6927,1,TRUE
6927,30,FALSE
6928,17,TRUE
6928,35,FALSE
6929,17,TRUE
6929,35,FALSE
6930,1,TRUE
6931,16,TRUE
6931,5,FALSE
6931,7,FALSE
6932,12,TRUE
6932,17,FALSE
6933,25,TRUE
6933,10,FALSE
6934,1,TRUE
6934,30,FALSE
6935,1,TRUE
6936,10,TRUE
6936,3,FALSE
6937,26,TRUE
6937,17,FALSE
6937,13,FALSE
6938,2,TRUE
6938,9,FALSE
6938,3,FALSE
6939,1,TRUE
6939,22,FALSE
6940,22,TRUE
6940,14,FALSE
6941,1,TRUE
6941,15,FALSE
6942,42,TRUE
6942,11,FALSE
6942,4,FALSE
6943,22,TRUE
6943,19,FALSE
6944,26,TRUE
6945,1,TRUE
6946,22,TRUE
6946,19,FALSE
6947,22,TRUE
6947,14,FALSE
6948,13,TRUE
6948,14,FALSE
6948,38,FALSE
6949,1,TRUE
6950,17,TRUE
6950,20,FALSE
6951,19,TRUE
6952,2,TRUE
6952,8,FALSE
6953,12,TRUE
6954,11,TRUE
6954,4,FALSE
6954,27,FALSE
6955,26,TRUE
6955,17,FALSE
6955,14,FALSE
6956,5,TRUE
6956,6,FALSE
6957,13,TRUE
6957,14,FALSE
6958,26,TRUE
6958,35,FALSE
6958,23,FALSE
6959,13,TRUE
6959,20,FALSE
6959,23,FALSE
6960,13,TRUE
6961,26,TRUE
6961,17,FALSE
6961,13,FALSE
6962,22,TRUE
6963,26,TRUE
6963,15,FALSE
6964,2,TRUE
6964,3,FALSE
6965,26,TRUE
6966,2,TRUE
6966,32,FALSE
6966,8,FALSE
6967,22,TRUE
6967,15,FALSE
6967,19,FALSE
6968,15,TRUE
6968,19,FALSE
6969,1,TRUE
6969,15,FALSE
6969,21,FALSE
6970,8,TRUE
6971,3,TRUE
6972,16,TRUE
6972,5,FALSE
6972,2,FALSE
6973,1,TRUE
6974,22,TRUE
6974,15,FALSE
6974,19,FALSE
6975,5,TRUE
6975,2,FALSE
6975,18,FALSE
6976,13,TRUE
6976,15,FALSE
6977,16,TRUE
6977,7,FALSE
6978,17,TRUE
6978,20,FALSE
6979,1,TRUE
6979,30,FALSE
6980,1,TRUE
6980,15,FALSE
6981,13,TRUE
6981,15,FALSE
6981,20,FALSE
6982,25,TRUE
6983,17,TRUE
6983,13,FALSE
6983,15,FALSE
6984,13,TRUE
6984,15,FALSE
6984,38,FALSE
6985,17,TRUE
6985,22,FALSE
6986,1,TRUE
6987,17,TRUE
6987,37,FALSE
6987,15,FALSE
6988,17,TRUE
6988,37,FALSE
6988,15,FALSE
6989,13,TRUE
6989,15,FALSE
6990,13,TRUE
6990,14,FALSE
6990,15,FALSE
6991,13,TRUE
6991,20,FALSE
6992,13,TRUE
6993,12,TRUE
6993,17,FALSE
6994,12,TRUE
6994,17,FALSE
6994,13,FALSE
6995,13,TRUE
6996,1,TRUE
6996,15,FALSE
6996,30,FALSE
6997,2,TRUE
6997,9,FALSE
6997,3,FALSE
6998,13,TRUE
6998,22,FALSE
6998,23,FALSE
6999,16,TRUE
6999,7,FALSE
6999,2,FALSE
7000,22,TRUE
7000,15,FALSE
7001,1,TRUE
7001,15,FALSE
7002,1,TRUE
7002,15,FALSE
7003,13,TRUE
7004,17,TRUE
7005,17,TRUE
7005,14,FALSE
7006,17,TRUE
7006,30,FALSE
7007,5,TRUE
7007,2,FALSE
7007,3,FALSE
7008,28,TRUE
7008,13,FALSE
7008,15,FALSE
7009,12,TRUE
7009,17,FALSE
7010,22,TRUE
7010,19,FALSE
7011,1,TRUE
7012,17,TRUE
7012,14,FALSE
7012,15,FALSE
7013,1,TRUE
7013,21,FALSE
7014,12,TRUE
7014,17,FALSE
7015,17,TRUE
7016,17,TRUE
7017,1,TRUE
7017,15,FALSE
7018,16,TRUE
7018,2,FALSE
7018,8,FALSE
7019,13,TRUE
7019,20,FALSE
7020,1,TRUE
7021,13,TRUE
7021,15,FALSE
7022,26,TRUE
7022,23,FALSE
7023,13,TRUE
7023,15,FALSE
7023,21,FALSE
7024,15,TRUE
7024,21,FALSE
7024,20,FALSE
7025,2,TRUE
7025,9,FALSE
7025,3,FALSE
7026,22,TRUE
7026,14,FALSE
7026,15,FALSE
7027,26,TRUE
7028,26,TRUE
7028,14,FALSE
7029,16,TRUE
7029,7,FALSE
7030,25,TRUE
7031,17,TRUE
7031,14,FALSE
7031,38,FALSE
7032,17,TRUE
7032,14,FALSE
7032,38,FALSE
7033,13,TRUE
7033,14,FALSE
7033,21,FALSE
7034,2,TRUE
7034,32,FALSE
7034,8,FALSE
7035,22,TRUE
7035,15,FALSE
7035,19,FALSE
7036,13,TRUE
7036,14,FALSE
7036,15,FALSE
7037,1,TRUE
7037,30,FALSE
7038,1,TRUE
7039,1,TRUE
7040,2,TRUE
7040,18,FALSE
7040,10,FALSE
7041,17,TRUE
7041,13,FALSE
7041,15,FALSE
7042,1,TRUE
7042,15,FALSE
7043,26,TRUE
7044,26,TRUE
7044,13,FALSE
7045,17,TRUE
7046,12,TRUE
7046,1,FALSE
7047,17,TRUE
7047,15,FALSE
7047,20,FALSE
7048,13,TRUE
7048,14,FALSE
7049,17,TRUE
7049,13,FALSE
7049,14,FALSE
7050,13,TRUE
7050,37,FALSE
7050,20,FALSE
7051,10,TRUE
7052,1,TRUE
7052,15,FALSE
7052,30,FALSE
7053,26,TRUE
7053,15,FALSE
7053,23,FALSE
7054,17,TRUE
7054,15,FALSE
7054,20,FALSE
7055,8,TRUE
7055,10,FALSE
7056,12,TRUE
7057,39,TRUE
7058,12,TRUE
7058,17,FALSE
7058,23,FALSE
7059,13,TRUE
7059,15,FALSE
7059,20,FALSE
7060,2,TRUE
7060,9,FALSE
7060,10,FALSE
7061,26,TRUE
7061,13,FALSE
7062,22,TRUE
7062,15,FALSE
7062,19,FALSE
7063,13,TRUE
7063,15,FALSE
7063,20,FALSE
7064,26,TRUE
7064,23,FALSE
7065,13,TRUE
7065,15,FALSE
7065,20,FALSE
7066,19,TRUE
7067,1,TRUE
7068,12,TRUE
7068,17,FALSE
7069,13,TRUE
7069,14,FALSE
7069,15,FALSE
7070,16,TRUE
7070,7,FALSE
7070,33,FALSE
7071,26,TRUE
7071,12,FALSE
7071,23,FALSE
7072,26,TRUE
7072,12,FALSE
7072,28,FALSE
7073,26,TRUE
7073,12,FALSE
7073,28,FALSE
7074,26,TRUE
7074,12,FALSE
7074,28,FALSE
7075,13,TRUE
7075,19,FALSE
7076,1,TRUE
7077,1,TRUE
7077,15,FALSE
7078,26,TRUE
7079,26,TRUE
7079,12,FALSE
7079,23,FALSE
7080,26,TRUE
7080,13,FALSE
7080,15,FALSE
7081,16,TRUE
7081,7,FALSE
7081,2,FALSE
7082,5,TRUE
7082,7,FALSE
7083,7,TRUE
7083,2,FALSE
7084,8,TRUE
7085,17,TRUE
7085,13,FALSE
7085,15,FALSE
7086,5,TRUE
7086,3,FALSE
7087,17,TRUE
7088,13,TRUE
7088,15,FALSE
7088,23,FALSE
7089,26,TRUE
7089,29,FALSE
7089,15,FALSE
7090,26,TRUE
7090,29,FALSE
7090,15,FALSE
7091,26,TRUE
7091,29,FALSE
7091,15,FALSE
7092,13,TRUE
7092,30,FALSE
7093,1,TRUE
7094,13,TRUE
7094,14,FALSE
7094,15,FALSE
7095,13,TRUE
7095,14,FALSE
7095,15,FALSE
7096,17,TRUE
7096,13,FALSE
7096,15,FALSE
7097,1,TRUE
7097,30,FALSE
7098,12,TRUE
7098,23,FALSE
7099,25,TRUE
7100,13,TRUE
7100,15,FALSE
7100,20,FALSE
7101,7,TRUE
7101,2,FALSE
7101,33,FALSE
7102,2,TRUE
7102,32,FALSE
7102,41,FALSE
7103,13,TRUE
7103,15,FALSE
7103,21,FALSE
7104,12,TRUE
7104,17,FALSE
7105,17,TRUE
7105,15,FALSE
7105,21,FALSE
7106,17,TRUE
7106,15,FALSE
7106,20,FALSE
7107,17,TRUE
7107,15,FALSE
7107,21,FALSE
7108,1,TRUE
7108,30,FALSE
7109,12,TRUE
7110,13,TRUE
7110,15,FALSE
7110,20,FALSE
7111,12,TRUE
7111,21,FALSE
7112,1,TRUE
7112,30,FALSE
7113,5,TRUE
7113,2,FALSE
7113,3,FALSE
7114,13,TRUE
7114,19,FALSE
7115,17,TRUE
7115,13,FALSE
7115,15,FALSE
7116,13,TRUE
7116,15,FALSE
7117,40,TRUE
7118,13,TRUE
7118,14,FALSE
7118,15,FALSE
7119,13,TRUE
7119,14,FALSE
7119,15,FALSE
7120,17,TRUE
7120,13,FALSE
7120,15,FALSE
7121,2,TRUE
7121,41,FALSE
7122,17,TRUE
7122,35,FALSE
7123,13,TRUE
7123,15,FALSE
7123,20,FALSE
7124,8,TRUE
7125,1,TRUE
7126,42,TRUE
7126,6,FALSE
7126,3,FALSE
7127,13,TRUE
7127,21,FALSE
7128,1,TRUE
7128,37,FALSE
7129,1,TRUE
7129,38,FALSE
7130,2,TRUE
7130,3,FALSE
7131,1,TRUE
7131,21,FALSE
7132,25,TRUE
7133,1,TRUE
7134,26,TRUE
7134,13,FALSE
7134,15,FALSE
7135,1,TRUE
7135,15,FALSE
7135,21,FALSE
7136,1,TRUE
7136,15,FALSE
7137,26,TRUE
7137,23,FALSE
7138,15,TRUE
7138,19,FALSE
7139,1,TRUE
7139,21,FALSE
7140,13,TRUE
7140,14,FALSE
7140,23,FALSE
7141,16,TRUE
7141,3,FALSE
7141,27,FALSE
7142,26,TRUE
7142,15,FALSE
7143,2,TRUE
7143,18,FALSE
7143,3,FALSE
7144,2,TRUE
7144,18,FALSE
7144,3,FALSE
7145,17,TRUE
7145,15,FALSE
7145,20,FALSE
7146,12,TRUE
7146,17,FALSE
7147,1,TRUE
7148,17,TRUE
7148,13,FALSE
7149,25,TRUE
7150,17,TRUE
7150,20,FALSE
7151,17,TRUE
7151,13,FALSE
7151,14,FALSE
7152,26,TRUE
7152,23,FALSE
7153,17,TRUE
7153,20,FALSE
7154,26,TRUE
7154,17,FALSE
7154,15,FALSE
7155,1,TRUE
7155,21,FALSE
7156,31,TRUE
7156,5,FALSE
7156,2,FALSE
7157,26,TRUE
7157,13,FALSE
7158,5,TRUE
7158,2,FALSE
7158,6,FALSE
7159,13,TRUE
7159,15,FALSE
7160,13,TRUE
7160,15,FALSE
7160,20,FALSE
7161,26,TRUE
7161,13,FALSE
7161,15,FALSE
7162,13,TRUE
7162,15,FALSE
7163,26,TRUE
7163,13,FALSE
7163,15,FALSE
7164,13,TRUE
7164,15,FALSE
7164,20,FALSE
7165,12,TRUE
7165,13,FALSE
7166,13,TRUE
7166,15,FALSE
7166,21,FALSE
7167,19,TRUE
7168,13,TRUE
7168,14,FALSE
7168,15,FALSE
7169,22,TRUE
7169,15,FALSE
7169,19,FALSE
7170,15,TRUE
7170,21,FALSE
7170,20,FALSE
7171,17,TRUE
7171,20,FALSE
7172,17,TRUE
7172,13,FALSE
7172,14,FALSE
7173,39,TRUE
7174,13,TRUE
7174,15,FALSE
7175,17,TRUE
7175,13,FALSE
7175,15,FALSE
7176,7,TRUE
7177,7,TRUE
7178,7,TRUE
7179,39,TRUE
7180,39,TRUE
7181,39,TRUE
7182,1,TRUE
7182,38,FALSE
7183,5,TRUE
7183,2,FALSE
7183,9,FALSE
7184,26,TRUE
7184,13,FALSE
7184,15,FALSE
7185,5,TRUE
7185,2,FALSE
7185,10,FALSE
7186,2,TRUE
7186,3,FALSE
7187,17,TRUE
7187,13,FALSE
7187,15,FALSE
7188,5,TRUE
7188,2,FALSE
7188,3,FALSE
7189,28,TRUE
7189,17,FALSE
7189,13,FALSE
7190,17,TRUE
7190,15,FALSE
7190,21,FALSE
7191,13,TRUE
7191,14,FALSE
7191,15,FALSE
7192,26,TRUE
7193,26,TRUE
7194,17,TRUE
7194,14,FALSE
7194,20,FALSE
7195,13,TRUE
7195,15,FALSE
7195,30,FALSE
7196,26,TRUE
7196,13,FALSE
7196,15,FALSE
7197,25,TRUE
7198,26,TRUE
7199,26,TRUE
7200,26,TRUE
7200,14,FALSE
7200,23,FALSE
7201,1,TRUE
7201,15,FALSE
7202,26,TRUE
7203,26,TRUE
7203,13,FALSE
7203,14,FALSE
7204,17,TRUE
7204,35,FALSE
7204,22,FALSE
7205,26,TRUE
7205,17,FALSE
7205,20,FALSE
7206,26,TRUE
7206,13,FALSE
7206,15,FALSE
7207,13,TRUE
7207,14,FALSE
7207,19,FALSE
7208,13,TRUE
7208,14,FALSE
7209,26,TRUE
7209,17,FALSE
7210,16,TRUE
7210,7,FALSE
7210,33,FALSE
7211,17,TRUE
7211,35,FALSE
7211,30,FALSE
7212,13,TRUE
7213,17,TRUE
7213,15,FALSE
7214,19,TRUE
7215,2,TRUE
7215,9,FALSE
7215,3,FALSE
7216,16,TRUE
7216,2,FALSE
7216,8,FALSE
7217,17,TRUE
7217,22,FALSE
7217,15,FALSE
7218,31,TRUE
7218,2,FALSE
7219,22,TRUE
7219,19,FALSE
7220,28,TRUE
7220,1,FALSE
7221,23,TRUE
7221,19,FALSE
7222,1,TRUE
7223,7,TRUE
7223,2,FALSE
7224,26,TRUE
7224,13,FALSE
7224,15,FALSE
7225,15,TRUE
7225,20,FALSE
7226,17,TRUE
7226,15,FALSE
7226,19,FALSE
7227,12,TRUE
7228,12,TRUE
7229,12,TRUE
7230,12,TRUE
7231,12,TRUE
7232,12,TRUE
7233,12,TRUE
7234,12,TRUE
7235,13,TRUE
7235,14,FALSE
7236,25,TRUE
7237,22,TRUE
7238,17,TRUE
7238,13,FALSE
7239,13,TRUE
7239,14,FALSE
7239,15,FALSE
7240,26,TRUE
7240,17,FALSE
7240,35,FALSE
7241,12,TRUE
7241,17,FALSE
7242,12,TRUE
7242,17,FALSE
7243,26,TRUE
7243,17,FALSE
7243,15,FALSE
7244,13,TRUE
7244,15,FALSE
7244,20,FALSE
7245,1,TRUE
7245,21,FALSE
7246,2,TRUE
7246,9,FALSE
7246,3,FALSE
7247,17,TRUE
7247,13,FALSE
7247,15,FALSE
7248,13,TRUE
7248,15,FALSE
7248,20,FALSE
7249,21,TRUE
7250,15,TRUE
7250,20,FALSE
7251,17,TRUE
7251,15,FALSE
7252,1,TRUE
7253,28,TRUE
7253,13,FALSE
7253,21,FALSE
7254,17,TRUE
7254,15,FALSE
7255,2,TRUE
7255,18,FALSE
7255,10,FALSE
7256,2,TRUE
7256,3,FALSE
7257,5,TRUE
7257,2,FALSE
7257,18,FALSE
7258,42,TRUE
7258,5,FALSE
7258,2,FALSE
7259,5,TRUE
7259,2,FALSE
7259,18,FALSE
7260,13,TRUE
7260,15,FALSE
7260,19,FALSE
7261,22,TRUE
7261,15,FALSE
7262,26,TRUE
7263,23,TRUE
7263,19,FALSE
7264,17,TRUE
7264,14,FALSE
7265,2,TRUE
7265,18,FALSE
7265,3,FALSE
7266,13,TRUE
7266,15,FALSE
7267,16,TRUE
7267,2,FALSE
7267,3,FALSE
7268,26,TRUE
7269,5,TRUE
7269,2,FALSE
7269,32,FALSE
7270,13,TRUE
7270,14,FALSE
7270,38,FALSE
7271,26,TRUE
7272,13,TRUE
7272,14,FALSE
7272,20,FALSE
7273,1,TRUE
7273,15,FALSE
7273,30,FALSE
7274,1,TRUE
7274,15,FALSE
7275,17,TRUE
7275,20,FALSE
7276,12,TRUE
7277,40,TRUE
7278,40,TRUE
7279,12,TRUE
7280,16,TRUE
7280,25,FALSE
7281,17,TRUE
7281,22,FALSE
7281,15,FALSE
7282,26,TRUE
7282,37,FALSE
7282,23,FALSE
7283,12,TRUE
7284,26,TRUE
7284,15,FALSE
7284,23,FALSE
7285,26,TRUE
7285,35,FALSE
7285,15,FALSE
7286,7,TRUE
7287,26,TRUE
7287,22,FALSE
7287,23,FALSE
7288,25,TRUE
7289,25,TRUE
7290,1,TRUE
7290,15,FALSE
7291,26,TRUE
7291,12,FALSE
7292,25,TRUE
7293,12,TRUE
7293,17,FALSE
7294,1,TRUE
7294,15,FALSE
7294,30,FALSE
7295,28,TRUE
7295,1,FALSE
7296,2,TRUE
7296,9,FALSE
7296,10,FALSE
7297,17,TRUE
7297,38,FALSE
7298,8,TRUE
7299,17,TRUE
7299,22,FALSE
7299,14,FALSE
7300,1,TRUE
7300,38,FALSE
7301,16,TRUE
7301,7,FALSE
7301,33,FALSE
7302,16,TRUE
7302,7,FALSE
7302,33,FALSE
7303,22,TRUE
7303,14,FALSE
7303,19,FALSE
7304,26,TRUE
7304,15,FALSE
7305,13,TRUE
7305,37,FALSE
7306,28,TRUE
7306,13,FALSE
7306,15,FALSE
7307,13,TRUE
7307,19,FALSE
7308,16,TRUE
7308,10,FALSE
7309,13,TRUE
7310,26,TRUE
7310,15,FALSE
7311,1,TRUE
7311,21,FALSE
7312,26,TRUE
7312,15,FALSE
7312,20,FALSE
7313,25,TRUE
7313,10,FALSE
7314,12,TRUE
7314,17,FALSE
7315,12,TRUE
7315,17,FALSE
7316,13,TRUE
7316,14,FALSE
7317,17,TRUE
7318,12,TRUE
7318,17,FALSE
7319,12,TRUE
7319,17,FALSE
7320,12,TRUE
7320,17,FALSE
7321,17,TRUE
7321,13,FALSE
7321,14,FALSE
7322,25,TRUE
7322,10,FALSE
7323,19,TRUE
7324,1,TRUE
7325,5,TRUE
7325,7,FALSE
7325,2,FALSE
7326,5,TRUE
7326,2,FALSE
7326,9,FALSE
7327,26,TRUE
7327,17,FALSE
7327,14,FALSE
7328,13,TRUE
7328,14,FALSE
7329,26,TRUE
7329,15,FALSE
7329,23,FALSE
7330,13,TRUE
7330,14,FALSE
7330,15,FALSE
7331,26,TRUE
7331,28,FALSE
7331,35,FALSE
7332,25,TRUE
7333,28,TRUE
7333,13,FALSE
7333,20,FALSE
7334,16,TRUE
7334,5,FALSE
7334,2,FALSE
7335,1,TRUE
7335,15,FALSE
7335,21,FALSE
7336,26,TRUE
7336,17,FALSE
7336,15,FALSE
7337,17,TRUE
7337,15,FALSE
7338,13,TRUE
7338,15,FALSE
7338,30,FALSE
7339,2,TRUE
7339,18,FALSE
7339,10,FALSE
7340,1,TRUE
7340,15,FALSE
7341,5,TRUE
7341,7,FALSE
7341,2,FALSE
7342,1,TRUE
7342,30,FALSE
7343,3,TRUE
7343,11,FALSE
7343,4,FALSE
7344,2,TRUE
7344,9,FALSE
7344,10,FALSE
7345,17,TRUE
7345,20,FALSE
7346,17,TRUE
7346,13,FALSE
7346,15,FALSE
7347,17,TRUE
7347,15,FALSE
7347,20,FALSE
7348,26,TRUE
7348,17,FALSE
7348,15,FALSE
7349,2,TRUE
7349,32,FALSE
7349,9,FALSE
7350,2,TRUE
7350,10,FALSE
7350,3,FALSE
7351,13,TRUE
7351,19,FALSE
7352,17,TRUE
7352,15,FALSE
7352,20,FALSE
7353,17,TRUE
7353,15,FALSE
7353,20,FALSE
7354,16,TRUE
7354,2,FALSE
7354,8,FALSE
7355,17,TRUE
7355,15,FALSE
7355,20,FALSE
7356,1,TRUE
7357,13,TRUE
7357,14,FALSE
7357,38,FALSE
7358,13,TRUE
7358,15,FALSE
7359,1,TRUE
7359,15,FALSE
7359,30,FALSE
7360,2,TRUE
7360,9,FALSE
7360,10,FALSE
7361,13,TRUE
7361,15,FALSE
7361,20,FALSE
7362,22,TRUE
7362,15,FALSE
7362,19,FALSE
7363,17,TRUE
7363,15,FALSE
7363,30,FALSE
7364,15,TRUE
7364,19,FALSE
7365,13,TRUE
7365,15,FALSE
7366,17,TRUE
7367,22,TRUE
7367,15,FALSE
7368,26,TRUE
7368,28,FALSE
7368,35,FALSE
7369,3,TRUE
7370,17,TRUE
7371,35,TRUE
7371,22,FALSE
7372,13,TRUE
7372,15,FALSE
7373,13,TRUE
7373,14,FALSE
7373,15,FALSE
7374,1,TRUE
7375,15,TRUE
7375,19,FALSE
7376,25,TRUE
7376,10,FALSE
7377,31,TRUE
7377,2,FALSE
7378,12,TRUE
7379,26,TRUE
7379,1,FALSE
7379,15,FALSE
7380,12,TRUE
7380,1,FALSE
7380,15,FALSE
7381,26,TRUE
7381,13,FALSE
7381,15,FALSE
7382,2,TRUE
7382,6,FALSE
7382,27,FALSE
7383,2,TRUE
7383,6,FALSE
7383,27,FALSE
7384,2,TRUE
7384,10,FALSE
7385,17,TRUE
7385,15,FALSE
7386,2,TRUE
7386,9,FALSE
7386,3,FALSE
7387,17,TRUE
7387,15,FALSE
7387,21,FALSE
7388,13,TRUE
7388,15,FALSE
7388,21,FALSE
7389,13,TRUE
7389,15,FALSE
7390,22,TRUE
7391,26,TRUE
7391,13,FALSE
7392,17,TRUE
7392,15,FALSE
7392,20,FALSE
7393,2,TRUE
7393,8,FALSE
7393,6,FALSE
7394,13,TRUE
7394,14,FALSE
7394,15,FALSE
7395,13,TRUE
7395,15,FALSE
7395,20,FALSE
7396,13,TRUE
7396,14,FALSE
7397,13,TRUE
7397,14,FALSE
7398,17,TRUE
7398,14,FALSE
7398,20,FALSE
7399,1,TRUE
7399,15,FALSE
7400,17,TRUE
7400,13,FALSE
7400,15,FALSE
7401,13,TRUE
7401,14,FALSE
7401,15,FALSE
7402,13,TRUE
7402,14,FALSE
7402,15,FALSE
7403,22,TRUE
7403,19,FALSE
7404,26,TRUE
7405,7,TRUE
7406,40,TRUE
7407,10,TRUE
7408,13,TRUE
7408,14,FALSE
7408,15,FALSE
7409,8,TRUE
7409,9,FALSE
7410,7,TRUE
7410,33,FALSE
7410,3,FALSE
7411,26,TRUE
7411,15,FALSE
7412,39,TRUE
7413,1,TRUE
7413,37,FALSE
7414,1,TRUE
7414,15,FALSE
7415,1,TRUE
7415,30,FALSE
7416,26,TRUE
7416,23,FALSE
7417,29,TRUE
7417,12,FALSE
7418,12,TRUE
7418,21,FALSE
7419,16,TRUE
7419,2,FALSE
7419,8,FALSE
7420,13,TRUE
7420,14,FALSE
7420,15,FALSE
7421,26,TRUE
7421,15,FALSE
7422,13,TRUE
7422,14,FALSE
7422,15,FALSE
7423,17,TRUE
7423,13,FALSE
7423,15,FALSE
7424,13,TRUE
7424,14,FALSE
7425,13,TRUE
7425,15,FALSE
7426,17,TRUE
7426,15,FALSE
7426,21,FALSE
7427,1,TRUE
7428,1,TRUE
7429,17,TRUE
7429,15,FALSE
7429,20,FALSE
7430,17,TRUE
7430,13,FALSE
7430,15,FALSE
7431,13,TRUE
7431,14,FALSE
7431,19,FALSE
7432,28,TRUE
7432,13,FALSE
7432,14,FALSE
7433,13,TRUE
7434,22,TRUE
7434,15,FALSE
7434,19,FALSE
7435,1,TRUE
7436,16,TRUE
7436,7,FALSE
7436,2,FALSE
7437,8,TRUE
7438,13,TRUE
7438,15,FALSE
7438,20,FALSE
7439,2,TRUE
7439,9,FALSE
7439,10,FALSE
7440,17,TRUE
7440,13,FALSE
7440,14,FALSE
7441,13,TRUE
7441,15,FALSE
7441,19,FALSE
7442,1,TRUE
7443,26,TRUE
7443,17,FALSE
7443,23,FALSE
7444,26,TRUE
7444,17,FALSE
7444,23,FALSE
7445,13,TRUE
7445,14,FALSE
7446,26,TRUE
7446,13,FALSE
7446,15,FALSE
7447,2,TRUE
7447,3,FALSE
7448,2,TRUE
7448,3,FALSE
7448,34,FALSE
7449,17,TRUE
7449,15,FALSE
7450,2,TRUE
7450,8,FALSE
7450,18,FALSE
7451,17,TRUE
7451,15,FALSE
7451,23,FALSE
7452,26,TRUE
7452,13,FALSE
7452,15,FALSE
7453,12,TRUE
7453,17,FALSE
7454,2,TRUE
7454,41,FALSE
7454,10,FALSE
7455,26,TRUE
7455,23,FALSE
7456,25,TRUE
7457,13,TRUE
7457,14,FALSE
7457,38,FALSE
7458,25,TRUE
7459,13,TRUE
7459,15,FALSE
7460,8,TRUE
7461,12,TRUE
7461,13,FALSE
7461,30,FALSE
7462,12,TRUE
7462,17,FALSE
7463,13,TRUE
7463,15,FALSE
7463,21,FALSE
7464,5,TRUE
7464,2,FALSE
7464,18,FALSE
7465,29,TRUE
7466,13,TRUE
7466,15,FALSE
7467,20,TRUE
7468,1,TRUE
7469,2,TRUE
7469,9,FALSE
7469,10,FALSE
7470,1,TRUE
7470,21,FALSE
7471,13,TRUE
7471,14,FALSE
7472,1,TRUE
7473,26,TRUE
7473,13,FALSE
7474,17,TRUE
7474,15,FALSE
7474,20,FALSE
7475,13,TRUE
7475,14,FALSE
7476,13,TRUE
7476,14,FALSE
7476,15,FALSE
7477,26,TRUE
7477,22,FALSE
7477,14,FALSE
7478,13,TRUE
7478,14,FALSE
7478,19,FALSE
7479,13,TRUE
7479,15,FALSE
7480,13,TRUE
7481,2,TRUE
7481,32,FALSE
7481,9,FALSE
7482,13,TRUE
7483,19,TRUE
7484,16,TRUE
7484,2,FALSE
7484,8,FALSE
7485,26,TRUE
7485,17,FALSE
7486,16,TRUE
7486,7,FALSE
7486,33,FALSE
7487,12,TRUE
7487,17,FALSE
7488,17,TRUE
7488,15,FALSE
7489,12,TRUE
7490,12,TRUE
7491,12,TRUE
7491,21,FALSE
7492,12,TRUE
7493,12,TRUE
7494,12,TRUE
7495,12,TRUE
7496,12,TRUE
7497,12,TRUE
7498,12,TRUE
7499,12,TRUE
7500,12,TRUE
7501,12,TRUE
7502,12,TRUE
7503,25,TRUE
7504,17,TRUE
7504,20,FALSE
7505,16,TRUE
7505,7,FALSE
7505,2,FALSE
7506,16,TRUE
7506,7,FALSE
7506,2,FALSE
7507,13,TRUE
7507,14,FALSE
7507,23,FALSE
7508,13,TRUE
7508,14,FALSE
7508,38,FALSE
7509,26,TRUE
7509,17,FALSE
7509,15,FALSE
7510,13,TRUE
7510,14,FALSE
7510,15,FALSE
7511,13,TRUE
7511,14,FALSE
7511,15,FALSE
7512,1,TRUE
7513,13,TRUE
7513,15,FALSE
7514,12,TRUE
7514,17,FALSE
7515,26,TRUE
7515,1,FALSE
7515,15,FALSE
7516,17,TRUE
7517,13,TRUE
7518,17,TRUE
7518,20,FALSE
7519,1,TRUE
7519,15,FALSE
7520,17,TRUE
7520,13,FALSE
7520,15,FALSE
7521,17,TRUE
7522,25,TRUE
7522,10,FALSE
7523,17,TRUE
7523,15,FALSE
7524,13,TRUE
7524,14,FALSE
7525,17,TRUE
7525,15,FALSE
7525,20,FALSE
7526,12,TRUE
7527,12,TRUE
7527,17,FALSE
7528,17,TRUE
7528,35,FALSE
7528,22,FALSE
7529,5,TRUE
7529,7,FALSE
7530,25,TRUE
7530,10,FALSE
7531,26,TRUE
7531,28,FALSE
7531,13,FALSE
7532,12,TRUE
7532,17,FALSE
7533,13,TRUE
7533,14,FALSE
7533,15,FALSE
7534,13,TRUE
7534,37,FALSE
7535,17,TRUE
7535,15,FALSE
7536,17,TRUE
7536,14,FALSE
7537,17,TRUE
7537,20,FALSE
7538,13,TRUE
7539,16,TRUE
7539,2,FALSE
7539,8,FALSE
7540,17,TRUE
7540,13,FALSE
7540,15,FALSE
7541,2,TRUE
7541,41,FALSE
7542,12,TRUE
7542,17,FALSE
7543,12,TRUE
7543,17,FALSE
7544,17,TRUE
7544,13,FALSE
7544,15,FALSE
7545,26,TRUE
7545,17,FALSE
7545,15,FALSE
7546,1,TRUE
7547,13,TRUE
7548,16,TRUE
7548,7,FALSE
7549,26,TRUE
7549,13,FALSE
7549,15,FALSE
7550,13,TRUE
7550,20,FALSE
7551,17,TRUE
7551,15,FALSE
7552,10,TRUE
7552,27,FALSE
7553,22,TRUE
7553,15,FALSE
7554,17,TRUE
7554,30,FALSE
7555,1,TRUE
7555,15,FALSE
7556,22,TRUE
7557,1,TRUE
7558,26,TRUE
7558,17,FALSE
7558,15,FALSE
7559,13,TRUE
7559,14,FALSE
7560,26,TRUE
7560,29,FALSE
7560,15,FALSE
7561,39,TRUE
7562,1,TRUE
7563,26,TRUE
7563,17,FALSE
7563,14,FALSE
7564,1,TRUE
7565,26,TRUE
7565,12,FALSE
7566,13,TRUE
7566,15,FALSE
7567,17,TRUE
7568,13,TRUE
7568,14,FALSE
7569,7,TRUE
7569,33,FALSE
7570,7,TRUE
7570,33,FALSE
7571,1,TRUE
7572,16,TRUE
7572,7,FALSE
7572,33,FALSE
7573,16,TRUE
7573,7,FALSE
7573,33,FALSE
7574,16,TRUE
7574,7,FALSE
7574,33,FALSE
7575,16,TRUE
7575,7,FALSE
7575,33,FALSE
7576,28,TRUE
7576,1,FALSE
7577,7,TRUE
7578,13,TRUE
7578,15,FALSE
7579,13,TRUE
7579,37,FALSE
7580,12,TRUE
7580,17,FALSE
7581,1,TRUE
7582,26,TRUE
7582,23,FALSE
7583,26,TRUE
7583,13,FALSE
7583,15,FALSE
7584,13,TRUE
7584,14,FALSE
7585,13,TRUE
7585,14,FALSE
7585,19,FALSE
7586,13,TRUE
7586,14,FALSE
7586,19,FALSE
7587,16,TRUE
7587,2,FALSE
7587,8,FALSE
7588,13,TRUE
7588,20,FALSE
7589,31,TRUE
7589,25,FALSE
7590,25,TRUE
7590,10,FALSE
7591,17,TRUE
7591,15,FALSE
7592,17,TRUE
7592,13,FALSE
7592,15,FALSE
7593,17,TRUE
7593,20,FALSE
7594,2,TRUE
7594,3,FALSE
7594,24,FALSE
7595,12,TRUE
7596,12,TRUE
7597,12,TRUE
7597,17,FALSE
7598,16,TRUE
7598,9,FALSE
7598,3,FALSE
7599,1,TRUE
7600,12,TRUE
7600,1,FALSE
7601,1,TRUE
7602,1,TRUE
7603,1,TRUE
7604,1,TRUE
7605,1,TRUE
7606,1,TRUE
7607,1,TRUE
7608,1,TRUE
7609,1,TRUE
7610,1,TRUE
7611,1,TRUE
7612,1,TRUE
7613,1,TRUE
7614,1,TRUE
7615,1,TRUE
7616,1,TRUE
7617,1,TRUE
7618,1,TRUE
7619,40,TRUE
7620,13,TRUE
7620,19,FALSE
7621,13,TRUE
7622,1,TRUE
7622,21,FALSE
7623,13,TRUE
7624,5,TRUE
7624,2,FALSE
7624,3,FALSE
7625,7,TRUE
7625,2,FALSE
7625,18,FALSE
7626,1,TRUE
7626,15,FALSE
7627,1,TRUE
7627,15,FALSE
7627,21,FALSE
7628,31,TRUE
7628,5,FALSE
7629,10,TRUE
7629,3,FALSE
7630,16,TRUE
7630,5,FALSE
7630,7,FALSE
7631,13,TRUE
7631,14,FALSE
7631,15,FALSE
7632,13,TRUE
7632,14,FALSE
7632,15,FALSE
7633,2,TRUE
7633,9,FALSE
7633,3,FALSE
7634,1,TRUE
7634,15,FALSE
7634,21,FALSE
7635,17,TRUE
7635,13,FALSE
7635,14,FALSE
7636,1,TRUE
7636,15,FALSE
7637,26,TRUE
7637,23,FALSE
7638,26,TRUE
7638,28,FALSE
7638,17,FALSE
7639,26,TRUE
7639,17,FALSE
7640,26,TRUE
7640,17,FALSE
7641,5,TRUE
7641,2,FALSE
7641,3,FALSE
7642,17,TRUE
7642,15,FALSE
7643,26,TRUE
7644,17,TRUE
7644,22,FALSE
7644,15,FALSE
7645,17,TRUE
7645,22,FALSE
7645,15,FALSE
7646,17,TRUE
7646,22,FALSE
7646,15,FALSE
7647,25,TRUE
7647,6,FALSE
7647,27,FALSE
7648,1,TRUE
7649,7,TRUE
7650,25,TRUE
7651,17,TRUE
7651,15,FALSE
7651,20,FALSE
7652,26,TRUE
7652,15,FALSE
7653,1,TRUE
7653,37,FALSE
7654,13,TRUE
7654,15,FALSE
7655,1,TRUE
7655,21,FALSE
7656,1,TRUE
7656,21,FALSE
7657,1,TRUE
7657,21,FALSE
7658,1,TRUE
7658,21,FALSE
7659,13,TRUE
7659,15,FALSE
7660,26,TRUE
7660,28,FALSE
7660,15,FALSE
7661,13,TRUE
7661,15,FALSE
7661,20,FALSE
7662,1,TRUE
7662,21,FALSE
7663,1,TRUE
7663,15,FALSE
7663,21,FALSE
7664,13,TRUE
7665,1,TRUE
7666,13,TRUE
7666,15,FALSE
7666,21,FALSE
7667,7,TRUE
7667,33,FALSE
7668,35,TRUE
7668,14,FALSE
7668,19,FALSE
7669,1,TRUE
7669,15,FALSE
7670,12,TRUE
7670,17,FALSE
7671,26,TRUE
7671,13,FALSE
7671,15,FALSE
7672,16,TRUE
7672,8,FALSE
7673,26,TRUE
7673,15,FALSE
7674,1,TRUE
7675,16,TRUE
7675,25,FALSE
7675,10,FALSE
7676,2,TRUE
7676,32,FALSE
7676,9,FALSE
7677,26,TRUE
7677,15,FALSE
7678,17,TRUE
7678,13,FALSE
7678,14,FALSE
7679,26,TRUE
7679,15,FALSE
7680,7,TRUE
7681,17,TRUE
7681,13,FALSE
7681,15,FALSE
7682,13,TRUE
7682,14,FALSE
7682,15,FALSE
7683,13,TRUE
7683,15,FALSE
7684,1,TRUE
7684,15,FALSE
7685,22,TRUE
7685,19,FALSE
7686,17,TRUE
7686,13,FALSE
7686,15,FALSE
7687,26,TRUE
7688,22,TRUE
7688,15,FALSE
7689,17,TRUE
7689,14,FALSE
7689,15,FALSE
7690,25,TRUE
7690,10,FALSE
7691,13,TRUE
7691,20,FALSE
7692,13,TRUE
7692,15,FALSE
7693,1,TRUE
7693,15,FALSE
7694,5,TRUE
7694,10,FALSE
7695,26,TRUE
7695,15,FALSE
7696,26,TRUE
7696,13,FALSE
7697,13,TRUE
7698,13,TRUE
7698,15,FALSE
7699,25,TRUE
7700,1,TRUE
7700,15,FALSE
7700,30,FALSE
7701,13,TRUE
7701,15,FALSE
7701,20,FALSE
7702,19,TRUE
7703,17,TRUE
7703,13,FALSE
7703,15,FALSE
7704,13,TRUE
7704,14,FALSE
7704,20,FALSE
7705,22,TRUE
7705,19,FALSE
7706,7,TRUE
7707,13,TRUE
7707,15,FALSE
7707,20,FALSE
7708,13,TRUE
7708,14,FALSE
7708,15,FALSE
7709,28,TRUE
7709,35,FALSE
7709,1,FALSE
7710,10,TRUE
7711,2,TRUE
7711,9,FALSE
7711,18,FALSE
7712,26,TRUE
7713,13,TRUE
7713,15,FALSE
7713,30,FALSE
7714,1,TRUE
7715,26,TRUE
7716,17,TRUE
7716,15,FALSE
7716,20,FALSE
7717,26,TRUE
7717,17,FALSE
7718,13,TRUE
7718,15,FALSE
7719,8,TRUE
7720,17,TRUE
7720,15,FALSE
7721,17,TRUE
7721,22,FALSE
7721,15,FALSE
7722,42,TRUE
7722,25,FALSE
7722,10,FALSE
7723,40,TRUE
7724,13,TRUE
7724,15,FALSE
7725,12,TRUE
7725,17,FALSE
7725,20,FALSE
7726,3,TRUE
7726,11,FALSE
7726,4,FALSE
7727,13,TRUE
7727,38,FALSE
7728,1,TRUE
7729,19,TRUE
7730,5,TRUE
7730,6,FALSE
7730,3,FALSE
7731,13,TRUE
7731,15,FALSE
7731,19,FALSE
7732,1,TRUE
7733,12,TRUE
7733,17,FALSE
7734,13,TRUE
7734,15,FALSE
7734,19,FALSE
7735,26,TRUE
7735,13,FALSE
7735,15,FALSE
7736,28,TRUE
7736,13,FALSE
7736,38,FALSE
7737,15,TRUE
7737,20,FALSE
7738,22,TRUE
7738,15,FALSE
7739,17,TRUE
7739,15,FALSE
7739,20,FALSE
7740,13,TRUE
7740,14,FALSE
7740,15,FALSE
7741,12,TRUE
7741,1,FALSE
7742,20,TRUE
7743,13,TRUE
7743,14,FALSE
7743,15,FALSE
7744,36,TRUE
7745,13,TRUE
7745,15,FALSE
7745,21,FALSE
7746,13,TRUE
7746,15,FALSE
7747,13,TRUE
7747,14,FALSE
7747,15,FALSE
7748,16,TRUE
7748,7,FALSE
7748,33,FALSE
7749,16,TRUE
7749,7,FALSE
7749,2,FALSE
7750,26,TRUE
7750,23,FALSE
7751,13,TRUE
7751,15,FALSE
7752,26,TRUE
7752,28,FALSE
7752,13,FALSE
7753,13,TRUE
7754,1,TRUE
7754,15,FALSE
7755,1,TRUE
7755,37,FALSE
7755,15,FALSE
7756,26,TRUE
7756,12,FALSE
7756,17,FALSE
7757,10,TRUE
7758,13,TRUE
7758,14,FALSE
7758,20,FALSE
7759,13,TRUE
7759,14,FALSE
7759,38,FALSE
7760,5,TRUE
7760,2,FALSE
7760,3,FALSE
7761,25,TRUE
7761,32,FALSE
7762,25,TRUE
7763,25,TRUE
7764,25,TRUE
7765,25,TRUE
7766,25,TRUE
7767,25,TRUE
7768,25,TRUE
7769,25,TRUE
7770,25,TRUE
7771,25,TRUE
7772,25,TRUE
7773,25,TRUE
7774,25,TRUE
7775,40,TRUE
7776,12,TRUE
7777,40,TRUE
7778,25,TRUE
7779,40,TRUE
7780,25,TRUE
7781,12,TRUE
7781,23,FALSE
7782,40,TRUE
7783,25,TRUE
7784,25,TRUE
7785,25,TRUE
7786,25,TRUE
7787,25,TRUE
7788,12,TRUE
7789,12,TRUE
7790,13,TRUE
7790,14,FALSE
7790,15,FALSE
7791,28,TRUE
7791,1,FALSE
7792,15,TRUE
7792,20,FALSE
7793,1,TRUE
7794,13,TRUE
7794,19,FALSE
7795,17,TRUE
7795,15,FALSE
7795,20,FALSE
7796,25,TRUE
7796,10,FALSE
7797,13,TRUE
7797,14,FALSE
7797,38,FALSE
7798,17,TRUE
7798,20,FALSE
7799,5,TRUE
7799,7,FALSE
7800,1,TRUE
7801,2,TRUE
7801,18,FALSE
7801,10,FALSE
7802,26,TRUE
7802,13,FALSE
7802,15,FALSE
7803,28,TRUE
7803,35,FALSE
7803,13,FALSE
7804,13,TRUE
7804,15,FALSE
7805,26,TRUE
7806,17,TRUE
7806,13,FALSE
7806,15,FALSE
7807,2,TRUE
7807,9,FALSE
7807,3,FALSE
7808,1,TRUE
7808,30,FALSE
7809,2,TRUE
7809,9,FALSE
7809,18,FALSE
7810,26,TRUE
7811,2,TRUE
7811,9,FALSE
7811,10,FALSE
7812,13,TRUE
7813,2,TRUE
7813,41,FALSE
7813,10,FALSE
7814,41,TRUE
7814,10,FALSE
7815,12,TRUE
7815,17,FALSE
7816,2,TRUE
7816,9,FALSE
7816,3,FALSE
7817,12,TRUE
7818,13,TRUE
7818,14,FALSE
7819,1,TRUE
7819,15,FALSE
7819,30,FALSE
7820,13,TRUE
7820,15,FALSE
7821,28,TRUE
7821,13,FALSE
7821,30,FALSE
7822,13,TRUE
7822,15,FALSE
7823,1,TRUE
7824,26,TRUE
7824,17,FALSE
7824,15,FALSE
7825,13,TRUE
7825,15,FALSE
7825,20,FALSE
7826,17,TRUE
7826,13,FALSE
7826,14,FALSE
7827,12,TRUE
7827,17,FALSE
7828,28,TRUE
7828,13,FALSE
7828,15,FALSE
7829,2,TRUE
7829,3,FALSE
7830,13,TRUE
7830,15,FALSE
7831,17,TRUE
7831,13,FALSE
7831,15,FALSE
7832,26,TRUE
7832,22,FALSE
7832,15,FALSE
7833,22,TRUE
7833,15,FALSE
7833,19,FALSE
7834,13,TRUE
7834,15,FALSE
7834,21,FALSE
7835,1,TRUE
7836,2,TRUE
7836,9,FALSE
7836,3,FALSE
7837,13,TRUE
7837,15,FALSE
7838,17,TRUE
7838,15,FALSE
7838,20,FALSE
7839,2,TRUE
7839,9,FALSE
7839,3,FALSE
7840,28,TRUE
7840,13,FALSE
7841,2,TRUE
7841,9,FALSE
7841,18,FALSE
7842,13,TRUE
7843,5,TRUE
7843,3,FALSE
7843,4,FALSE
7844,22,TRUE
7845,26,TRUE
7845,35,FALSE
7846,13,TRUE
7846,15,FALSE
7847,1,TRUE
7847,15,FALSE
7848,6,TRUE
7848,10,FALSE
7848,27,FALSE
7849,1,TRUE
7850,26,TRUE
7850,13,FALSE
7850,15,FALSE
7851,16,TRUE
7851,7,FALSE
7851,2,FALSE
7852,1,TRUE
7852,21,FALSE
7853,26,TRUE
7853,17,FALSE
7853,15,FALSE
7854,26,TRUE
7854,13,FALSE
7855,13,TRUE
7855,20,FALSE
7856,13,TRUE
7856,23,FALSE
7857,5,TRUE
7857,10,FALSE
7857,3,FALSE
7858,26,TRUE
7858,22,FALSE
7858,23,FALSE
7859,1,TRUE
7859,21,FALSE
7860,1,TRUE
7861,26,TRUE
7861,17,FALSE
7861,15,FALSE
7862,13,TRUE
7862,15,FALSE
7863,5,TRUE
7863,2,FALSE
7863,3,FALSE
7864,26,TRUE
7864,13,FALSE
7864,14,FALSE
7865,16,TRUE
7865,25,FALSE
7866,13,TRUE
7866,20,FALSE
7867,13,TRUE
7867,14,FALSE
7867,15,FALSE
7868,2,TRUE
7868,8,FALSE
7868,18,FALSE
7869,13,TRUE
7869,19,FALSE
7870,13,TRUE
7870,15,FALSE
7871,16,TRUE
7871,5,FALSE
7871,3,FALSE
7872,22,TRUE
7872,15,FALSE
7873,2,TRUE
7873,9,FALSE
7873,10,FALSE
7874,13,TRUE
7874,14,FALSE
7874,15,FALSE
7875,13,TRUE
7875,14,FALSE
7875,15,FALSE
7876,13,TRUE
7876,15,FALSE
7877,1,TRUE
7877,15,FALSE
7878,26,TRUE
7878,14,FALSE
7878,15,FALSE
7879,31,TRUE
7880,26,TRUE
7880,28,FALSE
7880,13,FALSE
7881,13,TRUE
7881,30,FALSE
7882,13,TRUE
7882,30,FALSE
7883,13,TRUE
7883,30,FALSE
7884,13,TRUE
7884,30,FALSE
7885,26,TRUE
7885,23,FALSE
7886,13,TRUE
7886,15,FALSE
7887,1,TRUE
7888,1,TRUE
7889,26,TRUE
7889,17,FALSE
7889,21,FALSE
7890,13,TRUE
7890,14,FALSE
7891,17,TRUE
7891,14,FALSE
7892,12,TRUE
7892,14,FALSE
7893,2,TRUE
7893,9,FALSE
7893,34,FALSE
7894,1,TRUE
7894,15,FALSE
7894,21,FALSE
7895,28,TRUE
7895,22,FALSE
7895,19,FALSE
7896,13,TRUE
7897,10,TRUE
7897,3,FALSE
7898,2,TRUE
7898,9,FALSE
7898,18,FALSE
7899,13,TRUE
7899,14,FALSE
7899,15,FALSE
7900,26,TRUE
7900,14,FALSE
7901,26,TRUE
7901,17,FALSE
7901,15,FALSE
7902,17,TRUE
7902,20,FALSE
7903,26,TRUE
7903,15,FALSE
7903,21,FALSE
7904,17,TRUE
7904,20,FALSE
7905,13,TRUE
7905,20,FALSE
7906,19,TRUE
7907,31,TRUE
7907,2,FALSE
7908,12,TRUE
7908,17,FALSE
7908,30,FALSE
7909,7,TRUE
7909,41,FALSE
7910,39,TRUE
7911,13,TRUE
7911,15,FALSE
7912,1,TRUE
7912,15,FALSE
7913,26,TRUE
7914,13,TRUE
7914,14,FALSE
7914,15,FALSE
7915,1,TRUE
7915,15,FALSE
7916,13,TRUE
7916,15,FALSE
7916,20,FALSE
7917,17,TRUE
7917,23,FALSE
7918,13,TRUE
7918,15,FALSE
7918,20,FALSE
7919,2,TRUE
7919,9,FALSE
7919,3,FALSE
7920,1,TRUE
7920,15,FALSE
7921,17,TRUE
7921,14,FALSE
7921,20,FALSE
7922,13,TRUE
7922,15,FALSE
7923,13,TRUE
7923,15,FALSE
7923,20,FALSE
7924,13,TRUE
7924,15,FALSE
7924,21,FALSE
7925,13,TRUE
7925,15,FALSE
7926,13,TRUE
7926,15,FALSE
7927,13,TRUE
7927,15,FALSE
7928,17,TRUE
7928,15,FALSE
7929,26,TRUE
7929,13,FALSE
7929,37,FALSE
7930,12,TRUE
7931,28,TRUE
7931,1,FALSE
7932,17,TRUE
7932,13,FALSE
7932,15,FALSE
7933,28,TRUE
7933,13,FALSE
7933,15,FALSE
7934,12,TRUE
7934,17,FALSE
7935,12,TRUE
7936,13,TRUE
7936,15,FALSE
7937,17,TRUE
7937,15,FALSE
7937,21,FALSE
7938,26,TRUE
7938,17,FALSE
7938,15,FALSE
7939,13,TRUE
7939,15,FALSE
7940,13,TRUE
7940,15,FALSE
7941,13,TRUE
7941,37,FALSE
7941,15,FALSE
7942,1,TRUE
7942,21,FALSE
7943,7,TRUE
7943,2,FALSE
7944,13,TRUE
7944,15,FALSE
7944,21,FALSE
7945,17,TRUE
7945,35,FALSE
7945,13,FALSE
7946,13,TRUE
7946,38,FALSE
7947,26,TRUE
7947,14,FALSE
7948,17,TRUE
7948,15,FALSE
7948,20,FALSE
7949,8,TRUE
7950,17,TRUE
7950,13,FALSE
7951,13,TRUE
7952,17,TRUE
7952,13,FALSE
7952,14,FALSE
7953,12,TRUE
7954,5,TRUE
7954,3,FALSE
7955,28,TRUE
7955,17,FALSE
7955,14,FALSE
7956,17,TRUE
7956,22,FALSE
7957,17,TRUE
7957,22,FALSE
7958,28,TRUE
7958,13,FALSE
7959,17,TRUE
7959,13,FALSE
7960,12,TRUE
7961,26,TRUE
7961,17,FALSE
7961,35,FALSE
7962,22,TRUE
7963,22,TRUE
7964,26,TRUE
7965,12,TRUE
7965,28,FALSE
7965,13,FALSE
7966,1,TRUE
7966,15,FALSE
7966,21,FALSE
7967,26,TRUE
7967,23,FALSE
7968,13,TRUE
7968,15,FALSE
7968,21,FALSE
7969,2,TRUE
7969,32,FALSE
7969,9,FALSE
7970,13,TRUE
7970,19,FALSE
7971,1,TRUE
7971,15,FALSE
7972,1,TRUE
7972,15,FALSE
7973,1,TRUE
7973,15,FALSE
7974,1,TRUE
7974,15,FALSE
7975,1,TRUE
7975,15,FALSE
7976,1,TRUE
7977,1,TRUE
7978,1,TRUE
7979,1,TRUE
7979,15,FALSE
7980,1,TRUE
7980,15,FALSE
7981,17,TRUE
7981,15,FALSE
7982,1,TRUE
7982,15,FALSE
7982,30,FALSE
7983,10,TRUE
7984,13,TRUE
7984,14,FALSE
7984,15,FALSE
7985,2,TRUE
7985,10,FALSE
7986,26,TRUE
7987,17,TRUE
7987,13,FALSE
7987,20,FALSE
7988,17,TRUE
7988,13,FALSE
7988,20,FALSE
7989,13,TRUE
7989,15,FALSE
7989,20,FALSE
7990,17,TRUE
7990,13,FALSE
7990,15,FALSE
7991,13,TRUE
7992,5,TRUE
7992,7,FALSE
7992,2,FALSE
7993,17,TRUE
7993,15,FALSE
7994,3,TRUE
7995,13,TRUE
7995,15,FALSE
7995,19,FALSE
7996,13,TRUE
7996,14,FALSE
7996,15,FALSE
7997,17,TRUE
7997,15,FALSE
7997,21,FALSE
7998,13,TRUE
7998,15,FALSE
7999,22,TRUE
8000,13,TRUE
8000,15,FALSE
8001,1,TRUE
8002,22,TRUE
8002,19,FALSE
8003,16,TRUE
8003,5,FALSE
8003,2,FALSE
8004,26,TRUE
8004,17,FALSE
8005,26,TRUE
8005,13,FALSE
8005,15,FALSE
8006,40,TRUE
8007,40,TRUE
8008,40,TRUE
8009,13,TRUE
8009,15,FALSE
8010,13,TRUE
8010,14,FALSE
8011,12,TRUE
8011,17,FALSE
8012,1,TRUE
8012,21,FALSE
8013,13,TRUE
8013,15,FALSE
8013,19,FALSE
8014,22,TRUE
8014,15,FALSE
8015,13,TRUE
8015,15,FALSE
8015,19,FALSE
8016,25,TRUE
8017,13,TRUE
8017,14,FALSE
8017,15,FALSE
8018,26,TRUE
8018,14,FALSE
8019,22,TRUE
8020,1,TRUE
8021,5,TRUE
8021,2,FALSE
8021,6,FALSE
8022,2,TRUE
8022,18,FALSE
8022,3,FALSE
8023,2,TRUE
8023,18,FALSE
8023,3,FALSE
8024,26,TRUE
8024,13,FALSE
8024,15,FALSE
8025,17,TRUE
8025,15,FALSE
8025,20,FALSE
8026,26,TRUE
8026,13,FALSE
8026,23,FALSE
8027,22,TRUE
8027,15,FALSE
8028,22,TRUE
8029,17,TRUE
8029,13,FALSE
8029,20,FALSE
8030,26,TRUE
8031,8,TRUE
8032,8,TRUE
8033,26,TRUE
8033,17,FALSE
8034,26,TRUE
8034,15,FALSE
8035,1,TRUE
8035,30,FALSE
8036,26,TRUE
8036,23,FALSE
8037,17,TRUE
8037,13,FALSE
8037,14,FALSE
8038,17,TRUE
8038,20,FALSE
8039,13,TRUE
8039,14,FALSE
8040,19,TRUE
8041,8,TRUE
8042,26,TRUE
8042,13,FALSE
8042,15,FALSE
8043,26,TRUE
8043,17,FALSE
8043,23,FALSE
8044,17,TRUE
8044,13,FALSE
8044,14,FALSE
8045,1,TRUE
8045,30,FALSE
8046,17,TRUE
8047,26,TRUE
8047,13,FALSE
8048,17,TRUE
8048,15,FALSE
8048,20,FALSE
8049,1,TRUE
8050,13,TRUE
8050,15,FALSE
8051,17,TRUE
8051,14,FALSE
8051,15,FALSE
8052,26,TRUE
8052,12,FALSE
8052,23,FALSE
8053,26,TRUE
8053,12,FALSE
8053,23,FALSE
8054,26,TRUE
8054,15,FALSE
8054,23,FALSE
8055,13,TRUE
8055,20,FALSE
8056,17,TRUE
8056,20,FALSE
8057,26,TRUE
8057,13,FALSE
8057,14,FALSE
8058,1,TRUE
8058,30,FALSE
8059,2,TRUE
8059,9,FALSE
8059,3,FALSE
8060,13,TRUE
8060,37,FALSE
8060,30,FALSE
8061,22,TRUE
8061,14,FALSE
8062,1,TRUE
8063,25,TRUE
8064,13,TRUE
8064,21,FALSE
8065,6,TRUE
8065,3,FALSE
8066,17,TRUE
8066,13,FALSE
8066,14,FALSE
8067,1,TRUE
8067,30,FALSE
8068,26,TRUE
8068,23,FALSE
8069,26,TRUE
8069,17,FALSE
8070,1,TRUE
8071,25,TRUE
8072,13,TRUE
8072,14,FALSE
8073,17,TRUE
8073,35,FALSE
8073,13,FALSE
8074,13,TRUE
8074,15,FALSE
8074,30,FALSE
8075,12,TRUE
8075,17,FALSE
8076,12,TRUE
8076,17,FALSE
8077,12,TRUE
8077,17,FALSE
8078,26,TRUE
8078,17,FALSE
8078,15,FALSE
8079,22,TRUE
8079,14,FALSE
8080,19,TRUE
8081,26,TRUE
8082,1,TRUE
8083,26,TRUE
8083,12,FALSE
8083,23,FALSE
8084,9,TRUE
8084,3,FALSE
8084,27,FALSE
8085,13,TRUE
8085,14,FALSE
8085,15,FALSE
8086,2,TRUE
8086,10,FALSE
8086,3,FALSE
8087,1,TRUE
8087,15,FALSE
8088,17,TRUE
8089,17,TRUE
8089,15,FALSE
8090,22,TRUE
8091,13,TRUE
8091,15,FALSE
8092,22,TRUE
8092,15,FALSE
8093,1,TRUE
8094,25,TRUE
8095,25,TRUE
8095,32,FALSE
8096,22,TRUE
8096,19,FALSE
8097,1,TRUE
8097,15,FALSE
8097,30,FALSE
8098,2,TRUE
8098,8,FALSE
8099,17,TRUE
8099,15,FALSE
8099,20,FALSE
8100,17,TRUE
8100,14,FALSE
8100,38,FALSE
8101,13,TRUE
8101,19,FALSE
8102,17,TRUE
8102,20,FALSE
8103,25,TRUE
8104,28,TRUE
8104,17,FALSE
8104,20,FALSE
8105,1,TRUE
8105,15,FALSE
8105,38,FALSE
8106,28,TRUE
8106,17,FALSE
8106,35,FALSE
8107,17,TRUE
8107,13,FALSE
8108,5,TRUE
8108,2,FALSE
8108,32,FALSE
8109,26,TRUE
8109,13,FALSE
8109,15,FALSE
8110,7,TRUE
8110,2,FALSE
8111,12,TRUE
8111,17,FALSE
8112,26,TRUE
8112,13,FALSE
8113,13,TRUE
8113,15,FALSE
8113,19,FALSE
8114,17,TRUE
8114,15,FALSE
8114,21,FALSE
8115,17,TRUE
8115,13,FALSE
8115,15,FALSE
8116,15,TRUE
8116,19,FALSE
8117,13,TRUE
8117,15,FALSE
8117,20,FALSE
8118,2,TRUE
8118,32,FALSE
8118,10,FALSE
8119,17,TRUE
8119,13,FALSE
8119,20,FALSE
8120,13,TRUE
8120,15,FALSE
8120,30,FALSE
8121,13,TRUE
8121,14,FALSE
8121,15,FALSE
8122,25,TRUE
8123,12,TRUE
8124,13,TRUE
8124,14,FALSE
8124,19,FALSE
8125,17,TRUE
8125,13,FALSE
8125,15,FALSE
8126,25,TRUE
8126,32,FALSE
8127,17,TRUE
8127,35,FALSE
8128,26,TRUE
8128,28,FALSE
8128,13,FALSE
8129,26,TRUE
8129,23,FALSE
8130,16,TRUE
8130,7,FALSE
8130,33,FALSE
8131,17,TRUE
8132,13,TRUE
8132,15,FALSE
8132,20,FALSE
8133,5,TRUE
8133,7,FALSE
8134,1,TRUE
8135,1,TRUE
8135,38,FALSE
8136,1,TRUE
8137,13,TRUE
8137,14,FALSE
8137,15,FALSE
8138,2,TRUE
8138,3,FALSE
8139,13,TRUE
8139,22,FALSE
8139,21,FALSE
8140,13,TRUE
8140,14,FALSE
8140,19,FALSE
8141,17,TRUE
8141,13,FALSE
8141,14,FALSE
8142,26,TRUE
8142,13,FALSE
8142,15,FALSE
8143,26,TRUE
8143,15,FALSE
8144,25,TRUE
8145,13,TRUE
8145,15,FALSE
8145,21,FALSE
8146,13,TRUE
8146,15,FALSE
8147,17,TRUE
8147,20,FALSE
8148,5,TRUE
8148,6,FALSE
8148,24,FALSE
8149,3,TRUE
8150,26,TRUE
8150,15,FALSE
8150,20,FALSE
8151,15,TRUE
8151,19,FALSE
8152,12,TRUE
8153,12,TRUE
8154,17,TRUE
8154,15,FALSE
8155,12,TRUE
8156,1,TRUE
8157,13,TRUE
8157,15,FALSE
8157,19,FALSE
8158,13,TRUE
8158,14,FALSE
8158,38,FALSE
8159,12,TRUE
8159,17,FALSE
8160,12,TRUE
8160,17,FALSE
8161,26,TRUE
8161,17,FALSE
8162,17,TRUE
8162,15,FALSE
8162,21,FALSE
8163,12,TRUE
8164,13,TRUE
8164,15,FALSE
8165,13,TRUE
8165,14,FALSE
8165,15,FALSE
8166,2,TRUE
8166,9,FALSE
8166,18,FALSE
8167,26,TRUE
8167,23,FALSE
8168,26,TRUE
8168,23,FALSE
8169,1,TRUE
8169,15,FALSE
8170,22,TRUE
8170,14,FALSE
8170,19,FALSE
8171,17,TRUE
8171,15,FALSE
8171,20,FALSE
8172,26,TRUE
8172,15,FALSE
8172,21,FALSE
8173,25,TRUE
8173,10,FALSE
8174,36,TRUE
8175,10,TRUE
8176,7,TRUE
8177,1,TRUE
8177,30,FALSE
8178,26,TRUE
8178,13,FALSE
8178,15,FALSE
8179,1,TRUE
8179,15,FALSE
8180,13,TRUE
8180,19,FALSE
8181,2,TRUE
8181,3,FALSE
8182,12,TRUE
8183,25,TRUE
8183,10,FALSE
8184,12,TRUE
8185,12,TRUE
8186,13,TRUE
8186,15,FALSE
8186,23,FALSE
8187,26,TRUE
8187,13,FALSE
8187,15,FALSE
8188,17,TRUE
8188,13,FALSE
8188,20,FALSE
8189,22,TRUE
8190,42,TRUE
8190,10,FALSE
8191,12,TRUE
8191,17,FALSE
8192,1,TRUE
8193,17,TRUE
8193,13,FALSE
8193,15,FALSE
8194,2,TRUE
8194,8,FALSE
8195,17,TRUE
8195,13,FALSE
8195,15,FALSE
8196,26,TRUE
8196,17,FALSE
8196,14,FALSE
8197,26,TRUE
8198,26,TRUE
8199,22,TRUE
8199,14,FALSE
8199,19,FALSE
8200,8,TRUE
8200,9,FALSE
8201,13,TRUE
8202,17,TRUE
8203,1,TRUE
8204,26,TRUE
8204,15,FALSE
8205,22,TRUE
8205,19,FALSE
8206,28,TRUE
8206,1,FALSE
8207,2,TRUE
8207,3,FALSE
8208,7,TRUE
8208,2,FALSE
8208,33,FALSE
8209,16,TRUE
8209,7,FALSE
8209,33,FALSE
8210,16,TRUE
8210,8,FALSE
8211,1,TRUE
8212,22,TRUE
8213,22,TRUE
8213,14,FALSE
8213,19,FALSE
8214,13,TRUE
8214,30,FALSE
8215,16,TRUE
8215,7,FALSE
8215,2,FALSE
8216,1,TRUE
8217,16,TRUE
8217,7,FALSE
8218,26,TRUE
8218,23,FALSE
8219,13,TRUE
8219,15,FALSE
8219,20,FALSE
8220,26,TRUE
8220,17,FALSE
8220,20,FALSE
8221,23,TRUE
8221,19,FALSE
8222,22,TRUE
8222,14,FALSE
8222,19,FALSE
8223,13,TRUE
8223,14,FALSE
8223,15,FALSE
8224,13,TRUE
8224,19,FALSE
8225,13,TRUE
8225,14,FALSE
8225,30,FALSE
8226,12,TRUE
8226,13,FALSE
8226,15,FALSE
8227,17,TRUE
8227,13,FALSE
8227,20,FALSE
8228,13,TRUE
8228,15,FALSE
8228,20,FALSE
8229,26,TRUE
8229,23,FALSE
8230,17,TRUE
8230,13,FALSE
8231,17,TRUE
8231,15,FALSE
8232,26,TRUE
8232,13,FALSE
8232,15,FALSE
8233,22,TRUE
8233,19,FALSE
8234,14,TRUE
8234,19,FALSE
8235,13,TRUE
8235,14,FALSE
8235,15,FALSE
8236,2,TRUE
8236,8,FALSE
8237,13,TRUE
8237,19,FALSE
8238,35,TRUE
8238,22,FALSE
8239,1,TRUE
8239,30,FALSE
8240,13,TRUE
8240,37,FALSE
8241,26,TRUE
8241,13,FALSE
8241,15,FALSE
8242,13,TRUE
8242,15,FALSE
8242,19,FALSE
8243,22,TRUE
8243,19,FALSE
8244,2,TRUE
8244,8,FALSE
8245,13,TRUE
8245,15,FALSE
8245,21,FALSE
8246,13,TRUE
8246,15,FALSE
8246,19,FALSE
8247,13,TRUE
8247,14,FALSE
8247,15,FALSE
8248,13,TRUE
8248,37,FALSE
8249,12,TRUE
8249,17,FALSE
8250,28,TRUE
8250,13,FALSE
8251,16,TRUE
8251,7,FALSE
8251,2,FALSE
8252,13,TRUE
8252,14,FALSE
8253,17,TRUE
8253,20,FALSE
8254,17,TRUE
8254,13,FALSE
8254,14,FALSE
8255,13,TRUE
8255,15,FALSE
8255,23,FALSE
8256,17,TRUE
8256,15,FALSE
8256,19,FALSE
8257,22,TRUE
8257,19,FALSE
8258,2,TRUE
8258,32,FALSE
8258,10,FALSE
8259,12,TRUE
8259,17,FALSE
8260,26,TRUE
8260,35,FALSE
8260,23,FALSE
8261,17,TRUE
8261,35,FALSE
8261,15,FALSE
8262,28,TRUE
8262,14,FALSE
8262,19,FALSE
8263,7,TRUE
8263,33,FALSE
8264,17,TRUE
8265,13,TRUE
8265,15,FALSE
8266,13,TRUE
8266,15,FALSE
8266,20,FALSE
8267,12,TRUE
8268,13,TRUE
8268,15,FALSE
8269,26,TRUE
8269,14,FALSE
8269,15,FALSE
8270,13,TRUE
8271,1,TRUE
8271,30,FALSE
8272,25,TRUE
8272,10,FALSE
8273,13,TRUE
8273,19,FALSE
8274,13,TRUE
8274,15,FALSE
8275,22,TRUE
8275,19,FALSE
8276,1,TRUE
8276,22,FALSE
8277,22,TRUE
8277,19,FALSE
8278,31,TRUE
8279,1,TRUE
8280,22,TRUE
8280,23,FALSE
8280,19,FALSE
8281,13,TRUE
8281,15,FALSE
8282,19,TRUE
8283,2,TRUE
8283,10,FALSE
8284,13,TRUE
8285,26,TRUE
8285,17,FALSE
8286,26,TRUE
8286,17,FALSE
8287,13,TRUE
8287,15,FALSE
8288,7,TRUE
8289,13,TRUE
8289,14,FALSE
8290,14,TRUE
8290,23,FALSE
8290,19,FALSE
8291,28,TRUE
8291,35,FALSE
8291,22,FALSE
8292,13,TRUE
8292,20,FALSE
8293,22,TRUE
8293,14,FALSE
8294,16,TRUE
8294,5,FALSE
8294,3,FALSE
8295,1,TRUE
8295,15,FALSE
8296,17,TRUE
8296,14,FALSE
8296,38,FALSE
8297,13,TRUE
8297,30,FALSE
8298,22,TRUE
8298,15,FALSE
8298,19,FALSE
8299,22,TRUE
8300,13,TRUE
8300,14,FALSE
8301,17,TRUE
8301,15,FALSE
8302,17,TRUE
8303,16,TRUE
8303,5,FALSE
8303,3,FALSE
8304,26,TRUE
8304,35,FALSE
8304,15,FALSE
8305,12,TRUE
8305,17,FALSE
8306,12,TRUE
8306,17,FALSE
8306,20,FALSE
8307,26,TRUE
8307,13,FALSE
8307,15,FALSE
8308,26,TRUE
8308,23,FALSE
8309,1,TRUE
8310,26,TRUE
8310,15,FALSE
8311,22,TRUE
8312,3,TRUE
8313,13,TRUE
8314,1,TRUE
8314,30,FALSE
8315,13,TRUE
8315,19,FALSE
8316,16,TRUE
8316,25,FALSE
8317,7,TRUE
8317,2,FALSE
8317,33,FALSE
8318,17,TRUE
8318,13,FALSE
8318,15,FALSE
8319,1,TRUE
8319,30,FALSE
8320,13,TRUE
8320,14,FALSE
8320,19,FALSE
8321,13,TRUE
8321,19,FALSE
8322,7,TRUE
8322,2,FALSE
8323,22,TRUE
8323,14,FALSE
8323,15,FALSE
8324,17,TRUE
8324,13,FALSE
8324,20,FALSE
8325,13,TRUE
8325,14,FALSE
8325,19,FALSE
8326,17,TRUE
8327,13,TRUE
8327,37,FALSE
8328,13,TRUE
8328,37,FALSE
8329,13,TRUE
8329,37,FALSE
8330,13,TRUE
8330,37,FALSE
8331,26,TRUE
8331,13,FALSE
8331,15,FALSE
8332,16,TRUE
8332,8,FALSE
8333,26,TRUE
8333,28,FALSE
8333,35,FALSE
8334,26,TRUE
8334,13,FALSE
8335,16,TRUE
8335,5,FALSE
8335,2,FALSE
8336,26,TRUE
8336,17,FALSE
8337,10,TRUE
8338,22,TRUE
8339,22,TRUE
8339,19,FALSE
8340,12,TRUE
8340,13,FALSE
8340,37,FALSE
8341,1,TRUE
8342,13,TRUE
8343,22,TRUE
8344,13,TRUE
8344,15,FALSE
8345,13,TRUE
8345,14,FALSE
8346,26,TRUE
8347,17,TRUE
8347,37,FALSE
8347,15,FALSE
8348,2,TRUE
8348,32,FALSE
8348,8,FALSE
8349,1,TRUE
8350,2,TRUE
8350,8,FALSE
8351,1,TRUE
8351,15,FALSE
8351,21,FALSE
8352,26,TRUE
8352,23,FALSE
8353,17,TRUE
8353,13,FALSE
8354,16,TRUE
8354,7,FALSE
8354,33,FALSE
8355,26,TRUE
8356,1,TRUE
8356,30,FALSE
8357,26,TRUE
8357,23,FALSE
8358,16,TRUE
8358,10,FALSE
8359,15,TRUE
8359,23,FALSE
8359,19,FALSE
8360,12,TRUE
8361,12,TRUE
8361,17,FALSE
8362,12,TRUE
8362,13,FALSE
8363,17,TRUE
8363,13,FALSE
8364,13,TRUE
8364,15,FALSE
8364,19,FALSE
8365,13,TRUE
8365,15,FALSE
8366,17,TRUE
8366,20,FALSE
8367,16,TRUE
8367,5,FALSE
8367,7,FALSE
8368,22,TRUE
8368,14,FALSE
8368,19,FALSE
8369,5,TRUE
8369,7,FALSE
8370,13,TRUE
8370,15,FALSE
8371,1,TRUE
8371,15,FALSE
8372,7,TRUE
8372,2,FALSE
8372,18,FALSE
8373,17,TRUE
8373,13,FALSE
8373,20,FALSE
8374,25,TRUE
8375,13,TRUE
8375,15,FALSE
8376,13,TRUE
8376,19,FALSE
8377,8,TRUE
8378,13,TRUE
8378,15,FALSE
8379,9,TRUE
8379,3,FALSE
8380,2,TRUE
8380,32,FALSE
8380,3,FALSE
8381,13,TRUE
8381,20,FALSE
8381,23,FALSE
8382,12,TRUE
8382,37,FALSE
8383,1,TRUE
8383,15,FALSE
8384,28,TRUE
8384,13,FALSE
8385,22,TRUE
8385,14,FALSE
8385,19,FALSE
8386,13,TRUE
8387,17,TRUE
8387,15,FALSE
8388,1,TRUE
8389,1,TRUE
8390,13,TRUE
8390,30,FALSE
8391,1,TRUE
8392,17,TRUE
8392,13,FALSE
8392,15,FALSE
8393,5,TRUE
8393,2,FALSE
8393,3,FALSE
8394,17,TRUE
8394,14,FALSE
8395,12,TRUE
8395,13,FALSE
8396,12,TRUE
8397,13,TRUE
8397,15,FALSE
8397,19,FALSE
8398,5,TRUE
8398,3,FALSE
8398,24,FALSE
8399,17,TRUE
8399,15,FALSE
8399,20,FALSE
8400,22,TRUE
8400,15,FALSE
8401,1,TRUE
8401,37,FALSE
8402,28,TRUE
8402,17,FALSE
8402,30,FALSE
8403,17,TRUE
8403,13,FALSE
8403,30,FALSE
8404,1,TRUE
8404,15,FALSE
8405,26,TRUE
8405,23,FALSE
8406,26,TRUE
8406,23,FALSE
8407,17,TRUE
8407,30,FALSE
8408,1,TRUE
8408,15,FALSE
8409,13,TRUE
8409,15,FALSE
8410,17,TRUE
8410,15,FALSE
8410,23,FALSE
8411,1,TRUE
8412,16,TRUE
8412,7,FALSE
8412,33,FALSE
8413,1,TRUE
8413,21,FALSE
8414,26,TRUE
8414,20,FALSE
8415,26,TRUE
8415,23,FALSE
8416,26,TRUE
8416,23,FALSE
8417,26,TRUE
8417,23,FALSE
8418,1,TRUE
8419,13,TRUE
8419,15,FALSE
8420,28,TRUE
8420,1,FALSE
8421,17,TRUE
8422,3,TRUE
8422,4,FALSE
8422,27,FALSE
8423,7,TRUE
8424,25,TRUE
8424,10,FALSE
8425,2,TRUE
8425,18,FALSE
8425,6,FALSE
8426,13,TRUE
8426,14,FALSE
8426,15,FALSE
8427,22,TRUE
8427,14,FALSE
8428,13,TRUE
8429,7,TRUE
8430,2,TRUE
8430,10,FALSE
8430,3,FALSE
8431,12,TRUE
8431,17,FALSE
8432,16,TRUE
8432,5,FALSE
8432,7,FALSE
8433,13,TRUE
8433,15,FALSE
8433,21,FALSE
8434,17,TRUE
8435,17,TRUE
8435,35,FALSE
8436,28,TRUE
8436,13,FALSE
8436,30,FALSE
8437,28,TRUE
8437,1,FALSE
8438,41,TRUE
8438,10,FALSE
8439,17,TRUE
8439,14,FALSE
8439,20,FALSE
8440,7,TRUE
8441,1,TRUE
8441,15,FALSE
8442,12,TRUE
8443,10,TRUE
8444,17,TRUE
8444,13,FALSE
8444,14,FALSE
8445,17,TRUE
8445,15,FALSE
8446,26,TRUE
8446,17,FALSE
8447,26,TRUE
8447,17,FALSE
8448,13,TRUE
8448,14,FALSE
8448,38,FALSE
8449,26,TRUE
8450,13,TRUE
8450,19,FALSE
8451,1,TRUE
8451,15,FALSE
8451,30,FALSE
8452,17,TRUE
8452,13,FALSE
8453,13,TRUE
8453,21,FALSE
8453,20,FALSE
8454,26,TRUE
8454,13,FALSE
8454,15,FALSE
8455,12,TRUE
8455,17,FALSE
8456,12,TRUE
8457,13,TRUE
8458,12,TRUE
8458,17,FALSE
8459,13,TRUE
8459,14,FALSE
8460,13,TRUE
8460,15,FALSE
8460,19,FALSE
8461,17,TRUE
8461,15,FALSE
8462,12,TRUE
8463,1,TRUE
8464,17,TRUE
8464,13,FALSE
8464,15,FALSE
8465,26,TRUE
8466,17,TRUE
8466,20,FALSE
8467,12,TRUE
8468,26,TRUE
8468,13,FALSE
8468,15,FALSE
8469,1,TRUE
8470,13,TRUE
8471,1,TRUE
8471,30,FALSE
8472,7,TRUE
8472,33,FALSE
8473,12,TRUE
8473,13,FALSE
8473,15,FALSE
8474,13,TRUE
8474,19,FALSE
8475,8,TRUE
8476,1,TRUE
8476,15,FALSE
8477,16,TRUE
8477,7,FALSE
8477,2,FALSE
8478,1,TRUE
8478,30,FALSE
8479,1,TRUE
8479,30,FALSE
8480,1,TRUE
8480,30,FALSE
8481,13,TRUE
8481,14,FALSE
8481,15,FALSE
8482,13,TRUE
8482,15,FALSE
8483,2,TRUE
8483,3,FALSE
8483,11,FALSE
8484,22,TRUE
8484,15,FALSE
8485,22,TRUE
8485,14,FALSE
8485,23,FALSE
8486,13,TRUE
8486,15,FALSE
8486,20,FALSE
8487,22,TRUE
8487,19,FALSE
8488,13,TRUE
8488,15,FALSE
8489,13,TRUE
8489,14,FALSE
8490,26,TRUE
8491,2,TRUE
8491,3,FALSE
8492,1,TRUE
8492,15,FALSE
8492,21,FALSE
8493,19,TRUE
8494,15,TRUE
8494,19,FALSE
8495,17,TRUE
8495,13,FALSE
8496,13,TRUE
8496,14,FALSE
8497,13,TRUE
8497,14,FALSE
8497,15,FALSE
8498,17,TRUE
8498,13,FALSE
8498,14,FALSE
8499,13,TRUE
8499,19,FALSE
8500,13,TRUE
8501,1,TRUE
8502,12,TRUE
8502,17,FALSE
8503,1,TRUE
8504,7,TRUE
8505,17,TRUE
8505,15,FALSE
8505,21,FALSE
8506,13,TRUE
8507,28,TRUE
8507,17,FALSE
8507,14,FALSE
8508,23,TRUE
8508,19,FALSE
8509,22,TRUE
8509,14,FALSE
8509,15,FALSE
8510,13,TRUE
8510,15,FALSE
8510,20,FALSE
8511,5,TRUE
8511,2,FALSE
8511,3,FALSE
8512,13,TRUE
8513,26,TRUE
8513,20,FALSE
8513,23,FALSE
8514,13,TRUE
8514,14,FALSE
8514,20,FALSE
8515,13,TRUE
8515,14,FALSE
8515,15,FALSE
8516,26,TRUE
8516,12,FALSE
8516,17,FALSE
8517,1,TRUE
8517,15,FALSE
8518,13,TRUE
8518,14,FALSE
8518,19,FALSE
8519,7,TRUE
8520,7,TRUE
8521,19,TRUE
8522,1,TRUE
8522,15,FALSE
8523,22,TRUE
8524,25,TRUE
8525,1,TRUE
8526,26,TRUE
8527,13,TRUE
8527,19,FALSE
8528,35,TRUE
8528,22,FALSE
8528,14,FALSE
8529,13,TRUE
8529,15,FALSE
8530,17,TRUE
8530,13,FALSE
8530,14,FALSE
8531,1,TRUE
8532,26,TRUE
8532,23,FALSE
8533,13,TRUE
8533,20,FALSE
8533,23,FALSE
8534,5,TRUE
8534,7,FALSE
8535,13,TRUE
8535,14,FALSE
8535,30,FALSE
8536,19,TRUE
8537,17,TRUE
8538,19,TRUE
8539,1,TRUE
8539,15,FALSE
8540,3,TRUE
8541,26,TRUE
8541,17,FALSE
8542,42,TRUE
8542,27,FALSE
8543,17,TRUE
8543,20,FALSE
8544,22,TRUE
8544,15,FALSE
8545,2,TRUE
8545,3,FALSE
8545,34,FALSE
8546,7,TRUE
8546,33,FALSE
8547,13,TRUE
8547,15,FALSE
8548,1,TRUE
8549,22,TRUE
8549,19,FALSE
8550,7,TRUE
8551,26,TRUE
8551,13,FALSE
8551,15,FALSE
8552,7,TRUE
8553,13,TRUE
8553,15,FALSE
8554,12,TRUE
8555,17,TRUE
8555,30,FALSE
8556,22,TRUE
8556,15,FALSE
8557,17,TRUE
8557,15,FALSE
8557,20,FALSE
8558,3,TRUE
8559,22,TRUE
8559,14,FALSE
8560,22,TRUE
8560,19,FALSE
8561,2,TRUE
8561,9,FALSE
8561,10,FALSE
8562,1,TRUE
8562,15,FALSE
8563,17,TRUE
8563,13,FALSE
8563,37,FALSE
8564,13,TRUE
8564,15,FALSE
8565,26,TRUE
8566,1,TRUE
8567,19,TRUE
8568,2,TRUE
8568,9,FALSE
8568,10,FALSE
8569,17,TRUE
8569,15,FALSE
8570,26,TRUE
8570,17,FALSE
8570,15,FALSE
8571,1,TRUE
8572,13,TRUE
8572,15,FALSE
8572,20,FALSE
8573,1,TRUE
8573,21,FALSE
8574,1,TRUE
8575,2,TRUE
8575,11,FALSE
8575,4,FALSE
8576,2,TRUE
8576,32,FALSE
8576,9,FALSE
8577,17,TRUE
8577,15,FALSE
8577,20,FALSE
8578,1,TRUE
8578,15,FALSE
8578,21,FALSE
8579,13,TRUE
8579,14,FALSE
8579,15,FALSE
8580,26,TRUE
8580,15,FALSE
8580,30,FALSE
8581,26,TRUE
8581,17,FALSE
8581,23,FALSE
8582,12,TRUE
8583,13,TRUE
8583,15,FALSE
8584,13,TRUE
8584,15,FALSE
8585,26,TRUE
8585,15,FALSE
8586,17,TRUE
8586,13,FALSE
8586,15,FALSE
8587,13,TRUE
8587,19,FALSE
8588,28,TRUE
8588,1,FALSE
8589,5,TRUE
8589,2,FALSE
8589,3,FALSE
8590,13,TRUE
8590,15,FALSE
8590,19,FALSE
8591,13,TRUE
8591,15,FALSE
8592,17,TRUE
8592,13,FALSE
8592,15,FALSE
8593,2,TRUE
8593,3,FALSE
8594,5,TRUE
8594,7,FALSE
8594,2,FALSE
8595,12,TRUE
8596,13,TRUE
8596,14,FALSE
8596,23,FALSE
8597,25,TRUE
8598,1,TRUE
8599,17,TRUE
8599,35,FALSE
8599,38,FALSE
8600,16,TRUE
8600,42,FALSE
8600,10,FALSE
8601,25,TRUE
8601,32,FALSE
8602,1,TRUE
8602,15,FALSE
8602,21,FALSE
8603,12,TRUE
8603,17,FALSE
8604,26,TRUE
8605,16,TRUE
8605,7,FALSE
8605,33,FALSE
8606,8,TRUE
8607,13,TRUE
8607,14,FALSE
8607,15,FALSE
8608,17,TRUE
8608,13,FALSE
8608,20,FALSE
8609,17,TRUE
8610,2,TRUE
8610,8,FALSE
8611,26,TRUE
8612,13,TRUE
8612,14,FALSE
8612,15,FALSE
8613,22,TRUE
8613,15,FALSE
8614,26,TRUE
8614,22,FALSE
8614,15,FALSE
8615,17,TRUE
8615,35,FALSE
8615,13,FALSE
8616,13,TRUE
8616,19,FALSE
8617,23,TRUE
8617,19,FALSE
8618,13,TRUE
8618,14,FALSE
8618,19,FALSE
8619,17,TRUE
8619,13,FALSE
8619,14,FALSE
8620,1,TRUE
8620,13,FALSE
8620,15,FALSE
8621,1,TRUE
8622,17,TRUE
8622,35,FALSE
8622,22,FALSE
8623,17,TRUE
8623,22,FALSE
8623,23,FALSE
8624,17,TRUE
8624,22,FALSE
8624,23,FALSE
8625,17,TRUE
8625,22,FALSE
8625,23,FALSE
8626,17,TRUE
8626,22,FALSE
8626,23,FALSE
8627,26,TRUE
8627,17,FALSE
8627,22,FALSE
8628,13,TRUE
8629,17,TRUE
8629,13,FALSE
8629,14,FALSE
8630,26,TRUE
8630,13,FALSE
8630,15,FALSE
8631,15,TRUE
8631,19,FALSE
8632,1,TRUE
8632,21,FALSE
8633,1,TRUE
8633,15,FALSE
8634,2,TRUE
8634,3,FALSE
8635,26,TRUE
8636,28,TRUE
8636,13,FALSE
8637,13,TRUE
8638,13,TRUE
8638,14,FALSE
8639,17,TRUE
8639,22,FALSE
8639,14,FALSE
8640,13,TRUE
8640,37,FALSE
8640,15,FALSE
8641,28,TRUE
8641,1,FALSE
8642,12,TRUE
8642,17,FALSE
8643,22,TRUE
8644,1,TRUE
8644,15,FALSE
8645,42,TRUE
8645,5,FALSE
8645,3,FALSE
8646,22,TRUE
8646,14,FALSE
8646,19,FALSE
8647,16,TRUE
8647,25,FALSE
8648,13,TRUE
8648,15,FALSE
8649,19,TRUE
8650,13,TRUE
8650,14,FALSE
8650,20,FALSE
8651,1,TRUE
8651,15,FALSE
8652,1,TRUE
8652,30,FALSE
8653,13,TRUE
8653,15,FALSE
8653,19,FALSE
8654,2,TRUE
8654,9,FALSE
8654,3,FALSE
8655,13,TRUE
8655,15,FALSE
8656,12,TRUE
8656,17,FALSE
8657,1,TRUE
8658,26,TRUE
8658,1,FALSE
8658,30,FALSE
8659,13,TRUE
8659,14,FALSE
8659,15,FALSE
8660,26,TRUE
8660,12,FALSE
8660,17,FALSE
8661,28,TRUE
8661,1,FALSE
8662,17,TRUE
8662,13,FALSE
8662,14,FALSE
8663,13,TRUE
8663,14,FALSE
8663,15,FALSE
8664,15,TRUE
8664,19,FALSE
8665,17,TRUE
8665,13,FALSE
8665,20,FALSE
8666,13,TRUE
8666,14,FALSE
8666,15,FALSE
8667,26,TRUE
8667,17,FALSE
8667,15,FALSE
8668,26,TRUE
8669,26,TRUE
8669,13,FALSE
8669,23,FALSE
8670,25,TRUE
8671,26,TRUE
8672,26,TRUE
8672,13,FALSE
8672,15,FALSE
8673,17,TRUE
8673,13,FALSE
8673,15,FALSE
8674,1,TRUE
8675,13,TRUE
8676,13,TRUE
8677,26,TRUE
8677,23,FALSE
8678,1,TRUE
8679,13,TRUE
8679,19,FALSE
8680,25,TRUE
8681,13,TRUE
8681,15,FALSE
8682,13,TRUE
8682,15,FALSE
8683,17,TRUE
8683,13,FALSE
8683,15,FALSE
8684,13,TRUE
8684,15,FALSE
8684,19,FALSE
8685,25,TRUE
8685,32,FALSE
8686,13,TRUE
8687,26,TRUE
8687,15,FALSE
8688,26,TRUE
8688,15,FALSE
8688,23,FALSE
8689,13,TRUE
8689,15,FALSE
8690,17,TRUE
8690,14,FALSE
8691,2,TRUE
8691,3,FALSE
8692,13,TRUE
8693,1,TRUE
8694,13,TRUE
8694,14,FALSE
8694,19,FALSE
8695,26,TRUE
8696,17,TRUE
8696,13,FALSE
8696,15,FALSE
8697,13,TRUE
8698,26,TRUE
8698,17,FALSE
8699,22,TRUE
8699,14,FALSE
8699,15,FALSE
8700,17,TRUE
8700,13,FALSE
8700,15,FALSE
8701,7,TRUE
8701,2,FALSE
8702,1,TRUE
8703,1,TRUE
8704,13,TRUE
8704,14,FALSE
8704,21,FALSE
8705,19,TRUE
8706,17,TRUE
8706,15,FALSE
8706,20,FALSE
8707,13,TRUE
8707,14,FALSE
8708,1,TRUE
8708,15,FALSE
8709,17,TRUE
8709,13,FALSE
8709,14,FALSE
8710,13,TRUE
8710,15,FALSE
8711,10,TRUE
8711,3,FALSE
8712,13,TRUE
8712,14,FALSE
8712,15,FALSE
8713,16,TRUE
8713,7,FALSE
8713,33,FALSE
8714,17,TRUE
8714,15,FALSE
8715,12,TRUE
8716,13,TRUE
8716,14,FALSE
8717,17,TRUE
8717,22,FALSE
8717,14,FALSE
8718,28,TRUE
8718,13,FALSE
8718,15,FALSE
8719,1,TRUE
8719,30,FALSE
8720,17,TRUE
8720,13,FALSE
8720,15,FALSE
8721,2,TRUE
8721,10,FALSE
8721,3,FALSE
8722,2,TRUE
8722,9,FALSE
8722,10,FALSE
8723,22,TRUE
8723,19,FALSE
8724,1,TRUE
8725,13,TRUE
8725,19,FALSE
8726,13,TRUE
8726,15,FALSE
8726,20,FALSE
8727,3,TRUE
8728,1,TRUE
8728,15,FALSE
8729,1,TRUE
8729,15,FALSE
8730,26,TRUE
8730,17,FALSE
8730,13,FALSE
8731,17,TRUE
8732,17,TRUE
8732,13,FALSE
8732,14,FALSE
8733,23,TRUE
8733,19,FALSE
8734,17,TRUE
8734,14,FALSE
8734,19,FALSE
8735,1,TRUE
8735,38,FALSE
8735,21,FALSE
8736,28,TRUE
8736,13,FALSE
8736,14,FALSE
8737,2,TRUE
8737,9,FALSE
8737,10,FALSE
8738,1,TRUE
8739,1,TRUE
8740,1,TRUE
8741,16,TRUE
8741,7,FALSE
8741,33,FALSE
8742,16,TRUE
8742,7,FALSE
8742,33,FALSE
8743,26,TRUE
8743,17,FALSE
8743,23,FALSE
8744,13,TRUE
8744,14,FALSE
8745,1,TRUE
8745,15,FALSE
8745,30,FALSE
8746,12,TRUE
8746,28,FALSE
8746,17,FALSE
8747,1,TRUE
8747,15,FALSE
8748,8,TRUE
8749,28,TRUE
8749,13,FALSE
8750,2,TRUE
8750,3,FALSE
8750,24,FALSE
8751,13,TRUE
8751,14,FALSE
8752,17,TRUE
8752,13,FALSE
8752,14,FALSE
8753,12,TRUE
8753,13,FALSE
8754,13,TRUE
8754,14,FALSE
8755,13,TRUE
8755,14,FALSE
8755,30,FALSE
8756,5,TRUE
8756,7,FALSE
8757,1,TRUE
8757,21,FALSE
8758,26,TRUE
8758,13,FALSE
8759,16,TRUE
8759,7,FALSE
8760,40,TRUE
8761,22,TRUE
8761,14,FALSE
8761,19,FALSE
8762,17,TRUE
8762,15,FALSE
8762,20,FALSE
8763,13,TRUE
8763,15,FALSE
8764,1,TRUE
8765,26,TRUE
8766,22,TRUE
8767,26,TRUE
8767,30,FALSE
8768,26,TRUE
8769,13,TRUE
8769,14,FALSE
8769,15,FALSE
8770,13,TRUE
8770,14,FALSE
8770,15,FALSE
8771,13,TRUE
8771,15,FALSE
8771,20,FALSE
8772,13,TRUE
8772,15,FALSE
8772,21,FALSE
8773,26,TRUE
8773,17,FALSE
8773,15,FALSE
8774,17,TRUE
8774,13,FALSE
8774,15,FALSE
8775,13,TRUE
8775,14,FALSE
8775,15,FALSE
8776,2,TRUE
8776,10,FALSE
8777,12,TRUE
8777,17,FALSE
8778,15,TRUE
8778,38,FALSE
8778,20,FALSE
8779,15,TRUE
8779,38,FALSE
8779,20,FALSE
8780,15,TRUE
8780,38,FALSE
8780,20,FALSE
8781,31,TRUE
8781,25,FALSE
8782,29,TRUE
8782,12,FALSE
8783,17,TRUE
8783,22,FALSE
8783,14,FALSE
8784,25,TRUE
8785,12,TRUE
8786,25,TRUE
8787,12,TRUE
8788,17,TRUE
8788,20,FALSE
8789,13,TRUE
8789,15,FALSE
8790,17,TRUE
8790,13,FALSE
8790,15,FALSE
8791,26,TRUE
8791,17,FALSE
8792,17,TRUE
8792,13,FALSE
8792,14,FALSE
8793,26,TRUE
8793,15,FALSE
8794,12,TRUE
8794,17,FALSE
8795,13,TRUE
8795,14,FALSE
8795,15,FALSE
8796,31,TRUE
8796,25,FALSE
8797,2,TRUE
8797,3,FALSE
8798,25,TRUE
8799,17,TRUE
8799,13,FALSE
8799,15,FALSE
8800,13,TRUE
8800,15,FALSE
8801,2,TRUE
8801,9,FALSE
8801,3,FALSE
8802,13,TRUE
8802,15,FALSE
8802,19,FALSE
8803,35,TRUE
8803,13,FALSE
8803,19,FALSE
8804,25,TRUE
8804,32,FALSE
8804,10,FALSE
8805,17,TRUE
8805,22,FALSE
8806,12,TRUE
8806,17,FALSE
8807,13,TRUE
8807,15,FALSE
8807,21,FALSE
