content_id,season_number,episode_number,episode_title,runtime_minutes
2,1,1,Episode 1,46
2,1,2,Episode 2,47
2,2,1,Episode 1,46
2,2,2,Episode 2,47
3,1,1,Episode 1,46
3,1,2,Episode 2,47
4,1,1,Episode 1,46
4,1,2,Episode 2,47
5,1,1,Episode 1,46
5,1,2,Episode 2,47
5,2,1,Episode 1,46
5,2,2,Episode 2,47
6,1,1,Episode 1,46
6,1,2,Episode 2,47
9,1,1,Episode 1,46
9,1,2,Episode 2,47
9,2,1,Episode 1,46
9,2,2,Episode 2,47
11,1,1,Episode 1,46
11,1,2,Episode 2,47
12,1,1,Episode 1,46
12,1,2,Episode 2,47
15,1,1,Episode 1,46
15,1,2,Episode 2,47
16,1,1,Episode 1,46
16,1,2,Episode 2,47
16,2,1,Episode 1,46
16,2,2,Episode 2,47
18,1,1,Episode 1,46
18,1,2,Episode 2,47
18,2,1,Episode 1,46
18,2,2,Episode 2,47
20,1,1,Episode 1,46
20,1,2,Episode 2,47
21,1,1,Episode 1,46
21,1,2,Episode 2,47
22,1,1,Episode 1,46
22,1,2,Episode 2,47
22,2,1,Episode 1,46
22,2,2,Episode 2,47
26,1,1,Episode 1,46
26,1,2,Episode 2,47
26,2,1,Episode 1,46
26,2,2,Episode 2,47
32,1,1,Episode 1,46
32,1,2,Episode 2,47
33,1,1,Episode 1,46
33,1,2,Episode 2,47
33,2,1,Episode 1,46
33,2,2,Episode 2,47
34,1,1,Episode 1,46
34,1,2,Episode 2,47
35,1,1,Episode 1,46
35,1,2,Episode 2,47
38,1,1,Episode 1,46
38,1,2,Episode 2,47
40,1,1,Episode 1,46
40,1,2,Episode 2,47
40,2,1,Episode 1,46
40,2,2,Episode 2,47
41,1,1,Episode 1,46
41,1,2,Episode 2,47
48,1,1,Episode 1,46
48,1,2,Episode 2,47
50,1,1,Episode 1,46
50,1,2,Episode 2,47
50,2,1,Episode 1,46
50,2,2,Episode 2,47
51,1,1,Episode 1,46
51,1,2,Episode 2,47
56,1,1,Episode 1,46
56,1,2,Episode 2,47
56,2,1,Episode 1,46
56,2,2,Episode 2,47
66,1,1,Episode 1,46
66,1,2,Episode 2,47
66,2,1,Episode 1,46
66,2,2,Episode 2,47
67,1,1,Episode 1,46
67,1,2,Episode 2,47
68,1,1,Episode 1,46
68,1,2,Episode 2,47
68,2,1,Episode 1,46
68,2,2,Episode 2,47
70,1,1,Episode 1,46
70,1,2,Episode 2,47
71,1,1,Episode 1,46
71,1,2,Episode 2,47
73,1,1,Episode 1,46
73,1,2,Episode 2,47
73,2,1,Episode 1,46
73,2,2,Episode 2,47
75,1,1,Episode 1,46
75,1,2,Episode 2,47
75,2,1,Episode 1,46
75,2,2,Episode 2,47
77,1,1,Episode 1,46
77,1,2,Episode 2,47
83,1,1,Episode 1,46
83,1,2,Episode 2,47
83,2,1,Episode 1,46
83,2,2,Episode 2,47
84,1,1,Episode 1,46
84,1,2,Episode 2,47
86,1,1,Episode 1,46
86,1,2,Episode 2,47
88,1,1,Episode 1,46
88,1,2,Episode 2,47
88,2,1,Episode 1,46
88,2,2,Episode 2,47
90,1,1,Episode 1,46
90,1,2,Episode 2,47
90,2,1,Episode 1,46
90,2,2,Episode 2,47
93,1,1,Episode 1,46
93,1,2,Episode 2,47
93,2,1,Episode 1,46
93,2,2,Episode 2,47
96,1,1,Episode 1,46
96,1,2,Episode 2,47
96,2,1,Episode 1,46
96,2,2,Episode 2,47
98,1,1,Episode 1,46
98,1,2,Episode 2,47
98,2,1,Episode 1,46
98,2,2,Episode 2,47
99,1,1,Episode 1,46
99,1,2,Episode 2,47
100,1,1,Episode 1,46
100,1,2,Episode 2,47
101,1,1,Episode 1,46
101,1,2,Episode 2,47
101,2,1,Episode 1,46
101,2,2,Episode 2,47
103,1,1,Episode 1,46
103,1,2,Episode 2,47
105,1,1,Episode 1,46
105,1,2,Episode 2,47
105,2,1,Episode 1,46
105,2,2,Episode 2,47
107,1,1,Episode 1,46
107,1,2,Episode 2,47
107,2,1,Episode 1,46
107,2,2,Episode 2,47
109,1,1,Episode 1,46
109,1,2,Episode 2,47
110,1,1,Episode 1,46
110,1,2,Episode 2,47
110,2,1,Episode 1,46
110,2,2,Episode 2,47
111,1,1,Episode 1,46
111,1,2,Episode 2,47
112,1,1,Episode 1,46
112,1,2,Episode 2,47
121,1,1,Episode 1,46
121,1,2,Episode 2,47
122,1,1,Episode 1,46
122,1,2,Episode 2,47
124,1,1,Episode 1,46
124,1,2,Episode 2,47
125,1,1,Episode 1,46
125,1,2,Episode 2,47
125,2,1,Episode 1,46
125,2,2,Episode 2,47
126,1,1,Episode 1,46
126,1,2,Episode 2,47
133,1,1,Episode 1,46
133,1,2,Episode 2,47
148,1,1,Episode 1,46
148,1,2,Episode 2,47
149,1,1,Episode 1,46
149,1,2,Episode 2,47
154,1,1,Episode 1,46
154,1,2,Episode 2,47
154,2,1,Episode 1,46
154,2,2,Episode 2,47
155,1,1,Episode 1,46
155,1,2,Episode 2,47
155,2,1,Episode 1,46
155,2,2,Episode 2,47
161,1,1,Episode 1,46
161,1,2,Episode 2,47
161,2,1,Episode 1,46
161,2,2,Episode 2,47
166,1,1,Episode 1,46
166,1,2,Episode 2,47
182,1,1,Episode 1,46
182,1,2,Episode 2,47
185,1,1,Episode 1,46
185,1,2,Episode 2,47
187,1,1,Episode 1,46
187,1,2,Episode 2,47
188,1,1,Episode 1,46
188,1,2,Episode 2,47
190,1,1,Episode 1,46
190,1,2,Episode 2,47
190,2,1,Episode 1,46
190,2,2,Episode 2,47
194,1,1,Episode 1,46
194,1,2,Episode 2,47
195,1,1,Episode 1,46
195,1,2,Episode 2,47
198,1,1,Episode 1,46
198,1,2,Episode 2,47
199,1,1,Episode 1,46
199,1,2,Episode 2,47
213,1,1,Episode 1,46
213,1,2,Episode 2,47
213,2,1,Episode 1,46
213,2,2,Episode 2,47
214,1,1,Episode 1,46
214,1,2,Episode 2,47
214,2,1,Episode 1,46
214,2,2,Episode 2,47
219,1,1,Episode 1,46
219,1,2,Episode 2,47
220,1,1,Episode 1,46
220,1,2,Episode 2,47
221,1,1,Episode 1,46
221,1,2,Episode 2,47
221,2,1,Episode 1,46
221,2,2,Episode 2,47
223,1,1,Episode 1,46
223,1,2,Episode 2,47
224,1,1,Episode 1,46
224,1,2,Episode 2,47
225,1,1,Episode 1,46
225,1,2,Episode 2,47
226,1,1,Episode 1,46
226,1,2,Episode 2,47
227,1,1,Episode 1,46
227,1,2,Episode 2,47
233,1,1,Episode 1,46
233,1,2,Episode 2,47
233,2,1,Episode 1,46
233,2,2,Episode 2,47
235,1,1,Episode 1,46
235,1,2,Episode 2,47
242,1,1,Episode 1,46
242,1,2,Episode 2,47
242,2,1,Episode 1,46
242,2,2,Episode 2,47
243,1,1,Episode 1,46
243,1,2,Episode 2,47
244,1,1,Episode 1,46
244,1,2,Episode 2,47
246,1,1,Episode 1,46
246,1,2,Episode 2,47
249,1,1,Episode 1,46
249,1,2,Episode 2,47
255,1,1,Episode 1,46
255,1,2,Episode 2,47
255,2,1,Episode 1,46
255,2,2,Episode 2,47
261,1,1,Episode 1,46
261,1,2,Episode 2,47
264,1,1,Episode 1,46
264,1,2,Episode 2,47
264,2,1,Episode 1,46
264,2,2,Episode 2,47
266,1,1,Episode 1,46
266,1,2,Episode 2,47
267,1,1,Episode 1,46
267,1,2,Episode 2,47
270,1,1,Episode 1,46
270,1,2,Episode 2,47
270,2,1,Episode 1,46
270,2,2,Episode 2,47
272,1,1,Episode 1,46
272,1,2,Episode 2,47
273,1,1,Episode 1,46
273,1,2,Episode 2,47
273,2,1,Episode 1,46
273,2,2,Episode 2,47
274,1,1,Episode 1,46
274,1,2,Episode 2,47
275,1,1,Episode 1,46
275,1,2,Episode 2,47
275,2,1,Episode 1,46
275,2,2,Episode 2,47
276,1,1,Episode 1,46
276,1,2,Episode 2,47
277,1,1,Episode 1,46
277,1,2,Episode 2,47
277,2,1,Episode 1,46
277,2,2,Episode 2,47
278,1,1,Episode 1,46
278,1,2,Episode 2,47
281,1,1,Episode 1,46
281,1,2,Episode 2,47
287,1,1,Episode 1,46
287,1,2,Episode 2,47
287,2,1,Episode 1,46
287,2,2,Episode 2,47
288,1,1,Episode 1,46
288,1,2,Episode 2,47
289,1,1,Episode 1,46
289,1,2,Episode 2,47
290,1,1,Episode 1,46
290,1,2,Episode 2,47
292,1,1,Episode 1,46
292,1,2,Episode 2,47
297,1,1,Episode 1,46
297,1,2,Episode 2,47
298,1,1,Episode 1,46
298,1,2,Episode 2,47
310,1,1,Episode 1,46
310,1,2,Episode 2,47
310,2,1,Episode 1,46
310,2,2,Episode 2,47
311,1,1,Episode 1,46
311,1,2,Episode 2,47
312,1,1,Episode 1,46
312,1,2,Episode 2,47
312,2,1,Episode 1,46
312,2,2,Episode 2,47
313,1,1,Episode 1,46
313,1,2,Episode 2,47
314,1,1,Episode 1,46
314,1,2,Episode 2,47
317,1,1,Episode 1,46
317,1,2,Episode 2,47
320,1,1,Episode 1,46
320,1,2,Episode 2,47
321,1,1,Episode 1,46
321,1,2,Episode 2,47
322,1,1,Episode 1,46
322,1,2,Episode 2,47
323,1,1,Episode 1,46
323,1,2,Episode 2,47
324,1,1,Episode 1,46
324,1,2,Episode 2,47
324,2,1,Episode 1,46
324,2,2,Episode 2,47
325,1,1,Episode 1,46
325,1,2,Episode 2,47
325,2,1,Episode 1,46
325,2,2,Episode 2,47
332,1,1,Episode 1,46
332,1,2,Episode 2,47
337,1,1,Episode 1,46
337,1,2,Episode 2,47
337,2,1,Episode 1,46
337,2,2,Episode 2,47
339,1,1,Episode 1,46
339,1,2,Episode 2,47
339,2,1,Episode 1,46
339,2,2,Episode 2,47
362,1,1,Episode 1,46
362,1,2,Episode 2,47
362,2,1,Episode 1,46
362,2,2,Episode 2,47
365,1,1,Episode 1,46
365,1,2,Episode 2,47
367,1,1,Episode 1,46
367,1,2,Episode 2,47
367,2,1,Episode 1,46
367,2,2,Episode 2,47
369,1,1,Episode 1,46
369,1,2,Episode 2,47
370,1,1,Episode 1,46
370,1,2,Episode 2,47
371,1,1,Episode 1,46
371,1,2,Episode 2,47
371,2,1,Episode 1,46
371,2,2,Episode 2,47
377,1,1,Episode 1,46
377,1,2,Episode 2,47
380,1,1,Episode 1,46
380,1,2,Episode 2,47
381,1,1,Episode 1,46
381,1,2,Episode 2,47
381,2,1,Episode 1,46
381,2,2,Episode 2,47
382,1,1,Episode 1,46
382,1,2,Episode 2,47
383,1,1,Episode 1,46
383,1,2,Episode 2,47
383,2,1,Episode 1,46
383,2,2,Episode 2,47
386,1,1,Episode 1,46
386,1,2,Episode 2,47
386,2,1,Episode 1,46
386,2,2,Episode 2,47
387,1,1,Episode 1,46
387,1,2,Episode 2,47
387,2,1,Episode 1,46
387,2,2,Episode 2,47
389,1,1,Episode 1,46
389,1,2,Episode 2,47
391,1,1,Episode 1,46
391,1,2,Episode 2,47
391,2,1,Episode 1,46
391,2,2,Episode 2,47
392,1,1,Episode 1,46
392,1,2,Episode 2,47
392,2,1,Episode 1,46
392,2,2,Episode 2,47
398,1,1,Episode 1,46
398,1,2,Episode 2,47
400,1,1,Episode 1,46
400,1,2,Episode 2,47
401,1,1,Episode 1,46
401,1,2,Episode 2,47
402,1,1,Episode 1,46
402,1,2,Episode 2,47
402,2,1,Episode 1,46
402,2,2,Episode 2,47
404,1,1,Episode 1,46
404,1,2,Episode 2,47
404,2,1,Episode 1,46
404,2,2,Episode 2,47
426,1,1,Episode 1,46
426,1,2,Episode 2,47
426,2,1,Episode 1,46
426,2,2,Episode 2,47
431,1,1,Episode 1,46
431,1,2,Episode 2,47
432,1,1,Episode 1,46
432,1,2,Episode 2,47
435,1,1,Episode 1,46
435,1,2,Episode 2,47
436,1,1,Episode 1,46
436,1,2,Episode 2,47
441,1,1,Episode 1,46
441,1,2,Episode 2,47
441,2,1,Episode 1,46
441,2,2,Episode 2,47
443,1,1,Episode 1,46
443,1,2,Episode 2,47
445,1,1,Episode 1,46
445,1,2,Episode 2,47
454,1,1,Episode 1,46
454,1,2,Episode 2,47
454,2,1,Episode 1,46
454,2,2,Episode 2,47
457,1,1,Episode 1,46
457,1,2,Episode 2,47
460,1,1,Episode 1,46
460,1,2,Episode 2,47
460,2,1,Episode 1,46
460,2,2,Episode 2,47
466,1,1,Episode 1,46
466,1,2,Episode 2,47
467,1,1,Episode 1,46
467,1,2,Episode 2,47
473,1,1,Episode 1,46
473,1,2,Episode 2,47
478,1,1,Episode 1,46
478,1,2,Episode 2,47
478,2,1,Episode 1,46
478,2,2,Episode 2,47
479,1,1,Episode 1,46
479,1,2,Episode 2,47
479,2,1,Episode 1,46
479,2,2,Episode 2,47
483,1,1,Episode 1,46
483,1,2,Episode 2,47
488,1,1,Episode 1,46
488,1,2,Episode 2,47
489,1,1,Episode 1,46
489,1,2,Episode 2,47
489,2,1,Episode 1,46
489,2,2,Episode 2,47
491,1,1,Episode 1,46
491,1,2,Episode 2,47
494,1,1,Episode 1,46
494,1,2,Episode 2,47
498,1,1,Episode 1,46
498,1,2,Episode 2,47
500,1,1,Episode 1,46
500,1,2,Episode 2,47
500,2,1,Episode 1,46
500,2,2,Episode 2,47
504,1,1,Episode 1,46
504,1,2,Episode 2,47
504,2,1,Episode 1,46
504,2,2,Episode 2,47
505,1,1,Episode 1,46
505,1,2,Episode 2,47
510,1,1,Episode 1,46
510,1,2,Episode 2,47
510,2,1,Episode 1,46
510,2,2,Episode 2,47
511,1,1,Episode 1,46
511,1,2,Episode 2,47
511,2,1,Episode 1,46
511,2,2,Episode 2,47
512,1,1,Episode 1,46
512,1,2,Episode 2,47
512,2,1,Episode 1,46
512,2,2,Episode 2,47
513,1,1,Episode 1,46
513,1,2,Episode 2,47
513,2,1,Episode 1,46
513,2,2,Episode 2,47
514,1,1,Episode 1,46
514,1,2,Episode 2,47
514,2,1,Episode 1,46
514,2,2,Episode 2,47
515,1,1,Episode 1,46
515,1,2,Episode 2,47
515,2,1,Episode 1,46
515,2,2,Episode 2,47
516,1,1,Episode 1,46
516,1,2,Episode 2,47
516,2,1,Episode 1,46
516,2,2,Episode 2,47
517,1,1,Episode 1,46
517,1,2,Episode 2,47
517,2,1,Episode 1,46
517,2,2,Episode 2,47
518,1,1,Episode 1,46
518,1,2,Episode 2,47
518,2,1,Episode 1,46
518,2,2,Episode 2,47
520,1,1,Episode 1,46
520,1,2,Episode 2,47
520,2,1,Episode 1,46
520,2,2,Episode 2,47
521,1,1,Episode 1,46
521,1,2,Episode 2,47
521,2,1,Episode 1,46
521,2,2,Episode 2,47
522,1,1,Episode 1,46
522,1,2,Episode 2,47
522,2,1,Episode 1,46
522,2,2,Episode 2,47
523,1,1,Episode 1,46
523,1,2,Episode 2,47
523,2,1,Episode 1,46
523,2,2,Episode 2,47
524,1,1,Episode 1,46
524,1,2,Episode 2,47
524,2,1,Episode 1,46
524,2,2,Episode 2,47
525,1,1,Episode 1,46
525,1,2,Episode 2,47
525,2,1,Episode 1,46
525,2,2,Episode 2,47
526,1,1,Episode 1,46
526,1,2,Episode 2,47
526,2,1,Episode 1,46
526,2,2,Episode 2,47
527,1,1,Episode 1,46
527,1,2,Episode 2,47
527,2,1,Episode 1,46
527,2,2,Episode 2,47
528,1,1,Episode 1,46
528,1,2,Episode 2,47
528,2,1,Episode 1,46
528,2,2,Episode 2,47
531,1,1,Episode 1,46
531,1,2,Episode 2,47
531,2,1,Episode 1,46
531,2,2,Episode 2,47
533,1,1,Episode 1,46
533,1,2,Episode 2,47
533,2,1,Episode 1,46
533,2,2,Episode 2,47
534,1,1,Episode 1,46
534,1,2,Episode 2,47
534,2,1,Episode 1,46
534,2,2,Episode 2,47
536,1,1,Episode 1,46
536,1,2,Episode 2,47
536,2,1,Episode 1,46
536,2,2,Episode 2,47
537,1,1,Episode 1,46
537,1,2,Episode 2,47
537,2,1,Episode 1,46
537,2,2,Episode 2,47
538,1,1,Episode 1,46
538,1,2,Episode 2,47
538,2,1,Episode 1,46
538,2,2,Episode 2,47
539,1,1,Episode 1,46
539,1,2,Episode 2,47
539,2,1,Episode 1,46
539,2,2,Episode 2,47
540,1,1,Episode 1,46
540,1,2,Episode 2,47
540,2,1,Episode 1,46
540,2,2,Episode 2,47
541,1,1,Episode 1,46
541,1,2,Episode 2,47
541,2,1,Episode 1,46
541,2,2,Episode 2,47
544,1,1,Episode 1,46
544,1,2,Episode 2,47
544,2,1,Episode 1,46
544,2,2,Episode 2,47
545,1,1,Episode 1,46
545,1,2,Episode 2,47
545,2,1,Episode 1,46
545,2,2,Episode 2,47
546,1,1,Episode 1,46
546,1,2,Episode 2,47
546,2,1,Episode 1,46
546,2,2,Episode 2,47
547,1,1,Episode 1,46
547,1,2,Episode 2,47
548,1,1,Episode 1,46
548,1,2,Episode 2,47
549,1,1,Episode 1,46
549,1,2,Episode 2,47
549,2,1,Episode 1,46
549,2,2,Episode 2,47
550,1,1,Episode 1,46
550,1,2,Episode 2,47
554,1,1,Episode 1,46
554,1,2,Episode 2,47
554,2,1,Episode 1,46
554,2,2,Episode 2,47
566,1,1,Episode 1,46
566,1,2,Episode 2,47
572,1,1,Episode 1,46
572,1,2,Episode 2,47
578,1,1,Episode 1,46
578,1,2,Episode 2,47
588,1,1,Episode 1,46
588,1,2,Episode 2,47
589,1,1,Episode 1,46
589,1,2,Episode 2,47
591,1,1,Episode 1,46
591,1,2,Episode 2,47
591,2,1,Episode 1,46
591,2,2,Episode 2,47
618,1,1,Episode 1,46
618,1,2,Episode 2,47
621,1,1,Episode 1,46
621,1,2,Episode 2,47
622,1,1,Episode 1,46
622,1,2,Episode 2,47
626,1,1,Episode 1,46
626,1,2,Episode 2,47
627,1,1,Episode 1,46
627,1,2,Episode 2,47
628,1,1,Episode 1,46
628,1,2,Episode 2,47
629,1,1,Episode 1,46
629,1,2,Episode 2,47
629,2,1,Episode 1,46
629,2,2,Episode 2,47
632,1,1,Episode 1,46
632,1,2,Episode 2,47
632,2,1,Episode 1,46
632,2,2,Episode 2,47
638,1,1,Episode 1,46
638,1,2,Episode 2,47
639,1,1,Episode 1,46
639,1,2,Episode 2,47
640,1,1,Episode 1,46
640,1,2,Episode 2,47
641,1,1,Episode 1,46
641,1,2,Episode 2,47
643,1,1,Episode 1,46
643,1,2,Episode 2,47
643,2,1,Episode 1,46
643,2,2,Episode 2,47
648,1,1,Episode 1,46
648,1,2,Episode 2,47
649,1,1,Episode 1,46
649,1,2,Episode 2,47
649,2,1,Episode 1,46
649,2,2,Episode 2,47
654,1,1,Episode 1,46
654,1,2,Episode 2,47
658,1,1,Episode 1,46
658,1,2,Episode 2,47
658,2,1,Episode 1,46
658,2,2,Episode 2,47
659,1,1,Episode 1,46
659,1,2,Episode 2,47
660,1,1,Episode 1,46
660,1,2,Episode 2,47
661,1,1,Episode 1,46
661,1,2,Episode 2,47
661,2,1,Episode 1,46
661,2,2,Episode 2,47
662,1,1,Episode 1,46
662,1,2,Episode 2,47
662,2,1,Episode 1,46
662,2,2,Episode 2,47
663,1,1,Episode 1,46
663,1,2,Episode 2,47
664,1,1,Episode 1,46
664,1,2,Episode 2,47
665,1,1,Episode 1,46
665,1,2,Episode 2,47
665,2,1,Episode 1,46
665,2,2,Episode 2,47
666,1,1,Episode 1,46
666,1,2,Episode 2,47
666,2,1,Episode 1,46
666,2,2,Episode 2,47
667,1,1,Episode 1,46
667,1,2,Episode 2,47
668,1,1,Episode 1,46
668,1,2,Episode 2,47
668,2,1,Episode 1,46
668,2,2,Episode 2,47
669,1,1,Episode 1,46
669,1,2,Episode 2,47
669,2,1,Episode 1,46
669,2,2,Episode 2,47
670,1,1,Episode 1,46
670,1,2,Episode 2,47
670,2,1,Episode 1,46
670,2,2,Episode 2,47
674,1,1,Episode 1,46
674,1,2,Episode 2,47
675,1,1,Episode 1,46
675,1,2,Episode 2,47
675,2,1,Episode 1,46
675,2,2,Episode 2,47
676,1,1,Episode 1,46
676,1,2,Episode 2,47
677,1,1,Episode 1,46
677,1,2,Episode 2,47
677,2,1,Episode 1,46
677,2,2,Episode 2,47
678,1,1,Episode 1,46
678,1,2,Episode 2,47
678,2,1,Episode 1,46
678,2,2,Episode 2,47
679,1,1,Episode 1,46
679,1,2,Episode 2,47
680,1,1,Episode 1,46
680,1,2,Episode 2,47
681,1,1,Episode 1,46
681,1,2,Episode 2,47
682,1,1,Episode 1,46
682,1,2,Episode 2,47
683,1,1,Episode 1,46
683,1,2,Episode 2,47
685,1,1,Episode 1,46
685,1,2,Episode 2,47
685,2,1,Episode 1,46
685,2,2,Episode 2,47
687,1,1,Episode 1,46
687,1,2,Episode 2,47
687,2,1,Episode 1,46
687,2,2,Episode 2,47
692,1,1,Episode 1,46
692,1,2,Episode 2,47
693,1,1,Episode 1,46
693,1,2,Episode 2,47
697,1,1,Episode 1,46
697,1,2,Episode 2,47
697,2,1,Episode 1,46
697,2,2,Episode 2,47
698,1,1,Episode 1,46
698,1,2,Episode 2,47
700,1,1,Episode 1,46
700,1,2,Episode 2,47
701,1,1,Episode 1,46
701,1,2,Episode 2,47
704,1,1,Episode 1,46
704,1,2,Episode 2,47
704,2,1,Episode 1,46
704,2,2,Episode 2,47
707,1,1,Episode 1,46
707,1,2,Episode 2,47
708,1,1,Episode 1,46
708,1,2,Episode 2,47
710,1,1,Episode 1,46
710,1,2,Episode 2,47
710,2,1,Episode 1,46
710,2,2,Episode 2,47
711,1,1,Episode 1,46
711,1,2,Episode 2,47
714,1,1,Episode 1,46
714,1,2,Episode 2,47
715,1,1,Episode 1,46
715,1,2,Episode 2,47
716,1,1,Episode 1,46
716,1,2,Episode 2,47
720,1,1,Episode 1,46
720,1,2,Episode 2,47
721,1,1,Episode 1,46
721,1,2,Episode 2,47
721,2,1,Episode 1,46
721,2,2,Episode 2,47
724,1,1,Episode 1,46
724,1,2,Episode 2,47
726,1,1,Episode 1,46
726,1,2,Episode 2,47
727,1,1,Episode 1,46
727,1,2,Episode 2,47
732,1,1,Episode 1,46
732,1,2,Episode 2,47
732,2,1,Episode 1,46
732,2,2,Episode 2,47
734,1,1,Episode 1,46
734,1,2,Episode 2,47
734,2,1,Episode 1,46
734,2,2,Episode 2,47
735,1,1,Episode 1,46
735,1,2,Episode 2,47
735,2,1,Episode 1,46
735,2,2,Episode 2,47
738,1,1,Episode 1,46
738,1,2,Episode 2,47
745,1,1,Episode 1,46
745,1,2,Episode 2,47
749,1,1,Episode 1,46
749,1,2,Episode 2,47
750,1,1,Episode 1,46
750,1,2,Episode 2,47
750,2,1,Episode 1,46
750,2,2,Episode 2,47
752,1,1,Episode 1,46
752,1,2,Episode 2,47
752,2,1,Episode 1,46
752,2,2,Episode 2,47
754,1,1,Episode 1,46
754,1,2,Episode 2,47
759,1,1,Episode 1,46
759,1,2,Episode 2,47
759,2,1,Episode 1,46
759,2,2,Episode 2,47
762,1,1,Episode 1,46
762,1,2,Episode 2,47
764,1,1,Episode 1,46
764,1,2,Episode 2,47
768,1,1,Episode 1,46
768,1,2,Episode 2,47
772,1,1,Episode 1,46
772,1,2,Episode 2,47
773,1,1,Episode 1,46
773,1,2,Episode 2,47
773,2,1,Episode 1,46
773,2,2,Episode 2,47
779,1,1,Episode 1,46
779,1,2,Episode 2,47
781,1,1,Episode 1,46
781,1,2,Episode 2,47
781,2,1,Episode 1,46
781,2,2,Episode 2,47
786,1,1,Episode 1,46
786,1,2,Episode 2,47
786,2,1,Episode 1,46
786,2,2,Episode 2,47
790,1,1,Episode 1,46
790,1,2,Episode 2,47
790,2,1,Episode 1,46
790,2,2,Episode 2,47
796,1,1,Episode 1,46
796,1,2,Episode 2,47
796,2,1,Episode 1,46
796,2,2,Episode 2,47
804,1,1,Episode 1,46
804,1,2,Episode 2,47
806,1,1,Episode 1,46
806,1,2,Episode 2,47
814,1,1,Episode 1,46
814,1,2,Episode 2,47
821,1,1,Episode 1,46
821,1,2,Episode 2,47
821,2,1,Episode 1,46
821,2,2,Episode 2,47
826,1,1,Episode 1,46
826,1,2,Episode 2,47
826,2,1,Episode 1,46
826,2,2,Episode 2,47
831,1,1,Episode 1,46
831,1,2,Episode 2,47
831,2,1,Episode 1,46
831,2,2,Episode 2,47
832,1,1,Episode 1,46
832,1,2,Episode 2,47
832,2,1,Episode 1,46
832,2,2,Episode 2,47
833,1,1,Episode 1,46
833,1,2,Episode 2,47
834,1,1,Episode 1,46
834,1,2,Episode 2,47
836,1,1,Episode 1,46
836,1,2,Episode 2,47
838,1,1,Episode 1,46
838,1,2,Episode 2,47
838,2,1,Episode 1,46
838,2,2,Episode 2,47
843,1,1,Episode 1,46
843,1,2,Episode 2,47
844,1,1,Episode 1,46
844,1,2,Episode 2,47
844,2,1,Episode 1,46
844,2,2,Episode 2,47
848,1,1,Episode 1,46
848,1,2,Episode 2,47
849,1,1,Episode 1,46
849,1,2,Episode 2,47
849,2,1,Episode 1,46
849,2,2,Episode 2,47
856,1,1,Episode 1,46
856,1,2,Episode 2,47
856,2,1,Episode 1,46
856,2,2,Episode 2,47
858,1,1,Episode 1,46
858,1,2,Episode 2,47
858,2,1,Episode 1,46
858,2,2,Episode 2,47
863,1,1,Episode 1,46
863,1,2,Episode 2,47
863,2,1,Episode 1,46
863,2,2,Episode 2,47
869,1,1,Episode 1,46
869,1,2,Episode 2,47
870,1,1,Episode 1,46
870,1,2,Episode 2,47
870,2,1,Episode 1,46
870,2,2,Episode 2,47
875,1,1,Episode 1,46
875,1,2,Episode 2,47
877,1,1,Episode 1,46
877,1,2,Episode 2,47
880,1,1,Episode 1,46
880,1,2,Episode 2,47
881,1,1,Episode 1,46
881,1,2,Episode 2,47
881,2,1,Episode 1,46
881,2,2,Episode 2,47
884,1,1,Episode 1,46
884,1,2,Episode 2,47
884,2,1,Episode 1,46
884,2,2,Episode 2,47
885,1,1,Episode 1,46
885,1,2,Episode 2,47
887,1,1,Episode 1,46
887,1,2,Episode 2,47
891,1,1,Episode 1,46
891,1,2,Episode 2,47
891,2,1,Episode 1,46
891,2,2,Episode 2,47
897,1,1,Episode 1,46
897,1,2,Episode 2,47
898,1,1,Episode 1,46
898,1,2,Episode 2,47
901,1,1,Episode 1,46
901,1,2,Episode 2,47
903,1,1,Episode 1,46
903,1,2,Episode 2,47
909,1,1,Episode 1,46
909,1,2,Episode 2,47
912,1,1,Episode 1,46
912,1,2,Episode 2,47
912,2,1,Episode 1,46
912,2,2,Episode 2,47
919,1,1,Episode 1,46
919,1,2,Episode 2,47
920,1,1,Episode 1,46
920,1,2,Episode 2,47
921,1,1,Episode 1,46
921,1,2,Episode 2,47
921,2,1,Episode 1,46
921,2,2,Episode 2,47
922,1,1,Episode 1,46
922,1,2,Episode 2,47
922,2,1,Episode 1,46
922,2,2,Episode 2,47
924,1,1,Episode 1,46
924,1,2,Episode 2,47
924,2,1,Episode 1,46
924,2,2,Episode 2,47
926,1,1,Episode 1,46
926,1,2,Episode 2,47
926,2,1,Episode 1,46
926,2,2,Episode 2,47
928,1,1,Episode 1,46
928,1,2,Episode 2,47
928,2,1,Episode 1,46
928,2,2,Episode 2,47
937,1,1,Episode 1,46
937,1,2,Episode 2,47
958,1,1,Episode 1,46
958,1,2,Episode 2,47
961,1,1,Episode 1,46
961,1,2,Episode 2,47
964,1,1,Episode 1,46
964,1,2,Episode 2,47
964,2,1,Episode 1,46
964,2,2,Episode 2,47
966,1,1,Episode 1,46
966,1,2,Episode 2,47
968,1,1,Episode 1,46
968,1,2,Episode 2,47
969,1,1,Episode 1,46
969,1,2,Episode 2,47
973,1,1,Episode 1,46
973,1,2,Episode 2,47
989,1,1,Episode 1,46
989,1,2,Episode 2,47
994,1,1,Episode 1,46
994,1,2,Episode 2,47
998,1,1,Episode 1,46
998,1,2,Episode 2,47
1004,1,1,Episode 1,46
1004,1,2,Episode 2,47
1005,1,1,Episode 1,46
1005,1,2,Episode 2,47
1005,2,1,Episode 1,46
1005,2,2,Episode 2,47
1013,1,1,Episode 1,46
1013,1,2,Episode 2,47
1013,2,1,Episode 1,46
1013,2,2,Episode 2,47
1015,1,1,Episode 1,46
1015,1,2,Episode 2,47
1015,2,1,Episode 1,46
1015,2,2,Episode 2,47
1026,1,1,Episode 1,46
1026,1,2,Episode 2,47
1033,1,1,Episode 1,46
1033,1,2,Episode 2,47
1039,1,1,Episode 1,46
1039,1,2,Episode 2,47
1041,1,1,Episode 1,46
1041,1,2,Episode 2,47
1043,1,1,Episode 1,46
1043,1,2,Episode 2,47
1044,1,1,Episode 1,46
1044,1,2,Episode 2,47
1044,2,1,Episode 1,46
1044,2,2,Episode 2,47
1045,1,1,Episode 1,46
1045,1,2,Episode 2,47
1046,1,1,Episode 1,46
1046,1,2,Episode 2,47
1048,1,1,Episode 1,46
1048,1,2,Episode 2,47
1049,1,1,Episode 1,46
1049,1,2,Episode 2,47
1049,2,1,Episode 1,46
1049,2,2,Episode 2,47
1050,1,1,Episode 1,46
1050,1,2,Episode 2,47
1052,1,1,Episode 1,46
1052,1,2,Episode 2,47
1052,2,1,Episode 1,46
1052,2,2,Episode 2,47
1057,1,1,Episode 1,46
1057,1,2,Episode 2,47
1058,1,1,Episode 1,46
1058,1,2,Episode 2,47
1059,1,1,Episode 1,46
1059,1,2,Episode 2,47
1060,1,1,Episode 1,46
1060,1,2,Episode 2,47
1060,2,1,Episode 1,46
1060,2,2,Episode 2,47
1061,1,1,Episode 1,46
1061,1,2,Episode 2,47
1062,1,1,Episode 1,46
1062,1,2,Episode 2,47
1063,1,1,Episode 1,46
1063,1,2,Episode 2,47
1064,1,1,Episode 1,46
1064,1,2,Episode 2,47
1065,1,1,Episode 1,46
1065,1,2,Episode 2,47
1066,1,1,Episode 1,46
1066,1,2,Episode 2,47
1066,2,1,Episode 1,46
1066,2,2,Episode 2,47
1068,1,1,Episode 1,46
1068,1,2,Episode 2,47
1069,1,1,Episode 1,46
1069,1,2,Episode 2,47
1076,1,1,Episode 1,46
1076,1,2,Episode 2,47
1080,1,1,Episode 1,46
1080,1,2,Episode 2,47
1082,1,1,Episode 1,46
1082,1,2,Episode 2,47
1082,2,1,Episode 1,46
1082,2,2,Episode 2,47
1083,1,1,Episode 1,46
1083,1,2,Episode 2,47
1085,1,1,Episode 1,46
1085,1,2,Episode 2,47
1092,1,1,Episode 1,46
1092,1,2,Episode 2,47
1094,1,1,Episode 1,46
1094,1,2,Episode 2,47
1094,2,1,Episode 1,46
1094,2,2,Episode 2,47
1095,1,1,Episode 1,46
1095,1,2,Episode 2,47
1096,1,1,Episode 1,46
1096,1,2,Episode 2,47
1117,1,1,Episode 1,46
1117,1,2,Episode 2,47
1124,1,1,Episode 1,46
1124,1,2,Episode 2,47
1124,2,1,Episode 1,46
1124,2,2,Episode 2,47
1126,1,1,Episode 1,46
1126,1,2,Episode 2,47
1126,2,1,Episode 1,46
1126,2,2,Episode 2,47
1128,1,1,Episode 1,46
1128,1,2,Episode 2,47
1128,2,1,Episode 1,46
1128,2,2,Episode 2,47
1130,1,1,Episode 1,46
1130,1,2,Episode 2,47
1130,2,1,Episode 1,46
1130,2,2,Episode 2,47
1144,1,1,Episode 1,46
1144,1,2,Episode 2,47
1147,1,1,Episode 1,46
1147,1,2,Episode 2,47
1149,1,1,Episode 1,46
1149,1,2,Episode 2,47
1149,2,1,Episode 1,46
1149,2,2,Episode 2,47
1150,1,1,Episode 1,46
1150,1,2,Episode 2,47
1153,1,1,Episode 1,46
1153,1,2,Episode 2,47
1159,1,1,Episode 1,46
1159,1,2,Episode 2,47
1159,2,1,Episode 1,46
1159,2,2,Episode 2,47
1164,1,1,Episode 1,46
1164,1,2,Episode 2,47
1167,1,1,Episode 1,46
1167,1,2,Episode 2,47
1169,1,1,Episode 1,46
1169,1,2,Episode 2,47
1170,1,1,Episode 1,46
1170,1,2,Episode 2,47
1174,1,1,Episode 1,46
1174,1,2,Episode 2,47
1174,2,1,Episode 1,46
1174,2,2,Episode 2,47
1175,1,1,Episode 1,46
1175,1,2,Episode 2,47
1180,1,1,Episode 1,46
1180,1,2,Episode 2,47
1180,2,1,Episode 1,46
1180,2,2,Episode 2,47
1181,1,1,Episode 1,46
1181,1,2,Episode 2,47
1181,2,1,Episode 1,46
1181,2,2,Episode 2,47
1182,1,1,Episode 1,46
1182,1,2,Episode 2,47
1183,1,1,Episode 1,46
1183,1,2,Episode 2,47
1183,2,1,Episode 1,46
1183,2,2,Episode 2,47
1187,1,1,Episode 1,46
1187,1,2,Episode 2,47
1187,2,1,Episode 1,46
1187,2,2,Episode 2,47
1197,1,1,Episode 1,46
1197,1,2,Episode 2,47
1201,1,1,Episode 1,46
1201,1,2,Episode 2,47
1202,1,1,Episode 1,46
1202,1,2,Episode 2,47
1206,1,1,Episode 1,46
1206,1,2,Episode 2,47
1207,1,1,Episode 1,46
1207,1,2,Episode 2,47
1211,1,1,Episode 1,46
1211,1,2,Episode 2,47
1211,2,1,Episode 1,46
1211,2,2,Episode 2,47
1214,1,1,Episode 1,46
1214,1,2,Episode 2,47
1214,2,1,Episode 1,46
1214,2,2,Episode 2,47
1218,1,1,Episode 1,46
1218,1,2,Episode 2,47
1224,1,1,Episode 1,46
1224,1,2,Episode 2,47
1225,1,1,Episode 1,46
1225,1,2,Episode 2,47
1226,1,1,Episode 1,46
1226,1,2,Episode 2,47
1227,1,1,Episode 1,46
1227,1,2,Episode 2,47
1228,1,1,Episode 1,46
1228,1,2,Episode 2,47
1230,1,1,Episode 1,46
1230,1,2,Episode 2,47
1232,1,1,Episode 1,46
1232,1,2,Episode 2,47
1235,1,1,Episode 1,46
1235,1,2,Episode 2,47
1236,1,1,Episode 1,46
1236,1,2,Episode 2,47
1236,2,1,Episode 1,46
1236,2,2,Episode 2,47
1239,1,1,Episode 1,46
1239,1,2,Episode 2,47
1243,1,1,Episode 1,46
1243,1,2,Episode 2,47
1246,1,1,Episode 1,46
1246,1,2,Episode 2,47
1246,2,1,Episode 1,46
1246,2,2,Episode 2,47
1247,1,1,Episode 1,46
1247,1,2,Episode 2,47
1258,1,1,Episode 1,46
1258,1,2,Episode 2,47
1269,1,1,Episode 1,46
1269,1,2,Episode 2,47
1271,1,1,Episode 1,46
1271,1,2,Episode 2,47
1271,2,1,Episode 1,46
1271,2,2,Episode 2,47
1272,1,1,Episode 1,46
1272,1,2,Episode 2,47
1273,1,1,Episode 1,46
1273,1,2,Episode 2,47
1275,1,1,Episode 1,46
1275,1,2,Episode 2,47
1276,1,1,Episode 1,46
1276,1,2,Episode 2,47
1278,1,1,Episode 1,46
1278,1,2,Episode 2,47
1278,2,1,Episode 1,46
1278,2,2,Episode 2,47
1283,1,1,Episode 1,46
1283,1,2,Episode 2,47
1286,1,1,Episode 1,46
1286,1,2,Episode 2,47
1294,1,1,Episode 1,46
1294,1,2,Episode 2,47
1295,1,1,Episode 1,46
1295,1,2,Episode 2,47
1297,1,1,Episode 1,46
1297,1,2,Episode 2,47
1299,1,1,Episode 1,46
1299,1,2,Episode 2,47
1300,1,1,Episode 1,46
1300,1,2,Episode 2,47
1301,1,1,Episode 1,46
1301,1,2,Episode 2,47
1302,1,1,Episode 1,46
1302,1,2,Episode 2,47
1303,1,1,Episode 1,46
1303,1,2,Episode 2,47
1303,2,1,Episode 1,46
1303,2,2,Episode 2,47
1307,1,1,Episode 1,46
1307,1,2,Episode 2,47
1307,2,1,Episode 1,46
1307,2,2,Episode 2,47
1309,1,1,Episode 1,46
1309,1,2,Episode 2,47
1309,2,1,Episode 1,46
1309,2,2,Episode 2,47
1311,1,1,Episode 1,46
1311,1,2,Episode 2,47
1314,1,1,Episode 1,46
1314,1,2,Episode 2,47
1315,1,1,Episode 1,46
1315,1,2,Episode 2,47
1315,2,1,Episode 1,46
1315,2,2,Episode 2,47
1318,1,1,Episode 1,46
1318,1,2,Episode 2,47
1321,1,1,Episode 1,46
1321,1,2,Episode 2,47
1322,1,1,Episode 1,46
1322,1,2,Episode 2,47
1329,1,1,Episode 1,46
1329,1,2,Episode 2,47
1332,1,1,Episode 1,46
1332,1,2,Episode 2,47
1333,1,1,Episode 1,46
1333,1,2,Episode 2,47
1333,2,1,Episode 1,46
1333,2,2,Episode 2,47
1336,1,1,Episode 1,46
1336,1,2,Episode 2,47
1336,2,1,Episode 1,46
1336,2,2,Episode 2,47
1339,1,1,Episode 1,46
1339,1,2,Episode 2,47
1339,2,1,Episode 1,46
1339,2,2,Episode 2,47
1340,1,1,Episode 1,46
1340,1,2,Episode 2,47
1349,1,1,Episode 1,46
1349,1,2,Episode 2,47
1350,1,1,Episode 1,46
1350,1,2,Episode 2,47
1351,1,1,Episode 1,46
1351,1,2,Episode 2,47
1351,2,1,Episode 1,46
1351,2,2,Episode 2,47
1353,1,1,Episode 1,46
1353,1,2,Episode 2,47
1353,2,1,Episode 1,46
1353,2,2,Episode 2,47
1355,1,1,Episode 1,46
1355,1,2,Episode 2,47
1355,2,1,Episode 1,46
1355,2,2,Episode 2,47
1356,1,1,Episode 1,46
1356,1,2,Episode 2,47
1357,1,1,Episode 1,46
1357,1,2,Episode 2,47
1361,1,1,Episode 1,46
1361,1,2,Episode 2,47
1362,1,1,Episode 1,46
1362,1,2,Episode 2,47
1363,1,1,Episode 1,46
1363,1,2,Episode 2,47
1363,2,1,Episode 1,46
1363,2,2,Episode 2,47
1364,1,1,Episode 1,46
1364,1,2,Episode 2,47
1364,2,1,Episode 1,46
1364,2,2,Episode 2,47
1366,1,1,Episode 1,46
1366,1,2,Episode 2,47
1366,2,1,Episode 1,46
1366,2,2,Episode 2,47
1372,1,1,Episode 1,46
1372,1,2,Episode 2,47
1374,1,1,Episode 1,46
1374,1,2,Episode 2,47
1376,1,1,Episode 1,46
1376,1,2,Episode 2,47
1376,2,1,Episode 1,46
1376,2,2,Episode 2,47
1378,1,1,Episode 1,46
1378,1,2,Episode 2,47
1378,2,1,Episode 1,46
1378,2,2,Episode 2,47
1381,1,1,Episode 1,46
1381,1,2,Episode 2,47
1384,1,1,Episode 1,46
1384,1,2,Episode 2,47
1384,2,1,Episode 1,46
1384,2,2,Episode 2,47
1385,1,1,Episode 1,46
1385,1,2,Episode 2,47
1385,2,1,Episode 1,46
1385,2,2,Episode 2,47
1386,1,1,Episode 1,46
1386,1,2,Episode 2,47
1393,1,1,Episode 1,46
1393,1,2,Episode 2,47
1395,1,1,Episode 1,46
1395,1,2,Episode 2,47
1396,1,1,Episode 1,46
1396,1,2,Episode 2,47
1396,2,1,Episode 1,46
1396,2,2,Episode 2,47
1401,1,1,Episode 1,46
1401,1,2,Episode 2,47
1402,1,1,Episode 1,46
1402,1,2,Episode 2,47
1402,2,1,Episode 1,46
1402,2,2,Episode 2,47
1403,1,1,Episode 1,46
1403,1,2,Episode 2,47
1403,2,1,Episode 1,46
1403,2,2,Episode 2,47
1405,1,1,Episode 1,46
1405,1,2,Episode 2,47
1405,2,1,Episode 1,46
1405,2,2,Episode 2,47
1409,1,1,Episode 1,46
1409,1,2,Episode 2,47
1409,2,1,Episode 1,46
1409,2,2,Episode 2,47
1417,1,1,Episode 1,46
1417,1,2,Episode 2,47
1420,1,1,Episode 1,46
1420,1,2,Episode 2,47
1420,2,1,Episode 1,46
1420,2,2,Episode 2,47
1428,1,1,Episode 1,46
1428,1,2,Episode 2,47
1428,2,1,Episode 1,46
1428,2,2,Episode 2,47
1430,1,1,Episode 1,46
1430,1,2,Episode 2,47
1431,1,1,Episode 1,46
1431,1,2,Episode 2,47
1433,1,1,Episode 1,46
1433,1,2,Episode 2,47
1433,2,1,Episode 1,46
1433,2,2,Episode 2,47
1438,1,1,Episode 1,46
1438,1,2,Episode 2,47
1440,1,1,Episode 1,46
1440,1,2,Episode 2,47
1441,1,1,Episode 1,46
1441,1,2,Episode 2,47
1441,2,1,Episode 1,46
1441,2,2,Episode 2,47
1443,1,1,Episode 1,46
1443,1,2,Episode 2,47
1444,1,1,Episode 1,46
1444,1,2,Episode 2,47
1449,1,1,Episode 1,46
1449,1,2,Episode 2,47
1449,2,1,Episode 1,46
1449,2,2,Episode 2,47
1450,1,1,Episode 1,46
1450,1,2,Episode 2,47
1450,2,1,Episode 1,46
1450,2,2,Episode 2,47
1456,1,1,Episode 1,46
1456,1,2,Episode 2,47
1458,1,1,Episode 1,46
1458,1,2,Episode 2,47
1461,1,1,Episode 1,46
1461,1,2,Episode 2,47
1461,2,1,Episode 1,46
1461,2,2,Episode 2,47
1463,1,1,Episode 1,46
1463,1,2,Episode 2,47
1464,1,1,Episode 1,46
1464,1,2,Episode 2,47
1466,1,1,Episode 1,46
1466,1,2,Episode 2,47
1466,2,1,Episode 1,46
1466,2,2,Episode 2,47
1474,1,1,Episode 1,46
1474,1,2,Episode 2,47
1474,2,1,Episode 1,46
1474,2,2,Episode 2,47
1477,1,1,Episode 1,46
1477,1,2,Episode 2,47
1478,1,1,Episode 1,46
1478,1,2,Episode 2,47
1479,1,1,Episode 1,46
1479,1,2,Episode 2,47
1480,1,1,Episode 1,46
1480,1,2,Episode 2,47
1481,1,1,Episode 1,46
1481,1,2,Episode 2,47
1481,2,1,Episode 1,46
1481,2,2,Episode 2,47
1483,1,1,Episode 1,46
1483,1,2,Episode 2,47
1484,1,1,Episode 1,46
1484,1,2,Episode 2,47
1488,1,1,Episode 1,46
1488,1,2,Episode 2,47
1490,1,1,Episode 1,46
1490,1,2,Episode 2,47
1490,2,1,Episode 1,46
1490,2,2,Episode 2,47
1493,1,1,Episode 1,46
1493,1,2,Episode 2,47
1504,1,1,Episode 1,46
1504,1,2,Episode 2,47
1506,1,1,Episode 1,46
1506,1,2,Episode 2,47
1507,1,1,Episode 1,46
1507,1,2,Episode 2,47
1507,2,1,Episode 1,46
1507,2,2,Episode 2,47
1509,1,1,Episode 1,46
1509,1,2,Episode 2,47
1515,1,1,Episode 1,46
1515,1,2,Episode 2,47
1517,1,1,Episode 1,46
1517,1,2,Episode 2,47
1517,2,1,Episode 1,46
1517,2,2,Episode 2,47
1521,1,1,Episode 1,46
1521,1,2,Episode 2,47
1528,1,1,Episode 1,46
1528,1,2,Episode 2,47
1528,2,1,Episode 1,46
1528,2,2,Episode 2,47
1529,1,1,Episode 1,46
1529,1,2,Episode 2,47
1531,1,1,Episode 1,46
1531,1,2,Episode 2,47
1533,1,1,Episode 1,46
1533,1,2,Episode 2,47
1534,1,1,Episode 1,46
1534,1,2,Episode 2,47
1536,1,1,Episode 1,46
1536,1,2,Episode 2,47
1539,1,1,Episode 1,46
1539,1,2,Episode 2,47
1540,1,1,Episode 1,46
1540,1,2,Episode 2,47
1542,1,1,Episode 1,46
1542,1,2,Episode 2,47
1544,1,1,Episode 1,46
1544,1,2,Episode 2,47
1544,2,1,Episode 1,46
1544,2,2,Episode 2,47
1546,1,1,Episode 1,46
1546,1,2,Episode 2,47
1546,2,1,Episode 1,46
1546,2,2,Episode 2,47
1547,1,1,Episode 1,46
1547,1,2,Episode 2,47
1547,2,1,Episode 1,46
1547,2,2,Episode 2,47
1548,1,1,Episode 1,46
1548,1,2,Episode 2,47
1548,2,1,Episode 1,46
1548,2,2,Episode 2,47
1549,1,1,Episode 1,46
1549,1,2,Episode 2,47
1549,2,1,Episode 1,46
1549,2,2,Episode 2,47
1552,1,1,Episode 1,46
1552,1,2,Episode 2,47
1552,2,1,Episode 1,46
1552,2,2,Episode 2,47
1553,1,1,Episode 1,46
1553,1,2,Episode 2,47
1555,1,1,Episode 1,46
1555,1,2,Episode 2,47
1556,1,1,Episode 1,46
1556,1,2,Episode 2,47
1556,2,1,Episode 1,46
1556,2,2,Episode 2,47
1560,1,1,Episode 1,46
1560,1,2,Episode 2,47
1563,1,1,Episode 1,46
1563,1,2,Episode 2,47
1565,1,1,Episode 1,46
1565,1,2,Episode 2,47
1570,1,1,Episode 1,46
1570,1,2,Episode 2,47
1570,2,1,Episode 1,46
1570,2,2,Episode 2,47
1571,1,1,Episode 1,46
1571,1,2,Episode 2,47
1573,1,1,Episode 1,46
1573,1,2,Episode 2,47
1573,2,1,Episode 1,46
1573,2,2,Episode 2,47
1574,1,1,Episode 1,46
1574,1,2,Episode 2,47
1574,2,1,Episode 1,46
1574,2,2,Episode 2,47
1575,1,1,Episode 1,46
1575,1,2,Episode 2,47
1579,1,1,Episode 1,46
1579,1,2,Episode 2,47
1580,1,1,Episode 1,46
1580,1,2,Episode 2,47
1580,2,1,Episode 1,46
1580,2,2,Episode 2,47
1584,1,1,Episode 1,46
1584,1,2,Episode 2,47
1586,1,1,Episode 1,46
1586,1,2,Episode 2,47
1587,1,1,Episode 1,46
1587,1,2,Episode 2,47
1588,1,1,Episode 1,46
1588,1,2,Episode 2,47
1590,1,1,Episode 1,46
1590,1,2,Episode 2,47
1591,1,1,Episode 1,46
1591,1,2,Episode 2,47
1591,2,1,Episode 1,46
1591,2,2,Episode 2,47
1594,1,1,Episode 1,46
1594,1,2,Episode 2,47
1597,1,1,Episode 1,46
1597,1,2,Episode 2,47
1597,2,1,Episode 1,46
1597,2,2,Episode 2,47
1604,1,1,Episode 1,46
1604,1,2,Episode 2,47
1606,1,1,Episode 1,46
1606,1,2,Episode 2,47
1606,2,1,Episode 1,46
1606,2,2,Episode 2,47
1612,1,1,Episode 1,46
1612,1,2,Episode 2,47
1612,2,1,Episode 1,46
1612,2,2,Episode 2,47
1615,1,1,Episode 1,46
1615,1,2,Episode 2,47
1616,1,1,Episode 1,46
1616,1,2,Episode 2,47
1616,2,1,Episode 1,46
1616,2,2,Episode 2,47
1619,1,1,Episode 1,46
1619,1,2,Episode 2,47
1619,2,1,Episode 1,46
1619,2,2,Episode 2,47
1620,1,1,Episode 1,46
1620,1,2,Episode 2,47
1623,1,1,Episode 1,46
1623,1,2,Episode 2,47
1623,2,1,Episode 1,46
1623,2,2,Episode 2,47
1624,1,1,Episode 1,46
1624,1,2,Episode 2,47
1626,1,1,Episode 1,46
1626,1,2,Episode 2,47
1628,1,1,Episode 1,46
1628,1,2,Episode 2,47
1629,1,1,Episode 1,46
1629,1,2,Episode 2,47
1635,1,1,Episode 1,46
1635,1,2,Episode 2,47
1639,1,1,Episode 1,46
1639,1,2,Episode 2,47
1640,1,1,Episode 1,46
1640,1,2,Episode 2,47
1640,2,1,Episode 1,46
1640,2,2,Episode 2,47
1641,1,1,Episode 1,46
1641,1,2,Episode 2,47
1642,1,1,Episode 1,46
1642,1,2,Episode 2,47
1642,2,1,Episode 1,46
1642,2,2,Episode 2,47
1650,1,1,Episode 1,46
1650,1,2,Episode 2,47
1650,2,1,Episode 1,46
1650,2,2,Episode 2,47
1655,1,1,Episode 1,46
1655,1,2,Episode 2,47
1659,1,1,Episode 1,46
1659,1,2,Episode 2,47
1662,1,1,Episode 1,46
1662,1,2,Episode 2,47
1668,1,1,Episode 1,46
1668,1,2,Episode 2,47
1668,2,1,Episode 1,46
1668,2,2,Episode 2,47
1669,1,1,Episode 1,46
1669,1,2,Episode 2,47
1671,1,1,Episode 1,46
1671,1,2,Episode 2,47
1673,1,1,Episode 1,46
1673,1,2,Episode 2,47
1685,1,1,Episode 1,46
1685,1,2,Episode 2,47
1688,1,1,Episode 1,46
1688,1,2,Episode 2,47
1688,2,1,Episode 1,46
1688,2,2,Episode 2,47
1689,1,1,Episode 1,46
1689,1,2,Episode 2,47
1693,1,1,Episode 1,46
1693,1,2,Episode 2,47
1693,2,1,Episode 1,46
1693,2,2,Episode 2,47
1694,1,1,Episode 1,46
1694,1,2,Episode 2,47
1697,1,1,Episode 1,46
1697,1,2,Episode 2,47
1697,2,1,Episode 1,46
1697,2,2,Episode 2,47
1698,1,1,Episode 1,46
1698,1,2,Episode 2,47
1698,2,1,Episode 1,46
1698,2,2,Episode 2,47
1699,1,1,Episode 1,46
1699,1,2,Episode 2,47
1699,2,1,Episode 1,46
1699,2,2,Episode 2,47
1702,1,1,Episode 1,46
1702,1,2,Episode 2,47
1702,2,1,Episode 1,46
1702,2,2,Episode 2,47
1707,1,1,Episode 1,46
1707,1,2,Episode 2,47
1709,1,1,Episode 1,46
1709,1,2,Episode 2,47
1712,1,1,Episode 1,46
1712,1,2,Episode 2,47
1716,1,1,Episode 1,46
1716,1,2,Episode 2,47
1717,1,1,Episode 1,46
1717,1,2,Episode 2,47
1718,1,1,Episode 1,46
1718,1,2,Episode 2,47
1719,1,1,Episode 1,46
1719,1,2,Episode 2,47
1722,1,1,Episode 1,46
1722,1,2,Episode 2,47
1723,1,1,Episode 1,46
1723,1,2,Episode 2,47
1724,1,1,Episode 1,46
1724,1,2,Episode 2,47
1725,1,1,Episode 1,46
1725,1,2,Episode 2,47
1727,1,1,Episode 1,46
1727,1,2,Episode 2,47
1731,1,1,Episode 1,46
1731,1,2,Episode 2,47
1734,1,1,Episode 1,46
1734,1,2,Episode 2,47
1738,1,1,Episode 1,46
1738,1,2,Episode 2,47
1741,1,1,Episode 1,46
1741,1,2,Episode 2,47
1747,1,1,Episode 1,46
1747,1,2,Episode 2,47
1747,2,1,Episode 1,46
1747,2,2,Episode 2,47
1749,1,1,Episode 1,46
1749,1,2,Episode 2,47
1751,1,1,Episode 1,46
1751,1,2,Episode 2,47
1751,2,1,Episode 1,46
1751,2,2,Episode 2,47
1755,1,1,Episode 1,46
1755,1,2,Episode 2,47
1756,1,1,Episode 1,46
1756,1,2,Episode 2,47
1756,2,1,Episode 1,46
1756,2,2,Episode 2,47
1757,1,1,Episode 1,46
1757,1,2,Episode 2,47
1758,1,1,Episode 1,46
1758,1,2,Episode 2,47
1759,1,1,Episode 1,46
1759,1,2,Episode 2,47
1759,2,1,Episode 1,46
1759,2,2,Episode 2,47
1760,1,1,Episode 1,46
1760,1,2,Episode 2,47
1760,2,1,Episode 1,46
1760,2,2,Episode 2,47
1761,1,1,Episode 1,46
1761,1,2,Episode 2,47
1766,1,1,Episode 1,46
1766,1,2,Episode 2,47
1766,2,1,Episode 1,46
1766,2,2,Episode 2,47
1767,1,1,Episode 1,46
1767,1,2,Episode 2,47
1770,1,1,Episode 1,46
1770,1,2,Episode 2,47
1770,2,1,Episode 1,46
1770,2,2,Episode 2,47
1772,1,1,Episode 1,46
1772,1,2,Episode 2,47
1774,1,1,Episode 1,46
1774,1,2,Episode 2,47
1779,1,1,Episode 1,46
1779,1,2,Episode 2,47
1779,2,1,Episode 1,46
1779,2,2,Episode 2,47
1780,1,1,Episode 1,46
1780,1,2,Episode 2,47
1780,2,1,Episode 1,46
1780,2,2,Episode 2,47
1782,1,1,Episode 1,46
1782,1,2,Episode 2,47
1782,2,1,Episode 1,46
1782,2,2,Episode 2,47
1783,1,1,Episode 1,46
1783,1,2,Episode 2,47
1783,2,1,Episode 1,46
1783,2,2,Episode 2,47
1791,1,1,Episode 1,46
1791,1,2,Episode 2,47
1792,1,1,Episode 1,46
1792,1,2,Episode 2,47
1792,2,1,Episode 1,46
1792,2,2,Episode 2,47
1795,1,1,Episode 1,46
1795,1,2,Episode 2,47
1800,1,1,Episode 1,46
1800,1,2,Episode 2,47
1801,1,1,Episode 1,46
1801,1,2,Episode 2,47
1804,1,1,Episode 1,46
1804,1,2,Episode 2,47
1805,1,1,Episode 1,46
1805,1,2,Episode 2,47
1814,1,1,Episode 1,46
1814,1,2,Episode 2,47
1814,2,1,Episode 1,46
1814,2,2,Episode 2,47
1829,1,1,Episode 1,46
1829,1,2,Episode 2,47
1829,2,1,Episode 1,46
1829,2,2,Episode 2,47
1835,1,1,Episode 1,46
1835,1,2,Episode 2,47
1838,1,1,Episode 1,46
1838,1,2,Episode 2,47
1840,1,1,Episode 1,46
1840,1,2,Episode 2,47
1841,1,1,Episode 1,46
1841,1,2,Episode 2,47
1842,1,1,Episode 1,46
1842,1,2,Episode 2,47
1842,2,1,Episode 1,46
1842,2,2,Episode 2,47
1848,1,1,Episode 1,46
1848,1,2,Episode 2,47
1848,2,1,Episode 1,46
1848,2,2,Episode 2,47
1849,1,1,Episode 1,46
1849,1,2,Episode 2,47
1849,2,1,Episode 1,46
1849,2,2,Episode 2,47
1852,1,1,Episode 1,46
1852,1,2,Episode 2,47
1852,2,1,Episode 1,46
1852,2,2,Episode 2,47
1853,1,1,Episode 1,46
1853,1,2,Episode 2,47
1853,2,1,Episode 1,46
1853,2,2,Episode 2,47
1855,1,1,Episode 1,46
1855,1,2,Episode 2,47
1861,1,1,Episode 1,46
1861,1,2,Episode 2,47
1865,1,1,Episode 1,46
1865,1,2,Episode 2,47
1865,2,1,Episode 1,46
1865,2,2,Episode 2,47
1869,1,1,Episode 1,46
1869,1,2,Episode 2,47
1874,1,1,Episode 1,46
1874,1,2,Episode 2,47
1876,1,1,Episode 1,46
1876,1,2,Episode 2,47
1878,1,1,Episode 1,46
1878,1,2,Episode 2,47
1879,1,1,Episode 1,46
1879,1,2,Episode 2,47
1879,2,1,Episode 1,46
1879,2,2,Episode 2,47
1881,1,1,Episode 1,46
1881,1,2,Episode 2,47
1886,1,1,Episode 1,46
1886,1,2,Episode 2,47
1890,1,1,Episode 1,46
1890,1,2,Episode 2,47
1891,1,1,Episode 1,46
1891,1,2,Episode 2,47
1894,1,1,Episode 1,46
1894,1,2,Episode 2,47
1895,1,1,Episode 1,46
1895,1,2,Episode 2,47
1896,1,1,Episode 1,46
1896,1,2,Episode 2,47
1896,2,1,Episode 1,46
1896,2,2,Episode 2,47
1907,1,1,Episode 1,46
1907,1,2,Episode 2,47
1908,1,1,Episode 1,46
1908,1,2,Episode 2,47
1909,1,1,Episode 1,46
1909,1,2,Episode 2,47
1909,2,1,Episode 1,46
1909,2,2,Episode 2,47
1911,1,1,Episode 1,46
1911,1,2,Episode 2,47
1915,1,1,Episode 1,46
1915,1,2,Episode 2,47
1916,1,1,Episode 1,46
1916,1,2,Episode 2,47
1918,1,1,Episode 1,46
1918,1,2,Episode 2,47
1919,1,1,Episode 1,46
1919,1,2,Episode 2,47
1919,2,1,Episode 1,46
1919,2,2,Episode 2,47
1923,1,1,Episode 1,46
1923,1,2,Episode 2,47
1923,2,1,Episode 1,46
1923,2,2,Episode 2,47
1924,1,1,Episode 1,46
1924,1,2,Episode 2,47
1926,1,1,Episode 1,46
1926,1,2,Episode 2,47
1929,1,1,Episode 1,46
1929,1,2,Episode 2,47
1929,2,1,Episode 1,46
1929,2,2,Episode 2,47
1930,1,1,Episode 1,46
1930,1,2,Episode 2,47
1930,2,1,Episode 1,46
1930,2,2,Episode 2,47
1934,1,1,Episode 1,46
1934,1,2,Episode 2,47
1934,2,1,Episode 1,46
1934,2,2,Episode 2,47
1948,1,1,Episode 1,46
1948,1,2,Episode 2,47
1949,1,1,Episode 1,46
1949,1,2,Episode 2,47
1949,2,1,Episode 1,46
1949,2,2,Episode 2,47
1950,1,1,Episode 1,46
1950,1,2,Episode 2,47
1950,2,1,Episode 1,46
1950,2,2,Episode 2,47
1952,1,1,Episode 1,46
1952,1,2,Episode 2,47
1953,1,1,Episode 1,46
1953,1,2,Episode 2,47
1953,2,1,Episode 1,46
1953,2,2,Episode 2,47
1955,1,1,Episode 1,46
1955,1,2,Episode 2,47
1956,1,1,Episode 1,46
1956,1,2,Episode 2,47
1959,1,1,Episode 1,46
1959,1,2,Episode 2,47
1959,2,1,Episode 1,46
1959,2,2,Episode 2,47
1962,1,1,Episode 1,46
1962,1,2,Episode 2,47
1974,1,1,Episode 1,46
1974,1,2,Episode 2,47
1979,1,1,Episode 1,46
1979,1,2,Episode 2,47
1980,1,1,Episode 1,46
1980,1,2,Episode 2,47
1981,1,1,Episode 1,46
1981,1,2,Episode 2,47
1981,2,1,Episode 1,46
1981,2,2,Episode 2,47
1984,1,1,Episode 1,46
1984,1,2,Episode 2,47
1989,1,1,Episode 1,46
1989,1,2,Episode 2,47
1990,1,1,Episode 1,46
1990,1,2,Episode 2,47
1990,2,1,Episode 1,46
1990,2,2,Episode 2,47
1991,1,1,Episode 1,46
1991,1,2,Episode 2,47
1992,1,1,Episode 1,46
1992,1,2,Episode 2,47
1992,2,1,Episode 1,46
1992,2,2,Episode 2,47
1994,1,1,Episode 1,46
1994,1,2,Episode 2,47
1994,2,1,Episode 1,46
1994,2,2,Episode 2,47
1995,1,1,Episode 1,46
1995,1,2,Episode 2,47
1999,1,1,Episode 1,46
1999,1,2,Episode 2,47
1999,2,1,Episode 1,46
1999,2,2,Episode 2,47
2003,1,1,Episode 1,46
2003,1,2,Episode 2,47
2003,2,1,Episode 1,46
2003,2,2,Episode 2,47
2007,1,1,Episode 1,46
2007,1,2,Episode 2,47
2007,2,1,Episode 1,46
2007,2,2,Episode 2,47
2009,1,1,Episode 1,46
2009,1,2,Episode 2,47
2009,2,1,Episode 1,46
2009,2,2,Episode 2,47
2010,1,1,Episode 1,46
2010,1,2,Episode 2,47
2010,2,1,Episode 1,46
2010,2,2,Episode 2,47
2013,1,1,Episode 1,46
2013,1,2,Episode 2,47
2014,1,1,Episode 1,46
2014,1,2,Episode 2,47
2022,1,1,Episode 1,46
2022,1,2,Episode 2,47
2022,2,1,Episode 1,46
2022,2,2,Episode 2,47
2023,1,1,Episode 1,46
2023,1,2,Episode 2,47
2033,1,1,Episode 1,46
2033,1,2,Episode 2,47
2034,1,1,Episode 1,46
2034,1,2,Episode 2,47
2038,1,1,Episode 1,46
2038,1,2,Episode 2,47
2041,1,1,Episode 1,46
2041,1,2,Episode 2,47
2041,2,1,Episode 1,46
2041,2,2,Episode 2,47
2043,1,1,Episode 1,46
2043,1,2,Episode 2,47
2045,1,1,Episode 1,46
2045,1,2,Episode 2,47
2048,1,1,Episode 1,46
2048,1,2,Episode 2,47
2048,2,1,Episode 1,46
2048,2,2,Episode 2,47
2054,1,1,Episode 1,46
2054,1,2,Episode 2,47
2055,1,1,Episode 1,46
2055,1,2,Episode 2,47
2059,1,1,Episode 1,46
2059,1,2,Episode 2,47
2063,1,1,Episode 1,46
2063,1,2,Episode 2,47
2063,2,1,Episode 1,46
2063,2,2,Episode 2,47
2064,1,1,Episode 1,46
2064,1,2,Episode 2,47
2065,1,1,Episode 1,46
2065,1,2,Episode 2,47
2065,2,1,Episode 1,46
2065,2,2,Episode 2,47
2067,1,1,Episode 1,46
2067,1,2,Episode 2,47
2069,1,1,Episode 1,46
2069,1,2,Episode 2,47
2070,1,1,Episode 1,46
2070,1,2,Episode 2,47
2070,2,1,Episode 1,46
2070,2,2,Episode 2,47
2071,1,1,Episode 1,46
2071,1,2,Episode 2,47
2074,1,1,Episode 1,46
2074,1,2,Episode 2,47
2074,2,1,Episode 1,46
2074,2,2,Episode 2,47
2079,1,1,Episode 1,46
2079,1,2,Episode 2,47
2081,1,1,Episode 1,46
2081,1,2,Episode 2,47
2081,2,1,Episode 1,46
2081,2,2,Episode 2,47
2086,1,1,Episode 1,46
2086,1,2,Episode 2,47
2087,1,1,Episode 1,46
2087,1,2,Episode 2,47
2090,1,1,Episode 1,46
2090,1,2,Episode 2,47
2090,2,1,Episode 1,46
2090,2,2,Episode 2,47
2094,1,1,Episode 1,46
2094,1,2,Episode 2,47
2097,1,1,Episode 1,46
2097,1,2,Episode 2,47
2099,1,1,Episode 1,46
2099,1,2,Episode 2,47
2100,1,1,Episode 1,46
2100,1,2,Episode 2,47
2100,2,1,Episode 1,46
2100,2,2,Episode 2,47
2102,1,1,Episode 1,46
2102,1,2,Episode 2,47
2103,1,1,Episode 1,46
2103,1,2,Episode 2,47
2106,1,1,Episode 1,46
2106,1,2,Episode 2,47
2107,1,1,Episode 1,46
2107,1,2,Episode 2,47
2107,2,1,Episode 1,46
2107,2,2,Episode 2,47
2109,1,1,Episode 1,46
2109,1,2,Episode 2,47
2113,1,1,Episode 1,46
2113,1,2,Episode 2,47
2114,1,1,Episode 1,46
2114,1,2,Episode 2,47
2119,1,1,Episode 1,46
2119,1,2,Episode 2,47
2119,2,1,Episode 1,46
2119,2,2,Episode 2,47
2123,1,1,Episode 1,46
2123,1,2,Episode 2,47
2123,2,1,Episode 1,46
2123,2,2,Episode 2,47
2124,1,1,Episode 1,46
2124,1,2,Episode 2,47
2125,1,1,Episode 1,46
2125,1,2,Episode 2,47
2125,2,1,Episode 1,46
2125,2,2,Episode 2,47
2126,1,1,Episode 1,46
2126,1,2,Episode 2,47
2126,2,1,Episode 1,46
2126,2,2,Episode 2,47
2128,1,1,Episode 1,46
2128,1,2,Episode 2,47
2128,2,1,Episode 1,46
2128,2,2,Episode 2,47
2134,1,1,Episode 1,46
2134,1,2,Episode 2,47
2135,1,1,Episode 1,46
2135,1,2,Episode 2,47
2136,1,1,Episode 1,46
2136,1,2,Episode 2,47
2136,2,1,Episode 1,46
2136,2,2,Episode 2,47
2137,1,1,Episode 1,46
2137,1,2,Episode 2,47
2141,1,1,Episode 1,46
2141,1,2,Episode 2,47
2145,1,1,Episode 1,46
2145,1,2,Episode 2,47
2146,1,1,Episode 1,46
2146,1,2,Episode 2,47
2146,2,1,Episode 1,46
2146,2,2,Episode 2,47
2149,1,1,Episode 1,46
2149,1,2,Episode 2,47
2152,1,1,Episode 1,46
2152,1,2,Episode 2,47
2152,2,1,Episode 1,46
2152,2,2,Episode 2,47
2153,1,1,Episode 1,46
2153,1,2,Episode 2,47
2153,2,1,Episode 1,46
2153,2,2,Episode 2,47
2154,1,1,Episode 1,46
2154,1,2,Episode 2,47
2157,1,1,Episode 1,46
2157,1,2,Episode 2,47
2158,1,1,Episode 1,46
2158,1,2,Episode 2,47
2159,1,1,Episode 1,46
2159,1,2,Episode 2,47
2161,1,1,Episode 1,46
2161,1,2,Episode 2,47
2161,2,1,Episode 1,46
2161,2,2,Episode 2,47
2163,1,1,Episode 1,46
2163,1,2,Episode 2,47
2163,2,1,Episode 1,46
2163,2,2,Episode 2,47
2166,1,1,Episode 1,46
2166,1,2,Episode 2,47
2169,1,1,Episode 1,46
2169,1,2,Episode 2,47
2171,1,1,Episode 1,46
2171,1,2,Episode 2,47
2174,1,1,Episode 1,46
2174,1,2,Episode 2,47
2174,2,1,Episode 1,46
2174,2,2,Episode 2,47
2175,1,1,Episode 1,46
2175,1,2,Episode 2,47
2176,1,1,Episode 1,46
2176,1,2,Episode 2,47
2179,1,1,Episode 1,46
2179,1,2,Episode 2,47
2181,1,1,Episode 1,46
2181,1,2,Episode 2,47
2182,1,1,Episode 1,46
2182,1,2,Episode 2,47
2182,2,1,Episode 1,46
2182,2,2,Episode 2,47
2185,1,1,Episode 1,46
2185,1,2,Episode 2,47
2190,1,1,Episode 1,46
2190,1,2,Episode 2,47
2190,2,1,Episode 1,46
2190,2,2,Episode 2,47
2191,1,1,Episode 1,46
2191,1,2,Episode 2,47
2191,2,1,Episode 1,46
2191,2,2,Episode 2,47
2193,1,1,Episode 1,46
2193,1,2,Episode 2,47
2195,1,1,Episode 1,46
2195,1,2,Episode 2,47
2202,1,1,Episode 1,46
2202,1,2,Episode 2,47
2202,2,1,Episode 1,46
2202,2,2,Episode 2,47
2204,1,1,Episode 1,46
2204,1,2,Episode 2,47
2204,2,1,Episode 1,46
2204,2,2,Episode 2,47
2213,1,1,Episode 1,46
2213,1,2,Episode 2,47
2215,1,1,Episode 1,46
2215,1,2,Episode 2,47
2218,1,1,Episode 1,46
2218,1,2,Episode 2,47
2219,1,1,Episode 1,46
2219,1,2,Episode 2,47
2219,2,1,Episode 1,46
2219,2,2,Episode 2,47
2223,1,1,Episode 1,46
2223,1,2,Episode 2,47
2224,1,1,Episode 1,46
2224,1,2,Episode 2,47
2226,1,1,Episode 1,46
2226,1,2,Episode 2,47
2227,1,1,Episode 1,46
2227,1,2,Episode 2,47
2228,1,1,Episode 1,46
2228,1,2,Episode 2,47
2230,1,1,Episode 1,46
2230,1,2,Episode 2,47
2230,2,1,Episode 1,46
2230,2,2,Episode 2,47
2231,1,1,Episode 1,46
2231,1,2,Episode 2,47
2236,1,1,Episode 1,46
2236,1,2,Episode 2,47
2238,1,1,Episode 1,46
2238,1,2,Episode 2,47
2239,1,1,Episode 1,46
2239,1,2,Episode 2,47
2239,2,1,Episode 1,46
2239,2,2,Episode 2,47
2242,1,1,Episode 1,46
2242,1,2,Episode 2,47
2246,1,1,Episode 1,46
2246,1,2,Episode 2,47
2247,1,1,Episode 1,46
2247,1,2,Episode 2,47
2250,1,1,Episode 1,46
2250,1,2,Episode 2,47
2252,1,1,Episode 1,46
2252,1,2,Episode 2,47
2254,1,1,Episode 1,46
2254,1,2,Episode 2,47
2255,1,1,Episode 1,46
2255,1,2,Episode 2,47
2255,2,1,Episode 1,46
2255,2,2,Episode 2,47
2256,1,1,Episode 1,46
2256,1,2,Episode 2,47
2259,1,1,Episode 1,46
2259,1,2,Episode 2,47
2276,1,1,Episode 1,46
2276,1,2,Episode 2,47
2293,1,1,Episode 1,46
2293,1,2,Episode 2,47
2293,2,1,Episode 1,46
2293,2,2,Episode 2,47
2294,1,1,Episode 1,46
2294,1,2,Episode 2,47
2294,2,1,Episode 1,46
2294,2,2,Episode 2,47
2298,1,1,Episode 1,46
2298,1,2,Episode 2,47
2299,1,1,Episode 1,46
2299,1,2,Episode 2,47
2300,1,1,Episode 1,46
2300,1,2,Episode 2,47
2302,1,1,Episode 1,46
2302,1,2,Episode 2,47
2304,1,1,Episode 1,46
2304,1,2,Episode 2,47
2306,1,1,Episode 1,46
2306,1,2,Episode 2,47
2307,1,1,Episode 1,46
2307,1,2,Episode 2,47
2308,1,1,Episode 1,46
2308,1,2,Episode 2,47
2314,1,1,Episode 1,46
2314,1,2,Episode 2,47
2319,1,1,Episode 1,46
2319,1,2,Episode 2,47
2321,1,1,Episode 1,46
2321,1,2,Episode 2,47
2323,1,1,Episode 1,46
2323,1,2,Episode 2,47
2328,1,1,Episode 1,46
2328,1,2,Episode 2,47
2328,2,1,Episode 1,46
2328,2,2,Episode 2,47
2330,1,1,Episode 1,46
2330,1,2,Episode 2,47
2332,1,1,Episode 1,46
2332,1,2,Episode 2,47
2338,1,1,Episode 1,46
2338,1,2,Episode 2,47
2344,1,1,Episode 1,46
2344,1,2,Episode 2,47
2347,1,1,Episode 1,46
2347,1,2,Episode 2,47
2347,2,1,Episode 1,46
2347,2,2,Episode 2,47
2350,1,1,Episode 1,46
2350,1,2,Episode 2,47
2353,1,1,Episode 1,46
2353,1,2,Episode 2,47
2353,2,1,Episode 1,46
2353,2,2,Episode 2,47
2358,1,1,Episode 1,46
2358,1,2,Episode 2,47
2360,1,1,Episode 1,46
2360,1,2,Episode 2,47
2360,2,1,Episode 1,46
2360,2,2,Episode 2,47
2363,1,1,Episode 1,46
2363,1,2,Episode 2,47
2363,2,1,Episode 1,46
2363,2,2,Episode 2,47
2379,1,1,Episode 1,46
2379,1,2,Episode 2,47
2379,2,1,Episode 1,46
2379,2,2,Episode 2,47
2384,1,1,Episode 1,46
2384,1,2,Episode 2,47
2384,2,1,Episode 1,46
2384,2,2,Episode 2,47
2389,1,1,Episode 1,46
2389,1,2,Episode 2,47
2389,2,1,Episode 1,46
2389,2,2,Episode 2,47
2391,1,1,Episode 1,46
2391,1,2,Episode 2,47
2391,2,1,Episode 1,46
2391,2,2,Episode 2,47
2395,1,1,Episode 1,46
2395,1,2,Episode 2,47
2395,2,1,Episode 1,46
2395,2,2,Episode 2,47
2396,1,1,Episode 1,46
2396,1,2,Episode 2,47
2396,2,1,Episode 1,46
2396,2,2,Episode 2,47
2397,1,1,Episode 1,46
2397,1,2,Episode 2,47
2400,1,1,Episode 1,46
2400,1,2,Episode 2,47
2400,2,1,Episode 1,46
2400,2,2,Episode 2,47
2401,1,1,Episode 1,46
2401,1,2,Episode 2,47
2402,1,1,Episode 1,46
2402,1,2,Episode 2,47
2405,1,1,Episode 1,46
2405,1,2,Episode 2,47
2406,1,1,Episode 1,46
2406,1,2,Episode 2,47
2406,2,1,Episode 1,46
2406,2,2,Episode 2,47
2407,1,1,Episode 1,46
2407,1,2,Episode 2,47
2409,1,1,Episode 1,46
2409,1,2,Episode 2,47
2410,1,1,Episode 1,46
2410,1,2,Episode 2,47
2416,1,1,Episode 1,46
2416,1,2,Episode 2,47
2416,2,1,Episode 1,46
2416,2,2,Episode 2,47
2418,1,1,Episode 1,46
2418,1,2,Episode 2,47
2418,2,1,Episode 1,46
2418,2,2,Episode 2,47
2423,1,1,Episode 1,46
2423,1,2,Episode 2,47
2423,2,1,Episode 1,46
2423,2,2,Episode 2,47
2424,1,1,Episode 1,46
2424,1,2,Episode 2,47
2424,2,1,Episode 1,46
2424,2,2,Episode 2,47
2427,1,1,Episode 1,46
2427,1,2,Episode 2,47
2427,2,1,Episode 1,46
2427,2,2,Episode 2,47
2433,1,1,Episode 1,46
2433,1,2,Episode 2,47
2445,1,1,Episode 1,46
2445,1,2,Episode 2,47
2445,2,1,Episode 1,46
2445,2,2,Episode 2,47
2448,1,1,Episode 1,46
2448,1,2,Episode 2,47
2450,1,1,Episode 1,46
2450,1,2,Episode 2,47
2451,1,1,Episode 1,46
2451,1,2,Episode 2,47
2451,2,1,Episode 1,46
2451,2,2,Episode 2,47
2453,1,1,Episode 1,46
2453,1,2,Episode 2,47
2454,1,1,Episode 1,46
2454,1,2,Episode 2,47
2460,1,1,Episode 1,46
2460,1,2,Episode 2,47
2462,1,1,Episode 1,46
2462,1,2,Episode 2,47
2462,2,1,Episode 1,46
2462,2,2,Episode 2,47
2463,1,1,Episode 1,46
2463,1,2,Episode 2,47
2467,1,1,Episode 1,46
2467,1,2,Episode 2,47
2467,2,1,Episode 1,46
2467,2,2,Episode 2,47
2471,1,1,Episode 1,46
2471,1,2,Episode 2,47
2471,2,1,Episode 1,46
2471,2,2,Episode 2,47
2473,1,1,Episode 1,46
2473,1,2,Episode 2,47
2474,1,1,Episode 1,46
2474,1,2,Episode 2,47
2474,2,1,Episode 1,46
2474,2,2,Episode 2,47
2477,1,1,Episode 1,46
2477,1,2,Episode 2,47
2481,1,1,Episode 1,46
2481,1,2,Episode 2,47
2481,2,1,Episode 1,46
2481,2,2,Episode 2,47
2487,1,1,Episode 1,46
2487,1,2,Episode 2,47
2496,1,1,Episode 1,46
2496,1,2,Episode 2,47
2500,1,1,Episode 1,46
2500,1,2,Episode 2,47
2508,1,1,Episode 1,46
2508,1,2,Episode 2,47
2509,1,1,Episode 1,46
2509,1,2,Episode 2,47
2515,1,1,Episode 1,46
2515,1,2,Episode 2,47
2516,1,1,Episode 1,46
2516,1,2,Episode 2,47
2516,2,1,Episode 1,46
2516,2,2,Episode 2,47
2518,1,1,Episode 1,46
2518,1,2,Episode 2,47
2519,1,1,Episode 1,46
2519,1,2,Episode 2,47
2520,1,1,Episode 1,46
2520,1,2,Episode 2,47
2520,2,1,Episode 1,46
2520,2,2,Episode 2,47
2523,1,1,Episode 1,46
2523,1,2,Episode 2,47
2524,1,1,Episode 1,46
2524,1,2,Episode 2,47
2524,2,1,Episode 1,46
2524,2,2,Episode 2,47
2525,1,1,Episode 1,46
2525,1,2,Episode 2,47
2525,2,1,Episode 1,46
2525,2,2,Episode 2,47
2526,1,1,Episode 1,46
2526,1,2,Episode 2,47
2527,1,1,Episode 1,46
2527,1,2,Episode 2,47
2527,2,1,Episode 1,46
2527,2,2,Episode 2,47
2528,1,1,Episode 1,46
2528,1,2,Episode 2,47
2529,1,1,Episode 1,46
2529,1,2,Episode 2,47
2530,1,1,Episode 1,46
2530,1,2,Episode 2,47
2530,2,1,Episode 1,46
2530,2,2,Episode 2,47
2531,1,1,Episode 1,46
2531,1,2,Episode 2,47
2543,1,1,Episode 1,46
2543,1,2,Episode 2,47
2547,1,1,Episode 1,46
2547,1,2,Episode 2,47
2547,2,1,Episode 1,46
2547,2,2,Episode 2,47
2549,1,1,Episode 1,46
2549,1,2,Episode 2,47
2552,1,1,Episode 1,46
2552,1,2,Episode 2,47
2552,2,1,Episode 1,46
2552,2,2,Episode 2,47
2553,1,1,Episode 1,46
2553,1,2,Episode 2,47
2553,2,1,Episode 1,46
2553,2,2,Episode 2,47
2554,1,1,Episode 1,46
2554,1,2,Episode 2,47
2555,1,1,Episode 1,46
2555,1,2,Episode 2,47
2555,2,1,Episode 1,46
2555,2,2,Episode 2,47
2558,1,1,Episode 1,46
2558,1,2,Episode 2,47
2558,2,1,Episode 1,46
2558,2,2,Episode 2,47
2566,1,1,Episode 1,46
2566,1,2,Episode 2,47
2569,1,1,Episode 1,46
2569,1,2,Episode 2,47
2570,1,1,Episode 1,46
2570,1,2,Episode 2,47
2575,1,1,Episode 1,46
2575,1,2,Episode 2,47
2576,1,1,Episode 1,46
2576,1,2,Episode 2,47
2581,1,1,Episode 1,46
2581,1,2,Episode 2,47
2584,1,1,Episode 1,46
2584,1,2,Episode 2,47
2584,2,1,Episode 1,46
2584,2,2,Episode 2,47
2586,1,1,Episode 1,46
2586,1,2,Episode 2,47
2586,2,1,Episode 1,46
2586,2,2,Episode 2,47
2587,1,1,Episode 1,46
2587,1,2,Episode 2,47
2589,1,1,Episode 1,46
2589,1,2,Episode 2,47
2591,1,1,Episode 1,46
2591,1,2,Episode 2,47
2599,1,1,Episode 1,46
2599,1,2,Episode 2,47
2600,1,1,Episode 1,46
2600,1,2,Episode 2,47
2600,2,1,Episode 1,46
2600,2,2,Episode 2,47
2601,1,1,Episode 1,46
2601,1,2,Episode 2,47
2601,2,1,Episode 1,46
2601,2,2,Episode 2,47
2603,1,1,Episode 1,46
2603,1,2,Episode 2,47
2604,1,1,Episode 1,46
2604,1,2,Episode 2,47
2607,1,1,Episode 1,46
2607,1,2,Episode 2,47
2610,1,1,Episode 1,46
2610,1,2,Episode 2,47
2612,1,1,Episode 1,46
2612,1,2,Episode 2,47
2612,2,1,Episode 1,46
2612,2,2,Episode 2,47
2628,1,1,Episode 1,46
2628,1,2,Episode 2,47
2629,1,1,Episode 1,46
2629,1,2,Episode 2,47
2629,2,1,Episode 1,46
2629,2,2,Episode 2,47
2632,1,1,Episode 1,46
2632,1,2,Episode 2,47
2640,1,1,Episode 1,46
2640,1,2,Episode 2,47
2641,1,1,Episode 1,46
2641,1,2,Episode 2,47
2641,2,1,Episode 1,46
2641,2,2,Episode 2,47
2642,1,1,Episode 1,46
2642,1,2,Episode 2,47
2644,1,1,Episode 1,46
2644,1,2,Episode 2,47
2646,1,1,Episode 1,46
2646,1,2,Episode 2,47
2649,1,1,Episode 1,46
2649,1,2,Episode 2,47
2649,2,1,Episode 1,46
2649,2,2,Episode 2,47
2652,1,1,Episode 1,46
2652,1,2,Episode 2,47
2658,1,1,Episode 1,46
2658,1,2,Episode 2,47
2659,1,1,Episode 1,46
2659,1,2,Episode 2,47
2659,2,1,Episode 1,46
2659,2,2,Episode 2,47
2660,1,1,Episode 1,46
2660,1,2,Episode 2,47
2661,1,1,Episode 1,46
2661,1,2,Episode 2,47
2662,1,1,Episode 1,46
2662,1,2,Episode 2,47
2663,1,1,Episode 1,46
2663,1,2,Episode 2,47
2665,1,1,Episode 1,46
2665,1,2,Episode 2,47
2666,1,1,Episode 1,46
2666,1,2,Episode 2,47
2667,1,1,Episode 1,46
2667,1,2,Episode 2,47
2670,1,1,Episode 1,46
2670,1,2,Episode 2,47
2670,2,1,Episode 1,46
2670,2,2,Episode 2,47
2671,1,1,Episode 1,46
2671,1,2,Episode 2,47
2676,1,1,Episode 1,46
2676,1,2,Episode 2,47
2676,2,1,Episode 1,46
2676,2,2,Episode 2,47
2677,1,1,Episode 1,46
2677,1,2,Episode 2,47
2677,2,1,Episode 1,46
2677,2,2,Episode 2,47
2685,1,1,Episode 1,46
2685,1,2,Episode 2,47
2692,1,1,Episode 1,46
2692,1,2,Episode 2,47
2697,1,1,Episode 1,46
2697,1,2,Episode 2,47
2699,1,1,Episode 1,46
2699,1,2,Episode 2,47
2699,2,1,Episode 1,46
2699,2,2,Episode 2,47
2700,1,1,Episode 1,46
2700,1,2,Episode 2,47
2709,1,1,Episode 1,46
2709,1,2,Episode 2,47
2709,2,1,Episode 1,46
2709,2,2,Episode 2,47
2711,1,1,Episode 1,46
2711,1,2,Episode 2,47
2711,2,1,Episode 1,46
2711,2,2,Episode 2,47
2719,1,1,Episode 1,46
2719,1,2,Episode 2,47
2719,2,1,Episode 1,46
2719,2,2,Episode 2,47
2728,1,1,Episode 1,46
2728,1,2,Episode 2,47
2737,1,1,Episode 1,46
2737,1,2,Episode 2,47
2737,2,1,Episode 1,46
2737,2,2,Episode 2,47
2740,1,1,Episode 1,46
2740,1,2,Episode 2,47
2740,2,1,Episode 1,46
2740,2,2,Episode 2,47
2741,1,1,Episode 1,46
2741,1,2,Episode 2,47
2741,2,1,Episode 1,46
2741,2,2,Episode 2,47
2743,1,1,Episode 1,46
2743,1,2,Episode 2,47
2743,2,1,Episode 1,46
2743,2,2,Episode 2,47
2744,1,1,Episode 1,46
2744,1,2,Episode 2,47
2747,1,1,Episode 1,46
2747,1,2,Episode 2,47
2747,2,1,Episode 1,46
2747,2,2,Episode 2,47
2749,1,1,Episode 1,46
2749,1,2,Episode 2,47
2749,2,1,Episode 1,46
2749,2,2,Episode 2,47
2752,1,1,Episode 1,46
2752,1,2,Episode 2,47
2753,1,1,Episode 1,46
2753,1,2,Episode 2,47
2760,1,1,Episode 1,46
2760,1,2,Episode 2,47
2762,1,1,Episode 1,46
2762,1,2,Episode 2,47
2765,1,1,Episode 1,46
2765,1,2,Episode 2,47
2765,2,1,Episode 1,46
2765,2,2,Episode 2,47
2766,1,1,Episode 1,46
2766,1,2,Episode 2,47
2768,1,1,Episode 1,46
2768,1,2,Episode 2,47
2768,2,1,Episode 1,46
2768,2,2,Episode 2,47
2773,1,1,Episode 1,46
2773,1,2,Episode 2,47
2775,1,1,Episode 1,46
2775,1,2,Episode 2,47
2775,2,1,Episode 1,46
2775,2,2,Episode 2,47
2778,1,1,Episode 1,46
2778,1,2,Episode 2,47
2784,1,1,Episode 1,46
2784,1,2,Episode 2,47
2785,1,1,Episode 1,46
2785,1,2,Episode 2,47
2786,1,1,Episode 1,46
2786,1,2,Episode 2,47
2786,2,1,Episode 1,46
2786,2,2,Episode 2,47
2788,1,1,Episode 1,46
2788,1,2,Episode 2,47
2788,2,1,Episode 1,46
2788,2,2,Episode 2,47
2789,1,1,Episode 1,46
2789,1,2,Episode 2,47
2789,2,1,Episode 1,46
2789,2,2,Episode 2,47
2791,1,1,Episode 1,46
2791,1,2,Episode 2,47
2791,2,1,Episode 1,46
2791,2,2,Episode 2,47
2792,1,1,Episode 1,46
2792,1,2,Episode 2,47
2793,1,1,Episode 1,46
2793,1,2,Episode 2,47
2794,1,1,Episode 1,46
2794,1,2,Episode 2,47
2795,1,1,Episode 1,46
2795,1,2,Episode 2,47
2796,1,1,Episode 1,46
2796,1,2,Episode 2,47
2798,1,1,Episode 1,46
2798,1,2,Episode 2,47
2803,1,1,Episode 1,46
2803,1,2,Episode 2,47
2805,1,1,Episode 1,46
2805,1,2,Episode 2,47
2808,1,1,Episode 1,46
2808,1,2,Episode 2,47
2809,1,1,Episode 1,46
2809,1,2,Episode 2,47
2814,1,1,Episode 1,46
2814,1,2,Episode 2,47
2817,1,1,Episode 1,46
2817,1,2,Episode 2,47
2819,1,1,Episode 1,46
2819,1,2,Episode 2,47
2822,1,1,Episode 1,46
2822,1,2,Episode 2,47
2822,2,1,Episode 1,46
2822,2,2,Episode 2,47
2825,1,1,Episode 1,46
2825,1,2,Episode 2,47
2826,1,1,Episode 1,46
2826,1,2,Episode 2,47
2826,2,1,Episode 1,46
2826,2,2,Episode 2,47
2827,1,1,Episode 1,46
2827,1,2,Episode 2,47
2827,2,1,Episode 1,46
2827,2,2,Episode 2,47
2828,1,1,Episode 1,46
2828,1,2,Episode 2,47
2839,1,1,Episode 1,46
2839,1,2,Episode 2,47
2839,2,1,Episode 1,46
2839,2,2,Episode 2,47
2842,1,1,Episode 1,46
2842,1,2,Episode 2,47
2847,1,1,Episode 1,46
2847,1,2,Episode 2,47
2847,2,1,Episode 1,46
2847,2,2,Episode 2,47
2855,1,1,Episode 1,46
2855,1,2,Episode 2,47
2856,1,1,Episode 1,46
2856,1,2,Episode 2,47
2856,2,1,Episode 1,46
2856,2,2,Episode 2,47
2858,1,1,Episode 1,46
2858,1,2,Episode 2,47
2869,1,1,Episode 1,46
2869,1,2,Episode 2,47
2869,2,1,Episode 1,46
2869,2,2,Episode 2,47
2871,1,1,Episode 1,46
2871,1,2,Episode 2,47
2872,1,1,Episode 1,46
2872,1,2,Episode 2,47
2873,1,1,Episode 1,46
2873,1,2,Episode 2,47
2875,1,1,Episode 1,46
2875,1,2,Episode 2,47
2875,2,1,Episode 1,46
2875,2,2,Episode 2,47
2876,1,1,Episode 1,46
2876,1,2,Episode 2,47
2878,1,1,Episode 1,46
2878,1,2,Episode 2,47
2881,1,1,Episode 1,46
2881,1,2,Episode 2,47
2884,1,1,Episode 1,46
2884,1,2,Episode 2,47
2889,1,1,Episode 1,46
2889,1,2,Episode 2,47
2891,1,1,Episode 1,46
2891,1,2,Episode 2,47
2892,1,1,Episode 1,46
2892,1,2,Episode 2,47
2893,1,1,Episode 1,46
2893,1,2,Episode 2,47
2894,1,1,Episode 1,46
2894,1,2,Episode 2,47
2895,1,1,Episode 1,46
2895,1,2,Episode 2,47
2901,1,1,Episode 1,46
2901,1,2,Episode 2,47
2903,1,1,Episode 1,46
2903,1,2,Episode 2,47
2907,1,1,Episode 1,46
2907,1,2,Episode 2,47
2911,1,1,Episode 1,46
2911,1,2,Episode 2,47
2918,1,1,Episode 1,46
2918,1,2,Episode 2,47
2921,1,1,Episode 1,46
2921,1,2,Episode 2,47
2922,1,1,Episode 1,46
2922,1,2,Episode 2,47
2922,2,1,Episode 1,46
2922,2,2,Episode 2,47
2923,1,1,Episode 1,46
2923,1,2,Episode 2,47
2924,1,1,Episode 1,46
2924,1,2,Episode 2,47
2927,1,1,Episode 1,46
2927,1,2,Episode 2,47
2927,2,1,Episode 1,46
2927,2,2,Episode 2,47
2932,1,1,Episode 1,46
2932,1,2,Episode 2,47
2932,2,1,Episode 1,46
2932,2,2,Episode 2,47
2938,1,1,Episode 1,46
2938,1,2,Episode 2,47
2938,2,1,Episode 1,46
2938,2,2,Episode 2,47
2939,1,1,Episode 1,46
2939,1,2,Episode 2,47
2939,2,1,Episode 1,46
2939,2,2,Episode 2,47
2942,1,1,Episode 1,46
2942,1,2,Episode 2,47
2943,1,1,Episode 1,46
2943,1,2,Episode 2,47
2945,1,1,Episode 1,46
2945,1,2,Episode 2,47
2946,1,1,Episode 1,46
2946,1,2,Episode 2,47
2948,1,1,Episode 1,46
2948,1,2,Episode 2,47
2948,2,1,Episode 1,46
2948,2,2,Episode 2,47
2949,1,1,Episode 1,46
2949,1,2,Episode 2,47
2954,1,1,Episode 1,46
2954,1,2,Episode 2,47
2954,2,1,Episode 1,46
2954,2,2,Episode 2,47
2959,1,1,Episode 1,46
2959,1,2,Episode 2,47
2960,1,1,Episode 1,46
2960,1,2,Episode 2,47
2963,1,1,Episode 1,46
2963,1,2,Episode 2,47
2963,2,1,Episode 1,46
2963,2,2,Episode 2,47
2966,1,1,Episode 1,46
2966,1,2,Episode 2,47
2967,1,1,Episode 1,46
2967,1,2,Episode 2,47
2968,1,1,Episode 1,46
2968,1,2,Episode 2,47
2972,1,1,Episode 1,46
2972,1,2,Episode 2,47
2972,2,1,Episode 1,46
2972,2,2,Episode 2,47
2975,1,1,Episode 1,46
2975,1,2,Episode 2,47
2977,1,1,Episode 1,46
2977,1,2,Episode 2,47
2977,2,1,Episode 1,46
2977,2,2,Episode 2,47
2978,1,1,Episode 1,46
2978,1,2,Episode 2,47
2980,1,1,Episode 1,46
2980,1,2,Episode 2,47
2981,1,1,Episode 1,46
2981,1,2,Episode 2,47
2983,1,1,Episode 1,46
2983,1,2,Episode 2,47
2984,1,1,Episode 1,46
2984,1,2,Episode 2,47
2985,1,1,Episode 1,46
2985,1,2,Episode 2,47
2992,1,1,Episode 1,46
2992,1,2,Episode 2,47
2993,1,1,Episode 1,46
2993,1,2,Episode 2,47
2993,2,1,Episode 1,46
2993,2,2,Episode 2,47
2994,1,1,Episode 1,46
2994,1,2,Episode 2,47
2995,1,1,Episode 1,46
2995,1,2,Episode 2,47
2995,2,1,Episode 1,46
2995,2,2,Episode 2,47
2998,1,1,Episode 1,46
2998,1,2,Episode 2,47
2999,1,1,Episode 1,46
2999,1,2,Episode 2,47
2999,2,1,Episode 1,46
2999,2,2,Episode 2,47
3000,1,1,Episode 1,46
3000,1,2,Episode 2,47
3001,1,1,Episode 1,46
3001,1,2,Episode 2,47
3002,1,1,Episode 1,46
3002,1,2,Episode 2,47
3006,1,1,Episode 1,46
3006,1,2,Episode 2,47
3011,1,1,Episode 1,46
3011,1,2,Episode 2,47
3012,1,1,Episode 1,46
3012,1,2,Episode 2,47
3012,2,1,Episode 1,46
3012,2,2,Episode 2,47
3013,1,1,Episode 1,46
3013,1,2,Episode 2,47
3014,1,1,Episode 1,46
3014,1,2,Episode 2,47
3014,2,1,Episode 1,46
3014,2,2,Episode 2,47
3016,1,1,Episode 1,46
3016,1,2,Episode 2,47
3021,1,1,Episode 1,46
3021,1,2,Episode 2,47
3025,1,1,Episode 1,46
3025,1,2,Episode 2,47
3029,1,1,Episode 1,46
3029,1,2,Episode 2,47
3031,1,1,Episode 1,46
3031,1,2,Episode 2,47
3034,1,1,Episode 1,46
3034,1,2,Episode 2,47
3035,1,1,Episode 1,46
3035,1,2,Episode 2,47
3036,1,1,Episode 1,46
3036,1,2,Episode 2,47
3036,2,1,Episode 1,46
3036,2,2,Episode 2,47
3037,1,1,Episode 1,46
3037,1,2,Episode 2,47
3038,1,1,Episode 1,46
3038,1,2,Episode 2,47
3040,1,1,Episode 1,46
3040,1,2,Episode 2,47
3040,2,1,Episode 1,46
3040,2,2,Episode 2,47
3041,1,1,Episode 1,46
3041,1,2,Episode 2,47
3043,1,1,Episode 1,46
3043,1,2,Episode 2,47
3046,1,1,Episode 1,46
3046,1,2,Episode 2,47
3048,1,1,Episode 1,46
3048,1,2,Episode 2,47
3048,2,1,Episode 1,46
3048,2,2,Episode 2,47
3050,1,1,Episode 1,46
3050,1,2,Episode 2,47
3051,1,1,Episode 1,46
3051,1,2,Episode 2,47
3053,1,1,Episode 1,46
3053,1,2,Episode 2,47
3054,1,1,Episode 1,46
3054,1,2,Episode 2,47
3056,1,1,Episode 1,46
3056,1,2,Episode 2,47
3057,1,1,Episode 1,46
3057,1,2,Episode 2,47
3064,1,1,Episode 1,46
3064,1,2,Episode 2,47
3066,1,1,Episode 1,46
3066,1,2,Episode 2,47
3067,1,1,Episode 1,46
3067,1,2,Episode 2,47
3067,2,1,Episode 1,46
3067,2,2,Episode 2,47
3068,1,1,Episode 1,46
3068,1,2,Episode 2,47
3072,1,1,Episode 1,46
3072,1,2,Episode 2,47
3075,1,1,Episode 1,46
3075,1,2,Episode 2,47
3076,1,1,Episode 1,46
3076,1,2,Episode 2,47
3077,1,1,Episode 1,46
3077,1,2,Episode 2,47
3080,1,1,Episode 1,46
3080,1,2,Episode 2,47
3083,1,1,Episode 1,46
3083,1,2,Episode 2,47
3083,2,1,Episode 1,46
3083,2,2,Episode 2,47
3084,1,1,Episode 1,46
3084,1,2,Episode 2,47
3085,1,1,Episode 1,46
3085,1,2,Episode 2,47
3086,1,1,Episode 1,46
3086,1,2,Episode 2,47
3086,2,1,Episode 1,46
3086,2,2,Episode 2,47
3087,1,1,Episode 1,46
3087,1,2,Episode 2,47
3087,2,1,Episode 1,46
3087,2,2,Episode 2,47
3088,1,1,Episode 1,46
3088,1,2,Episode 2,47
3089,1,1,Episode 1,46
3089,1,2,Episode 2,47
3093,1,1,Episode 1,46
3093,1,2,Episode 2,47
3096,1,1,Episode 1,46
3096,1,2,Episode 2,47
3097,1,1,Episode 1,46
3097,1,2,Episode 2,47
3097,2,1,Episode 1,46
3097,2,2,Episode 2,47
3104,1,1,Episode 1,46
3104,1,2,Episode 2,47
3104,2,1,Episode 1,46
3104,2,2,Episode 2,47
3107,1,1,Episode 1,46
3107,1,2,Episode 2,47
3107,2,1,Episode 1,46
3107,2,2,Episode 2,47
3109,1,1,Episode 1,46
3109,1,2,Episode 2,47
3109,2,1,Episode 1,46
3109,2,2,Episode 2,47
3112,1,1,Episode 1,46
3112,1,2,Episode 2,47
3118,1,1,Episode 1,46
3118,1,2,Episode 2,47
3120,1,1,Episode 1,46
3120,1,2,Episode 2,47
3121,1,1,Episode 1,46
3121,1,2,Episode 2,47
3121,2,1,Episode 1,46
3121,2,2,Episode 2,47
3122,1,1,Episode 1,46
3122,1,2,Episode 2,47
3123,1,1,Episode 1,46
3123,1,2,Episode 2,47
3128,1,1,Episode 1,46
3128,1,2,Episode 2,47
3129,1,1,Episode 1,46
3129,1,2,Episode 2,47
3129,2,1,Episode 1,46
3129,2,2,Episode 2,47
3130,1,1,Episode 1,46
3130,1,2,Episode 2,47
3131,1,1,Episode 1,46
3131,1,2,Episode 2,47
3138,1,1,Episode 1,46
3138,1,2,Episode 2,47
3147,1,1,Episode 1,46
3147,1,2,Episode 2,47
3147,2,1,Episode 1,46
3147,2,2,Episode 2,47
3149,1,1,Episode 1,46
3149,1,2,Episode 2,47
3149,2,1,Episode 1,46
3149,2,2,Episode 2,47
3166,1,1,Episode 1,46
3166,1,2,Episode 2,47
3169,1,1,Episode 1,46
3169,1,2,Episode 2,47
3169,2,1,Episode 1,46
3169,2,2,Episode 2,47
3174,1,1,Episode 1,46
3174,1,2,Episode 2,47
3175,1,1,Episode 1,46
3175,1,2,Episode 2,47
3175,2,1,Episode 1,46
3175,2,2,Episode 2,47
3176,1,1,Episode 1,46
3176,1,2,Episode 2,47
3177,1,1,Episode 1,46
3177,1,2,Episode 2,47
3178,1,1,Episode 1,46
3178,1,2,Episode 2,47
3183,1,1,Episode 1,46
3183,1,2,Episode 2,47
3184,1,1,Episode 1,46
3184,1,2,Episode 2,47
3184,2,1,Episode 1,46
3184,2,2,Episode 2,47
3185,1,1,Episode 1,46
3185,1,2,Episode 2,47
3186,1,1,Episode 1,46
3186,1,2,Episode 2,47
3188,1,1,Episode 1,46
3188,1,2,Episode 2,47
3193,1,1,Episode 1,46
3193,1,2,Episode 2,47
3193,2,1,Episode 1,46
3193,2,2,Episode 2,47
3200,1,1,Episode 1,46
3200,1,2,Episode 2,47
3200,2,1,Episode 1,46
3200,2,2,Episode 2,47
3205,1,1,Episode 1,46
3205,1,2,Episode 2,47
3209,1,1,Episode 1,46
3209,1,2,Episode 2,47
3209,2,1,Episode 1,46
3209,2,2,Episode 2,47
3213,1,1,Episode 1,46
3213,1,2,Episode 2,47
3213,2,1,Episode 1,46
3213,2,2,Episode 2,47
3217,1,1,Episode 1,46
3217,1,2,Episode 2,47
3220,1,1,Episode 1,46
3220,1,2,Episode 2,47
3221,1,1,Episode 1,46
3221,1,2,Episode 2,47
3222,1,1,Episode 1,46
3222,1,2,Episode 2,47
3223,1,1,Episode 1,46
3223,1,2,Episode 2,47
3231,1,1,Episode 1,46
3231,1,2,Episode 2,47
3231,2,1,Episode 1,46
3231,2,2,Episode 2,47
3233,1,1,Episode 1,46
3233,1,2,Episode 2,47
3237,1,1,Episode 1,46
3237,1,2,Episode 2,47
3239,1,1,Episode 1,46
3239,1,2,Episode 2,47
3242,1,1,Episode 1,46
3242,1,2,Episode 2,47
3242,2,1,Episode 1,46
3242,2,2,Episode 2,47
3243,1,1,Episode 1,46
3243,1,2,Episode 2,47
3244,1,1,Episode 1,46
3244,1,2,Episode 2,47
3246,1,1,Episode 1,46
3246,1,2,Episode 2,47
3247,1,1,Episode 1,46
3247,1,2,Episode 2,47
3247,2,1,Episode 1,46
3247,2,2,Episode 2,47
3248,1,1,Episode 1,46
3248,1,2,Episode 2,47
3248,2,1,Episode 1,46
3248,2,2,Episode 2,47
3250,1,1,Episode 1,46
3250,1,2,Episode 2,47
3253,1,1,Episode 1,46
3253,1,2,Episode 2,47
3256,1,1,Episode 1,46
3256,1,2,Episode 2,47
3258,1,1,Episode 1,46
3258,1,2,Episode 2,47
3259,1,1,Episode 1,46
3259,1,2,Episode 2,47
3264,1,1,Episode 1,46
3264,1,2,Episode 2,47
3270,1,1,Episode 1,46
3270,1,2,Episode 2,47
3271,1,1,Episode 1,46
3271,1,2,Episode 2,47
3272,1,1,Episode 1,46
3272,1,2,Episode 2,47
3272,2,1,Episode 1,46
3272,2,2,Episode 2,47
3275,1,1,Episode 1,46
3275,1,2,Episode 2,47
3276,1,1,Episode 1,46
3276,1,2,Episode 2,47
3276,2,1,Episode 1,46
3276,2,2,Episode 2,47
3277,1,1,Episode 1,46
3277,1,2,Episode 2,47
3278,1,1,Episode 1,46
3278,1,2,Episode 2,47
3280,1,1,Episode 1,46
3280,1,2,Episode 2,47
3282,1,1,Episode 1,46
3282,1,2,Episode 2,47
3283,1,1,Episode 1,46
3283,1,2,Episode 2,47
3283,2,1,Episode 1,46
3283,2,2,Episode 2,47
3284,1,1,Episode 1,46
3284,1,2,Episode 2,47
3284,2,1,Episode 1,46
3284,2,2,Episode 2,47
3285,1,1,Episode 1,46
3285,1,2,Episode 2,47
3287,1,1,Episode 1,46
3287,1,2,Episode 2,47
3288,1,1,Episode 1,46
3288,1,2,Episode 2,47
3289,1,1,Episode 1,46
3289,1,2,Episode 2,47
3289,2,1,Episode 1,46
3289,2,2,Episode 2,47
3292,1,1,Episode 1,46
3292,1,2,Episode 2,47
3294,1,1,Episode 1,46
3294,1,2,Episode 2,47
3294,2,1,Episode 1,46
3294,2,2,Episode 2,47
3295,1,1,Episode 1,46
3295,1,2,Episode 2,47
3296,1,1,Episode 1,46
3296,1,2,Episode 2,47
3299,1,1,Episode 1,46
3299,1,2,Episode 2,47
3299,2,1,Episode 1,46
3299,2,2,Episode 2,47
3302,1,1,Episode 1,46
3302,1,2,Episode 2,47
3305,1,1,Episode 1,46
3305,1,2,Episode 2,47
3305,2,1,Episode 1,46
3305,2,2,Episode 2,47
3307,1,1,Episode 1,46
3307,1,2,Episode 2,47
3307,2,1,Episode 1,46
3307,2,2,Episode 2,47
3311,1,1,Episode 1,46
3311,1,2,Episode 2,47
3311,2,1,Episode 1,46
3311,2,2,Episode 2,47
3314,1,1,Episode 1,46
3314,1,2,Episode 2,47
3317,1,1,Episode 1,46
3317,1,2,Episode 2,47
3326,1,1,Episode 1,46
3326,1,2,Episode 2,47
3326,2,1,Episode 1,46
3326,2,2,Episode 2,47
3328,1,1,Episode 1,46
3328,1,2,Episode 2,47
3329,1,1,Episode 1,46
3329,1,2,Episode 2,47
3331,1,1,Episode 1,46
3331,1,2,Episode 2,47
3331,2,1,Episode 1,46
3331,2,2,Episode 2,47
3334,1,1,Episode 1,46
3334,1,2,Episode 2,47
3334,2,1,Episode 1,46
3334,2,2,Episode 2,47
3337,1,1,Episode 1,46
3337,1,2,Episode 2,47
3337,2,1,Episode 1,46
3337,2,2,Episode 2,47
3340,1,1,Episode 1,46
3340,1,2,Episode 2,47
3340,2,1,Episode 1,46
3340,2,2,Episode 2,47
3341,1,1,Episode 1,46
3341,1,2,Episode 2,47
3342,1,1,Episode 1,46
3342,1,2,Episode 2,47
3342,2,1,Episode 1,46
3342,2,2,Episode 2,47
3343,1,1,Episode 1,46
3343,1,2,Episode 2,47
3345,1,1,Episode 1,46
3345,1,2,Episode 2,47
3345,2,1,Episode 1,46
3345,2,2,Episode 2,47
3346,1,1,Episode 1,46
3346,1,2,Episode 2,47
3346,2,1,Episode 1,46
3346,2,2,Episode 2,47
3352,1,1,Episode 1,46
3352,1,2,Episode 2,47
3353,1,1,Episode 1,46
3353,1,2,Episode 2,47
3356,1,1,Episode 1,46
3356,1,2,Episode 2,47
3356,2,1,Episode 1,46
3356,2,2,Episode 2,47
3357,1,1,Episode 1,46
3357,1,2,Episode 2,47
3358,1,1,Episode 1,46
3358,1,2,Episode 2,47
3359,1,1,Episode 1,46
3359,1,2,Episode 2,47
3361,1,1,Episode 1,46
3361,1,2,Episode 2,47
3362,1,1,Episode 1,46
3362,1,2,Episode 2,47
3364,1,1,Episode 1,46
3364,1,2,Episode 2,47
3368,1,1,Episode 1,46
3368,1,2,Episode 2,47
3369,1,1,Episode 1,46
3369,1,2,Episode 2,47
3370,1,1,Episode 1,46
3370,1,2,Episode 2,47
3370,2,1,Episode 1,46
3370,2,2,Episode 2,47
3371,1,1,Episode 1,46
3371,1,2,Episode 2,47
3374,1,1,Episode 1,46
3374,1,2,Episode 2,47
3376,1,1,Episode 1,46
3376,1,2,Episode 2,47
3378,1,1,Episode 1,46
3378,1,2,Episode 2,47
3379,1,1,Episode 1,46
3379,1,2,Episode 2,47
3382,1,1,Episode 1,46
3382,1,2,Episode 2,47
3383,1,1,Episode 1,46
3383,1,2,Episode 2,47
3386,1,1,Episode 1,46
3386,1,2,Episode 2,47
3394,1,1,Episode 1,46
3394,1,2,Episode 2,47
3401,1,1,Episode 1,46
3401,1,2,Episode 2,47
3402,1,1,Episode 1,46
3402,1,2,Episode 2,47
3402,2,1,Episode 1,46
3402,2,2,Episode 2,47
3404,1,1,Episode 1,46
3404,1,2,Episode 2,47
3405,1,1,Episode 1,46
3405,1,2,Episode 2,47
3407,1,1,Episode 1,46
3407,1,2,Episode 2,47
3407,2,1,Episode 1,46
3407,2,2,Episode 2,47
3411,1,1,Episode 1,46
3411,1,2,Episode 2,47
3411,2,1,Episode 1,46
3411,2,2,Episode 2,47
3415,1,1,Episode 1,46
3415,1,2,Episode 2,47
3415,2,1,Episode 1,46
3415,2,2,Episode 2,47
3416,1,1,Episode 1,46
3416,1,2,Episode 2,47
3417,1,1,Episode 1,46
3417,1,2,Episode 2,47
3421,1,1,Episode 1,46
3421,1,2,Episode 2,47
3424,1,1,Episode 1,46
3424,1,2,Episode 2,47
3427,1,1,Episode 1,46
3427,1,2,Episode 2,47
3431,1,1,Episode 1,46
3431,1,2,Episode 2,47
3431,2,1,Episode 1,46
3431,2,2,Episode 2,47
3434,1,1,Episode 1,46
3434,1,2,Episode 2,47
3434,2,1,Episode 1,46
3434,2,2,Episode 2,47
3436,1,1,Episode 1,46
3436,1,2,Episode 2,47
3438,1,1,Episode 1,46
3438,1,2,Episode 2,47
3441,1,1,Episode 1,46
3441,1,2,Episode 2,47
3445,1,1,Episode 1,46
3445,1,2,Episode 2,47
3446,1,1,Episode 1,46
3446,1,2,Episode 2,47
3450,1,1,Episode 1,46
3450,1,2,Episode 2,47
3450,2,1,Episode 1,46
3450,2,2,Episode 2,47
3453,1,1,Episode 1,46
3453,1,2,Episode 2,47
3453,2,1,Episode 1,46
3453,2,2,Episode 2,47
3454,1,1,Episode 1,46
3454,1,2,Episode 2,47
3455,1,1,Episode 1,46
3455,1,2,Episode 2,47
3455,2,1,Episode 1,46
3455,2,2,Episode 2,47
3456,1,1,Episode 1,46
3456,1,2,Episode 2,47
3456,2,1,Episode 1,46
3456,2,2,Episode 2,47
3458,1,1,Episode 1,46
3458,1,2,Episode 2,47
3459,1,1,Episode 1,46
3459,1,2,Episode 2,47
3462,1,1,Episode 1,46
3462,1,2,Episode 2,47
3463,1,1,Episode 1,46
3463,1,2,Episode 2,47
3464,1,1,Episode 1,46
3464,1,2,Episode 2,47
3465,1,1,Episode 1,46
3465,1,2,Episode 2,47
3467,1,1,Episode 1,46
3467,1,2,Episode 2,47
3468,1,1,Episode 1,46
3468,1,2,Episode 2,47
3471,1,1,Episode 1,46
3471,1,2,Episode 2,47
3474,1,1,Episode 1,46
3474,1,2,Episode 2,47
3475,1,1,Episode 1,46
3475,1,2,Episode 2,47
3478,1,1,Episode 1,46
3478,1,2,Episode 2,47
3478,2,1,Episode 1,46
3478,2,2,Episode 2,47
3482,1,1,Episode 1,46
3482,1,2,Episode 2,47
3484,1,1,Episode 1,46
3484,1,2,Episode 2,47
3484,2,1,Episode 1,46
3484,2,2,Episode 2,47
3489,1,1,Episode 1,46
3489,1,2,Episode 2,47
3490,1,1,Episode 1,46
3490,1,2,Episode 2,47
3490,2,1,Episode 1,46
3490,2,2,Episode 2,47
3492,1,1,Episode 1,46
3492,1,2,Episode 2,47
3492,2,1,Episode 1,46
3492,2,2,Episode 2,47
3500,1,1,Episode 1,46
3500,1,2,Episode 2,47
3502,1,1,Episode 1,46
3502,1,2,Episode 2,47
3503,1,1,Episode 1,46
3503,1,2,Episode 2,47
3504,1,1,Episode 1,46
3504,1,2,Episode 2,47
3505,1,1,Episode 1,46
3505,1,2,Episode 2,47
3505,2,1,Episode 1,46
3505,2,2,Episode 2,47
3506,1,1,Episode 1,46
3506,1,2,Episode 2,47
3507,1,1,Episode 1,46
3507,1,2,Episode 2,47
3511,1,1,Episode 1,46
3511,1,2,Episode 2,47
3516,1,1,Episode 1,46
3516,1,2,Episode 2,47
3520,1,1,Episode 1,46
3520,1,2,Episode 2,47
3522,1,1,Episode 1,46
3522,1,2,Episode 2,47
3525,1,1,Episode 1,46
3525,1,2,Episode 2,47
3526,1,1,Episode 1,46
3526,1,2,Episode 2,47
3527,1,1,Episode 1,46
3527,1,2,Episode 2,47
3528,1,1,Episode 1,46
3528,1,2,Episode 2,47
3535,1,1,Episode 1,46
3535,1,2,Episode 2,47
3540,1,1,Episode 1,46
3540,1,2,Episode 2,47
3541,1,1,Episode 1,46
3541,1,2,Episode 2,47
3541,2,1,Episode 1,46
3541,2,2,Episode 2,47
3542,1,1,Episode 1,46
3542,1,2,Episode 2,47
3542,2,1,Episode 1,46
3542,2,2,Episode 2,47
3544,1,1,Episode 1,46
3544,1,2,Episode 2,47
3547,1,1,Episode 1,46
3547,1,2,Episode 2,47
3551,1,1,Episode 1,46
3551,1,2,Episode 2,47
3552,1,1,Episode 1,46
3552,1,2,Episode 2,47
3553,1,1,Episode 1,46
3553,1,2,Episode 2,47
3554,1,1,Episode 1,46
3554,1,2,Episode 2,47
3554,2,1,Episode 1,46
3554,2,2,Episode 2,47
3559,1,1,Episode 1,46
3559,1,2,Episode 2,47
3559,2,1,Episode 1,46
3559,2,2,Episode 2,47
3562,1,1,Episode 1,46
3562,1,2,Episode 2,47
3562,2,1,Episode 1,46
3562,2,2,Episode 2,47
3563,1,1,Episode 1,46
3563,1,2,Episode 2,47
3563,2,1,Episode 1,46
3563,2,2,Episode 2,47
3572,1,1,Episode 1,46
3572,1,2,Episode 2,47
3576,1,1,Episode 1,46
3576,1,2,Episode 2,47
3577,1,1,Episode 1,46
3577,1,2,Episode 2,47
3578,1,1,Episode 1,46
3578,1,2,Episode 2,47
3579,1,1,Episode 1,46
3579,1,2,Episode 2,47
3580,1,1,Episode 1,46
3580,1,2,Episode 2,47
3582,1,1,Episode 1,46
3582,1,2,Episode 2,47
3582,2,1,Episode 1,46
3582,2,2,Episode 2,47
3586,1,1,Episode 1,46
3586,1,2,Episode 2,47
3588,1,1,Episode 1,46
3588,1,2,Episode 2,47
3589,1,1,Episode 1,46
3589,1,2,Episode 2,47
3590,1,1,Episode 1,46
3590,1,2,Episode 2,47
3590,2,1,Episode 1,46
3590,2,2,Episode 2,47
3591,1,1,Episode 1,46
3591,1,2,Episode 2,47
3593,1,1,Episode 1,46
3593,1,2,Episode 2,47
3598,1,1,Episode 1,46
3598,1,2,Episode 2,47
3598,2,1,Episode 1,46
3598,2,2,Episode 2,47
3599,1,1,Episode 1,46
3599,1,2,Episode 2,47
3601,1,1,Episode 1,46
3601,1,2,Episode 2,47
3601,2,1,Episode 1,46
3601,2,2,Episode 2,47
3602,1,1,Episode 1,46
3602,1,2,Episode 2,47
3602,2,1,Episode 1,46
3602,2,2,Episode 2,47
3605,1,1,Episode 1,46
3605,1,2,Episode 2,47
3606,1,1,Episode 1,46
3606,1,2,Episode 2,47
3607,1,1,Episode 1,46
3607,1,2,Episode 2,47
3608,1,1,Episode 1,46
3608,1,2,Episode 2,47
3609,1,1,Episode 1,46
3609,1,2,Episode 2,47
3609,2,1,Episode 1,46
3609,2,2,Episode 2,47
3610,1,1,Episode 1,46
3610,1,2,Episode 2,47
3611,1,1,Episode 1,46
3611,1,2,Episode 2,47
3612,1,1,Episode 1,46
3612,1,2,Episode 2,47
3613,1,1,Episode 1,46
3613,1,2,Episode 2,47
3614,1,1,Episode 1,46
3614,1,2,Episode 2,47
3615,1,1,Episode 1,46
3615,1,2,Episode 2,47
3616,1,1,Episode 1,46
3616,1,2,Episode 2,47
3625,1,1,Episode 1,46
3625,1,2,Episode 2,47
3625,2,1,Episode 1,46
3625,2,2,Episode 2,47
3628,1,1,Episode 1,46
3628,1,2,Episode 2,47
3633,1,1,Episode 1,46
3633,1,2,Episode 2,47
3634,1,1,Episode 1,46
3634,1,2,Episode 2,47
3634,2,1,Episode 1,46
3634,2,2,Episode 2,47
3637,1,1,Episode 1,46
3637,1,2,Episode 2,47
3641,1,1,Episode 1,46
3641,1,2,Episode 2,47
3641,2,1,Episode 1,46
3641,2,2,Episode 2,47
3643,1,1,Episode 1,46
3643,1,2,Episode 2,47
3645,1,1,Episode 1,46
3645,1,2,Episode 2,47
3645,2,1,Episode 1,46
3645,2,2,Episode 2,47
3652,1,1,Episode 1,46
3652,1,2,Episode 2,47
3654,1,1,Episode 1,46
3654,1,2,Episode 2,47
3654,2,1,Episode 1,46
3654,2,2,Episode 2,47
3655,1,1,Episode 1,46
3655,1,2,Episode 2,47
3655,2,1,Episode 1,46
3655,2,2,Episode 2,47
3656,1,1,Episode 1,46
3656,1,2,Episode 2,47
3657,1,1,Episode 1,46
3657,1,2,Episode 2,47
3660,1,1,Episode 1,46
3660,1,2,Episode 2,47
3660,2,1,Episode 1,46
3660,2,2,Episode 2,47
3661,1,1,Episode 1,46
3661,1,2,Episode 2,47
3664,1,1,Episode 1,46
3664,1,2,Episode 2,47
3665,1,1,Episode 1,46
3665,1,2,Episode 2,47
3666,1,1,Episode 1,46
3666,1,2,Episode 2,47
3667,1,1,Episode 1,46
3667,1,2,Episode 2,47
3668,1,1,Episode 1,46
3668,1,2,Episode 2,47
3668,2,1,Episode 1,46
3668,2,2,Episode 2,47
3670,1,1,Episode 1,46
3670,1,2,Episode 2,47
3670,2,1,Episode 1,46
3670,2,2,Episode 2,47
3672,1,1,Episode 1,46
3672,1,2,Episode 2,47
3674,1,1,Episode 1,46
3674,1,2,Episode 2,47
3675,1,1,Episode 1,46
3675,1,2,Episode 2,47
3678,1,1,Episode 1,46
3678,1,2,Episode 2,47
3681,1,1,Episode 1,46
3681,1,2,Episode 2,47
3681,2,1,Episode 1,46
3681,2,2,Episode 2,47
3683,1,1,Episode 1,46
3683,1,2,Episode 2,47
3685,1,1,Episode 1,46
3685,1,2,Episode 2,47
3685,2,1,Episode 1,46
3685,2,2,Episode 2,47
3686,1,1,Episode 1,46
3686,1,2,Episode 2,47
3686,2,1,Episode 1,46
3686,2,2,Episode 2,47
3687,1,1,Episode 1,46
3687,1,2,Episode 2,47
3688,1,1,Episode 1,46
3688,1,2,Episode 2,47
3688,2,1,Episode 1,46
3688,2,2,Episode 2,47
3689,1,1,Episode 1,46
3689,1,2,Episode 2,47
3690,1,1,Episode 1,46
3690,1,2,Episode 2,47
3691,1,1,Episode 1,46
3691,1,2,Episode 2,47
3692,1,1,Episode 1,46
3692,1,2,Episode 2,47
3693,1,1,Episode 1,46
3693,1,2,Episode 2,47
3693,2,1,Episode 1,46
3693,2,2,Episode 2,47
3695,1,1,Episode 1,46
3695,1,2,Episode 2,47
3696,1,1,Episode 1,46
3696,1,2,Episode 2,47
3697,1,1,Episode 1,46
3697,1,2,Episode 2,47
3701,1,1,Episode 1,46
3701,1,2,Episode 2,47
3701,2,1,Episode 1,46
3701,2,2,Episode 2,47
3703,1,1,Episode 1,46
3703,1,2,Episode 2,47
3703,2,1,Episode 1,46
3703,2,2,Episode 2,47
3705,1,1,Episode 1,46
3705,1,2,Episode 2,47
3706,1,1,Episode 1,46
3706,1,2,Episode 2,47
3706,2,1,Episode 1,46
3706,2,2,Episode 2,47
3708,1,1,Episode 1,46
3708,1,2,Episode 2,47
3708,2,1,Episode 1,46
3708,2,2,Episode 2,47
3709,1,1,Episode 1,46
3709,1,2,Episode 2,47
3709,2,1,Episode 1,46
3709,2,2,Episode 2,47
3711,1,1,Episode 1,46
3711,1,2,Episode 2,47
3717,1,1,Episode 1,46
3717,1,2,Episode 2,47
3717,2,1,Episode 1,46
3717,2,2,Episode 2,47
3720,1,1,Episode 1,46
3720,1,2,Episode 2,47
3722,1,1,Episode 1,46
3722,1,2,Episode 2,47
3722,2,1,Episode 1,46
3722,2,2,Episode 2,47
3723,1,1,Episode 1,46
3723,1,2,Episode 2,47
3723,2,1,Episode 1,46
3723,2,2,Episode 2,47
3724,1,1,Episode 1,46
3724,1,2,Episode 2,47
3724,2,1,Episode 1,46
3724,2,2,Episode 2,47
3725,1,1,Episode 1,46
3725,1,2,Episode 2,47
3726,1,1,Episode 1,46
3726,1,2,Episode 2,47
3726,2,1,Episode 1,46
3726,2,2,Episode 2,47
3727,1,1,Episode 1,46
3727,1,2,Episode 2,47
3727,2,1,Episode 1,46
3727,2,2,Episode 2,47
3728,1,1,Episode 1,46
3728,1,2,Episode 2,47
3728,2,1,Episode 1,46
3728,2,2,Episode 2,47
3737,1,1,Episode 1,46
3737,1,2,Episode 2,47
3737,2,1,Episode 1,46
3737,2,2,Episode 2,47
3738,1,1,Episode 1,46
3738,1,2,Episode 2,47
3742,1,1,Episode 1,46
3742,1,2,Episode 2,47
3743,1,1,Episode 1,46
3743,1,2,Episode 2,47
3744,1,1,Episode 1,46
3744,1,2,Episode 2,47
3745,1,1,Episode 1,46
3745,1,2,Episode 2,47
3746,1,1,Episode 1,46
3746,1,2,Episode 2,47
3747,1,1,Episode 1,46
3747,1,2,Episode 2,47
3747,2,1,Episode 1,46
3747,2,2,Episode 2,47
3749,1,1,Episode 1,46
3749,1,2,Episode 2,47
3749,2,1,Episode 1,46
3749,2,2,Episode 2,47
3750,1,1,Episode 1,46
3750,1,2,Episode 2,47
3750,2,1,Episode 1,46
3750,2,2,Episode 2,47
3751,1,1,Episode 1,46
3751,1,2,Episode 2,47
3752,1,1,Episode 1,46
3752,1,2,Episode 2,47
3752,2,1,Episode 1,46
3752,2,2,Episode 2,47
3753,1,1,Episode 1,46
3753,1,2,Episode 2,47
3753,2,1,Episode 1,46
3753,2,2,Episode 2,47
3755,1,1,Episode 1,46
3755,1,2,Episode 2,47
3756,1,1,Episode 1,46
3756,1,2,Episode 2,47
3761,1,1,Episode 1,46
3761,1,2,Episode 2,47
3763,1,1,Episode 1,46
3763,1,2,Episode 2,47
3763,2,1,Episode 1,46
3763,2,2,Episode 2,47
3770,1,1,Episode 1,46
3770,1,2,Episode 2,47
3771,1,1,Episode 1,46
3771,1,2,Episode 2,47
3775,1,1,Episode 1,46
3775,1,2,Episode 2,47
3775,2,1,Episode 1,46
3775,2,2,Episode 2,47
3779,1,1,Episode 1,46
3779,1,2,Episode 2,47
3779,2,1,Episode 1,46
3779,2,2,Episode 2,47
3780,1,1,Episode 1,46
3780,1,2,Episode 2,47
3781,1,1,Episode 1,46
3781,1,2,Episode 2,47
3783,1,1,Episode 1,46
3783,1,2,Episode 2,47
3785,1,1,Episode 1,46
3785,1,2,Episode 2,47
3785,2,1,Episode 1,46
3785,2,2,Episode 2,47
3788,1,1,Episode 1,46
3788,1,2,Episode 2,47
3788,2,1,Episode 1,46
3788,2,2,Episode 2,47
3790,1,1,Episode 1,46
3790,1,2,Episode 2,47
3793,1,1,Episode 1,46
3793,1,2,Episode 2,47
3795,1,1,Episode 1,46
3795,1,2,Episode 2,47
3797,1,1,Episode 1,46
3797,1,2,Episode 2,47
3800,1,1,Episode 1,46
3800,1,2,Episode 2,47
3800,2,1,Episode 1,46
3800,2,2,Episode 2,47
3802,1,1,Episode 1,46
3802,1,2,Episode 2,47
3807,1,1,Episode 1,46
3807,1,2,Episode 2,47
3807,2,1,Episode 1,46
3807,2,2,Episode 2,47
3808,1,1,Episode 1,46
3808,1,2,Episode 2,47
3808,2,1,Episode 1,46
3808,2,2,Episode 2,47
3809,1,1,Episode 1,46
3809,1,2,Episode 2,47
3813,1,1,Episode 1,46
3813,1,2,Episode 2,47
3818,1,1,Episode 1,46
3818,1,2,Episode 2,47
3818,2,1,Episode 1,46
3818,2,2,Episode 2,47
3822,1,1,Episode 1,46
3822,1,2,Episode 2,47
3824,1,1,Episode 1,46
3824,1,2,Episode 2,47
3825,1,1,Episode 1,46
3825,1,2,Episode 2,47
3827,1,1,Episode 1,46
3827,1,2,Episode 2,47
3832,1,1,Episode 1,46
3832,1,2,Episode 2,47
3836,1,1,Episode 1,46
3836,1,2,Episode 2,47
3836,2,1,Episode 1,46
3836,2,2,Episode 2,47
3838,1,1,Episode 1,46
3838,1,2,Episode 2,47
3839,1,1,Episode 1,46
3839,1,2,Episode 2,47
3839,2,1,Episode 1,46
3839,2,2,Episode 2,47
3840,1,1,Episode 1,46
3840,1,2,Episode 2,47
3841,1,1,Episode 1,46
3841,1,2,Episode 2,47
3844,1,1,Episode 1,46
3844,1,2,Episode 2,47
3845,1,1,Episode 1,46
3845,1,2,Episode 2,47
3846,1,1,Episode 1,46
3846,1,2,Episode 2,47
3847,1,1,Episode 1,46
3847,1,2,Episode 2,47
3848,1,1,Episode 1,46
3848,1,2,Episode 2,47
3849,1,1,Episode 1,46
3849,1,2,Episode 2,47
3850,1,1,Episode 1,46
3850,1,2,Episode 2,47
3851,1,1,Episode 1,46
3851,1,2,Episode 2,47
3852,1,1,Episode 1,46
3852,1,2,Episode 2,47
3853,1,1,Episode 1,46
3853,1,2,Episode 2,47
3854,1,1,Episode 1,46
3854,1,2,Episode 2,47
3855,1,1,Episode 1,46
3855,1,2,Episode 2,47
3856,1,1,Episode 1,46
3856,1,2,Episode 2,47
3857,1,1,Episode 1,46
3857,1,2,Episode 2,47
3861,1,1,Episode 1,46
3861,1,2,Episode 2,47
3862,1,1,Episode 1,46
3862,1,2,Episode 2,47
3862,2,1,Episode 1,46
3862,2,2,Episode 2,47
3865,1,1,Episode 1,46
3865,1,2,Episode 2,47
3868,1,1,Episode 1,46
3868,1,2,Episode 2,47
3871,1,1,Episode 1,46
3871,1,2,Episode 2,47
3871,2,1,Episode 1,46
3871,2,2,Episode 2,47
3877,1,1,Episode 1,46
3877,1,2,Episode 2,47
3879,1,1,Episode 1,46
3879,1,2,Episode 2,47
3880,1,1,Episode 1,46
3880,1,2,Episode 2,47
3881,1,1,Episode 1,46
3881,1,2,Episode 2,47
3882,1,1,Episode 1,46
3882,1,2,Episode 2,47
3883,1,1,Episode 1,46
3883,1,2,Episode 2,47
3884,1,1,Episode 1,46
3884,1,2,Episode 2,47
3885,1,1,Episode 1,46
3885,1,2,Episode 2,47
3885,2,1,Episode 1,46
3885,2,2,Episode 2,47
3887,1,1,Episode 1,46
3887,1,2,Episode 2,47
3887,2,1,Episode 1,46
3887,2,2,Episode 2,47
3888,1,1,Episode 1,46
3888,1,2,Episode 2,47
3893,1,1,Episode 1,46
3893,1,2,Episode 2,47
3894,1,1,Episode 1,46
3894,1,2,Episode 2,47
3898,1,1,Episode 1,46
3898,1,2,Episode 2,47
3899,1,1,Episode 1,46
3899,1,2,Episode 2,47
3901,1,1,Episode 1,46
3901,1,2,Episode 2,47
3902,1,1,Episode 1,46
3902,1,2,Episode 2,47
3903,1,1,Episode 1,46
3903,1,2,Episode 2,47
3903,2,1,Episode 1,46
3903,2,2,Episode 2,47
3921,1,1,Episode 1,46
3921,1,2,Episode 2,47
3921,2,1,Episode 1,46
3921,2,2,Episode 2,47
3926,1,1,Episode 1,46
3926,1,2,Episode 2,47
3928,1,1,Episode 1,46
3928,1,2,Episode 2,47
3928,2,1,Episode 1,46
3928,2,2,Episode 2,47
3929,1,1,Episode 1,46
3929,1,2,Episode 2,47
3932,1,1,Episode 1,46
3932,1,2,Episode 2,47
3935,1,1,Episode 1,46
3935,1,2,Episode 2,47
3937,1,1,Episode 1,46
3937,1,2,Episode 2,47
3937,2,1,Episode 1,46
3937,2,2,Episode 2,47
3938,1,1,Episode 1,46
3938,1,2,Episode 2,47
3938,2,1,Episode 1,46
3938,2,2,Episode 2,47
3939,1,1,Episode 1,46
3939,1,2,Episode 2,47
3941,1,1,Episode 1,46
3941,1,2,Episode 2,47
3942,1,1,Episode 1,46
3942,1,2,Episode 2,47
3943,1,1,Episode 1,46
3943,1,2,Episode 2,47
3943,2,1,Episode 1,46
3943,2,2,Episode 2,47
3944,1,1,Episode 1,46
3944,1,2,Episode 2,47
3944,2,1,Episode 1,46
3944,2,2,Episode 2,47
3945,1,1,Episode 1,46
3945,1,2,Episode 2,47
3947,1,1,Episode 1,46
3947,1,2,Episode 2,47
3950,1,1,Episode 1,46
3950,1,2,Episode 2,47
3954,1,1,Episode 1,46
3954,1,2,Episode 2,47
3957,1,1,Episode 1,46
3957,1,2,Episode 2,47
3959,1,1,Episode 1,46
3959,1,2,Episode 2,47
3962,1,1,Episode 1,46
3962,1,2,Episode 2,47
3965,1,1,Episode 1,46
3965,1,2,Episode 2,47
3966,1,1,Episode 1,46
3966,1,2,Episode 2,47
3966,2,1,Episode 1,46
3966,2,2,Episode 2,47
3969,1,1,Episode 1,46
3969,1,2,Episode 2,47
3970,1,1,Episode 1,46
3970,1,2,Episode 2,47
3971,1,1,Episode 1,46
3971,1,2,Episode 2,47
3971,2,1,Episode 1,46
3971,2,2,Episode 2,47
3972,1,1,Episode 1,46
3972,1,2,Episode 2,47
3972,2,1,Episode 1,46
3972,2,2,Episode 2,47
3977,1,1,Episode 1,46
3977,1,2,Episode 2,47
3980,1,1,Episode 1,46
3980,1,2,Episode 2,47
3981,1,1,Episode 1,46
3981,1,2,Episode 2,47
3982,1,1,Episode 1,46
3982,1,2,Episode 2,47
3985,1,1,Episode 1,46
3985,1,2,Episode 2,47
3987,1,1,Episode 1,46
3987,1,2,Episode 2,47
3987,2,1,Episode 1,46
3987,2,2,Episode 2,47
3989,1,1,Episode 1,46
3989,1,2,Episode 2,47
3990,1,1,Episode 1,46
3990,1,2,Episode 2,47
3997,1,1,Episode 1,46
3997,1,2,Episode 2,47
3999,1,1,Episode 1,46
3999,1,2,Episode 2,47
4002,1,1,Episode 1,46
4002,1,2,Episode 2,47
4007,1,1,Episode 1,46
4007,1,2,Episode 2,47
4013,1,1,Episode 1,46
4013,1,2,Episode 2,47
4015,1,1,Episode 1,46
4015,1,2,Episode 2,47
4015,2,1,Episode 1,46
4015,2,2,Episode 2,47
4016,1,1,Episode 1,46
4016,1,2,Episode 2,47
4017,1,1,Episode 1,46
4017,1,2,Episode 2,47
4023,1,1,Episode 1,46
4023,1,2,Episode 2,47
4024,1,1,Episode 1,46
4024,1,2,Episode 2,47
4027,1,1,Episode 1,46
4027,1,2,Episode 2,47
4028,1,1,Episode 1,46
4028,1,2,Episode 2,47
4029,1,1,Episode 1,46
4029,1,2,Episode 2,47
4029,2,1,Episode 1,46
4029,2,2,Episode 2,47
4030,1,1,Episode 1,46
4030,1,2,Episode 2,47
4031,1,1,Episode 1,46
4031,1,2,Episode 2,47
4033,1,1,Episode 1,46
4033,1,2,Episode 2,47
4036,1,1,Episode 1,46
4036,1,2,Episode 2,47
4043,1,1,Episode 1,46
4043,1,2,Episode 2,47
4044,1,1,Episode 1,46
4044,1,2,Episode 2,47
4044,2,1,Episode 1,46
4044,2,2,Episode 2,47
4045,1,1,Episode 1,46
4045,1,2,Episode 2,47
4055,1,1,Episode 1,46
4055,1,2,Episode 2,47
4056,1,1,Episode 1,46
4056,1,2,Episode 2,47
4056,2,1,Episode 1,46
4056,2,2,Episode 2,47
4057,1,1,Episode 1,46
4057,1,2,Episode 2,47
4058,1,1,Episode 1,46
4058,1,2,Episode 2,47
4064,1,1,Episode 1,46
4064,1,2,Episode 2,47
4064,2,1,Episode 1,46
4064,2,2,Episode 2,47
4080,1,1,Episode 1,46
4080,1,2,Episode 2,47
4085,1,1,Episode 1,46
4085,1,2,Episode 2,47
4085,2,1,Episode 1,46
4085,2,2,Episode 2,47
4090,1,1,Episode 1,46
4090,1,2,Episode 2,47
4090,2,1,Episode 1,46
4090,2,2,Episode 2,47
4091,1,1,Episode 1,46
4091,1,2,Episode 2,47
4091,2,1,Episode 1,46
4091,2,2,Episode 2,47
4105,1,1,Episode 1,46
4105,1,2,Episode 2,47
4106,1,1,Episode 1,46
4106,1,2,Episode 2,47
4110,1,1,Episode 1,46
4110,1,2,Episode 2,47
4112,1,1,Episode 1,46
4112,1,2,Episode 2,47
4115,1,1,Episode 1,46
4115,1,2,Episode 2,47
4115,2,1,Episode 1,46
4115,2,2,Episode 2,47
4117,1,1,Episode 1,46
4117,1,2,Episode 2,47
4117,2,1,Episode 1,46
4117,2,2,Episode 2,47
4119,1,1,Episode 1,46
4119,1,2,Episode 2,47
4120,1,1,Episode 1,46
4120,1,2,Episode 2,47
4120,2,1,Episode 1,46
4120,2,2,Episode 2,47
4123,1,1,Episode 1,46
4123,1,2,Episode 2,47
4123,2,1,Episode 1,46
4123,2,2,Episode 2,47
4126,1,1,Episode 1,46
4126,1,2,Episode 2,47
4127,1,1,Episode 1,46
4127,1,2,Episode 2,47
4128,1,1,Episode 1,46
4128,1,2,Episode 2,47
4130,1,1,Episode 1,46
4130,1,2,Episode 2,47
4131,1,1,Episode 1,46
4131,1,2,Episode 2,47
4132,1,1,Episode 1,46
4132,1,2,Episode 2,47
4133,1,1,Episode 1,46
4133,1,2,Episode 2,47
4142,1,1,Episode 1,46
4142,1,2,Episode 2,47
4142,2,1,Episode 1,46
4142,2,2,Episode 2,47
4143,1,1,Episode 1,46
4143,1,2,Episode 2,47
4144,1,1,Episode 1,46
4144,1,2,Episode 2,47
4145,1,1,Episode 1,46
4145,1,2,Episode 2,47
4150,1,1,Episode 1,46
4150,1,2,Episode 2,47
4163,1,1,Episode 1,46
4163,1,2,Episode 2,47
4164,1,1,Episode 1,46
4164,1,2,Episode 2,47
4164,2,1,Episode 1,46
4164,2,2,Episode 2,47
4167,1,1,Episode 1,46
4167,1,2,Episode 2,47
4168,1,1,Episode 1,46
4168,1,2,Episode 2,47
4168,2,1,Episode 1,46
4168,2,2,Episode 2,47
4169,1,1,Episode 1,46
4169,1,2,Episode 2,47
4172,1,1,Episode 1,46
4172,1,2,Episode 2,47
4173,1,1,Episode 1,46
4173,1,2,Episode 2,47
4175,1,1,Episode 1,46
4175,1,2,Episode 2,47
4179,1,1,Episode 1,46
4179,1,2,Episode 2,47
4179,2,1,Episode 1,46
4179,2,2,Episode 2,47
4180,1,1,Episode 1,46
4180,1,2,Episode 2,47
4184,1,1,Episode 1,46
4184,1,2,Episode 2,47
4184,2,1,Episode 1,46
4184,2,2,Episode 2,47
4185,1,1,Episode 1,46
4185,1,2,Episode 2,47
4190,1,1,Episode 1,46
4190,1,2,Episode 2,47
4197,1,1,Episode 1,46
4197,1,2,Episode 2,47
4200,1,1,Episode 1,46
4200,1,2,Episode 2,47
4201,1,1,Episode 1,46
4201,1,2,Episode 2,47
4201,2,1,Episode 1,46
4201,2,2,Episode 2,47
4202,1,1,Episode 1,46
4202,1,2,Episode 2,47
4202,2,1,Episode 1,46
4202,2,2,Episode 2,47
4203,1,1,Episode 1,46
4203,1,2,Episode 2,47
4203,2,1,Episode 1,46
4203,2,2,Episode 2,47
4207,1,1,Episode 1,46
4207,1,2,Episode 2,47
4207,2,1,Episode 1,46
4207,2,2,Episode 2,47
4208,1,1,Episode 1,46
4208,1,2,Episode 2,47
4216,1,1,Episode 1,46
4216,1,2,Episode 2,47
4217,1,1,Episode 1,46
4217,1,2,Episode 2,47
4219,1,1,Episode 1,46
4219,1,2,Episode 2,47
4219,2,1,Episode 1,46
4219,2,2,Episode 2,47
4221,1,1,Episode 1,46
4221,1,2,Episode 2,47
4221,2,1,Episode 1,46
4221,2,2,Episode 2,47
4227,1,1,Episode 1,46
4227,1,2,Episode 2,47
4227,2,1,Episode 1,46
4227,2,2,Episode 2,47
4228,1,1,Episode 1,46
4228,1,2,Episode 2,47
4251,1,1,Episode 1,46
4251,1,2,Episode 2,47
4252,1,1,Episode 1,46
4252,1,2,Episode 2,47
4255,1,1,Episode 1,46
4255,1,2,Episode 2,47
4257,1,1,Episode 1,46
4257,1,2,Episode 2,47
4258,1,1,Episode 1,46
4258,1,2,Episode 2,47
4261,1,1,Episode 1,46
4261,1,2,Episode 2,47
4262,1,1,Episode 1,46
4262,1,2,Episode 2,47
4263,1,1,Episode 1,46
4263,1,2,Episode 2,47
4264,1,1,Episode 1,46
4264,1,2,Episode 2,47
4265,1,1,Episode 1,46
4265,1,2,Episode 2,47
4265,2,1,Episode 1,46
4265,2,2,Episode 2,47
4266,1,1,Episode 1,46
4266,1,2,Episode 2,47
4267,1,1,Episode 1,46
4267,1,2,Episode 2,47
4270,1,1,Episode 1,46
4270,1,2,Episode 2,47
4271,1,1,Episode 1,46
4271,1,2,Episode 2,47
4271,2,1,Episode 1,46
4271,2,2,Episode 2,47
4272,1,1,Episode 1,46
4272,1,2,Episode 2,47
4273,1,1,Episode 1,46
4273,1,2,Episode 2,47
4274,1,1,Episode 1,46
4274,1,2,Episode 2,47
4275,1,1,Episode 1,46
4275,1,2,Episode 2,47
4277,1,1,Episode 1,46
4277,1,2,Episode 2,47
4280,1,1,Episode 1,46
4280,1,2,Episode 2,47
4280,2,1,Episode 1,46
4280,2,2,Episode 2,47
4285,1,1,Episode 1,46
4285,1,2,Episode 2,47
4289,1,1,Episode 1,46
4289,1,2,Episode 2,47
4291,1,1,Episode 1,46
4291,1,2,Episode 2,47
4297,1,1,Episode 1,46
4297,1,2,Episode 2,47
4297,2,1,Episode 1,46
4297,2,2,Episode 2,47
4305,1,1,Episode 1,46
4305,1,2,Episode 2,47
4306,1,1,Episode 1,46
4306,1,2,Episode 2,47
4308,1,1,Episode 1,46
4308,1,2,Episode 2,47
4309,1,1,Episode 1,46
4309,1,2,Episode 2,47
4310,1,1,Episode 1,46
4310,1,2,Episode 2,47
4311,1,1,Episode 1,46
4311,1,2,Episode 2,47
4311,2,1,Episode 1,46
4311,2,2,Episode 2,47
4312,1,1,Episode 1,46
4312,1,2,Episode 2,47
4312,2,1,Episode 1,46
4312,2,2,Episode 2,47
4313,1,1,Episode 1,46
4313,1,2,Episode 2,47
4317,1,1,Episode 1,46
4317,1,2,Episode 2,47
4321,1,1,Episode 1,46
4321,1,2,Episode 2,47
4321,2,1,Episode 1,46
4321,2,2,Episode 2,47
4322,1,1,Episode 1,46
4322,1,2,Episode 2,47
4327,1,1,Episode 1,46
4327,1,2,Episode 2,47
4327,2,1,Episode 1,46
4327,2,2,Episode 2,47
4328,1,1,Episode 1,46
4328,1,2,Episode 2,47
4341,1,1,Episode 1,46
4341,1,2,Episode 2,47
4351,1,1,Episode 1,46
4351,1,2,Episode 2,47
4354,1,1,Episode 1,46
4354,1,2,Episode 2,47
4357,1,1,Episode 1,46
4357,1,2,Episode 2,47
4360,1,1,Episode 1,46
4360,1,2,Episode 2,47
4360,2,1,Episode 1,46
4360,2,2,Episode 2,47
4363,1,1,Episode 1,46
4363,1,2,Episode 2,47
4364,1,1,Episode 1,46
4364,1,2,Episode 2,47
4366,1,1,Episode 1,46
4366,1,2,Episode 2,47
4366,2,1,Episode 1,46
4366,2,2,Episode 2,47
4367,1,1,Episode 1,46
4367,1,2,Episode 2,47
4368,1,1,Episode 1,46
4368,1,2,Episode 2,47
4368,2,1,Episode 1,46
4368,2,2,Episode 2,47
4369,1,1,Episode 1,46
4369,1,2,Episode 2,47
4369,2,1,Episode 1,46
4369,2,2,Episode 2,47
4372,1,1,Episode 1,46
4372,1,2,Episode 2,47
4373,1,1,Episode 1,46
4373,1,2,Episode 2,47
4377,1,1,Episode 1,46
4377,1,2,Episode 2,47
4380,1,1,Episode 1,46
4380,1,2,Episode 2,47
4381,1,1,Episode 1,46
4381,1,2,Episode 2,47
4382,1,1,Episode 1,46
4382,1,2,Episode 2,47
4385,1,1,Episode 1,46
4385,1,2,Episode 2,47
4385,2,1,Episode 1,46
4385,2,2,Episode 2,47
4388,1,1,Episode 1,46
4388,1,2,Episode 2,47
4390,1,1,Episode 1,46
4390,1,2,Episode 2,47
4400,1,1,Episode 1,46
4400,1,2,Episode 2,47
4401,1,1,Episode 1,46
4401,1,2,Episode 2,47
4404,1,1,Episode 1,46
4404,1,2,Episode 2,47
4406,1,1,Episode 1,46
4406,1,2,Episode 2,47
4407,1,1,Episode 1,46
4407,1,2,Episode 2,47
4408,1,1,Episode 1,46
4408,1,2,Episode 2,47
4408,2,1,Episode 1,46
4408,2,2,Episode 2,47
4409,1,1,Episode 1,46
4409,1,2,Episode 2,47
4410,1,1,Episode 1,46
4410,1,2,Episode 2,47
4411,1,1,Episode 1,46
4411,1,2,Episode 2,47
4414,1,1,Episode 1,46
4414,1,2,Episode 2,47
4414,2,1,Episode 1,46
4414,2,2,Episode 2,47
4416,1,1,Episode 1,46
4416,1,2,Episode 2,47
4431,1,1,Episode 1,46
4431,1,2,Episode 2,47
4431,2,1,Episode 1,46
4431,2,2,Episode 2,47
4437,1,1,Episode 1,46
4437,1,2,Episode 2,47
4437,2,1,Episode 1,46
4437,2,2,Episode 2,47
4462,1,1,Episode 1,46
4462,1,2,Episode 2,47
4470,1,1,Episode 1,46
4470,1,2,Episode 2,47
4470,2,1,Episode 1,46
4470,2,2,Episode 2,47
4477,1,1,Episode 1,46
4477,1,2,Episode 2,47
4479,1,1,Episode 1,46
4479,1,2,Episode 2,47
4480,1,1,Episode 1,46
4480,1,2,Episode 2,47
4480,2,1,Episode 1,46
4480,2,2,Episode 2,47
4484,1,1,Episode 1,46
4484,1,2,Episode 2,47
4486,1,1,Episode 1,46
4486,1,2,Episode 2,47
4486,2,1,Episode 1,46
4486,2,2,Episode 2,47
4488,1,1,Episode 1,46
4488,1,2,Episode 2,47
4489,1,1,Episode 1,46
4489,1,2,Episode 2,47
4490,1,1,Episode 1,46
4490,1,2,Episode 2,47
4495,1,1,Episode 1,46
4495,1,2,Episode 2,47
4495,2,1,Episode 1,46
4495,2,2,Episode 2,47
4496,1,1,Episode 1,46
4496,1,2,Episode 2,47
4496,2,1,Episode 1,46
4496,2,2,Episode 2,47
4499,1,1,Episode 1,46
4499,1,2,Episode 2,47
4499,2,1,Episode 1,46
4499,2,2,Episode 2,47
4502,1,1,Episode 1,46
4502,1,2,Episode 2,47
4504,1,1,Episode 1,46
4504,1,2,Episode 2,47
4504,2,1,Episode 1,46
4504,2,2,Episode 2,47
4505,1,1,Episode 1,46
4505,1,2,Episode 2,47
4505,2,1,Episode 1,46
4505,2,2,Episode 2,47
4509,1,1,Episode 1,46
4509,1,2,Episode 2,47
4512,1,1,Episode 1,46
4512,1,2,Episode 2,47
4512,2,1,Episode 1,46
4512,2,2,Episode 2,47
4515,1,1,Episode 1,46
4515,1,2,Episode 2,47
4518,1,1,Episode 1,46
4518,1,2,Episode 2,47
4519,1,1,Episode 1,46
4519,1,2,Episode 2,47
4521,1,1,Episode 1,46
4521,1,2,Episode 2,47
4522,1,1,Episode 1,46
4522,1,2,Episode 2,47
4524,1,1,Episode 1,46
4524,1,2,Episode 2,47
4528,1,1,Episode 1,46
4528,1,2,Episode 2,47
4528,2,1,Episode 1,46
4528,2,2,Episode 2,47
4530,1,1,Episode 1,46
4530,1,2,Episode 2,47
4531,1,1,Episode 1,46
4531,1,2,Episode 2,47
4532,1,1,Episode 1,46
4532,1,2,Episode 2,47
4536,1,1,Episode 1,46
4536,1,2,Episode 2,47
4537,1,1,Episode 1,46
4537,1,2,Episode 2,47
4543,1,1,Episode 1,46
4543,1,2,Episode 2,47
4550,1,1,Episode 1,46
4550,1,2,Episode 2,47
4551,1,1,Episode 1,46
4551,1,2,Episode 2,47
4552,1,1,Episode 1,46
4552,1,2,Episode 2,47
4552,2,1,Episode 1,46
4552,2,2,Episode 2,47
4554,1,1,Episode 1,46
4554,1,2,Episode 2,47
4571,1,1,Episode 1,46
4571,1,2,Episode 2,47
4605,1,1,Episode 1,46
4605,1,2,Episode 2,47
4609,1,1,Episode 1,46
4609,1,2,Episode 2,47
4622,1,1,Episode 1,46
4622,1,2,Episode 2,47
4623,1,1,Episode 1,46
4623,1,2,Episode 2,47
4623,2,1,Episode 1,46
4623,2,2,Episode 2,47
4624,1,1,Episode 1,46
4624,1,2,Episode 2,47
4624,2,1,Episode 1,46
4624,2,2,Episode 2,47
4628,1,1,Episode 1,46
4628,1,2,Episode 2,47
4629,1,1,Episode 1,46
4629,1,2,Episode 2,47
4630,1,1,Episode 1,46
4630,1,2,Episode 2,47
4633,1,1,Episode 1,46
4633,1,2,Episode 2,47
4634,1,1,Episode 1,46
4634,1,2,Episode 2,47
4635,1,1,Episode 1,46
4635,1,2,Episode 2,47
4636,1,1,Episode 1,46
4636,1,2,Episode 2,47
4637,1,1,Episode 1,46
4637,1,2,Episode 2,47
4637,2,1,Episode 1,46
4637,2,2,Episode 2,47
4638,1,1,Episode 1,46
4638,1,2,Episode 2,47
4639,1,1,Episode 1,46
4639,1,2,Episode 2,47
4639,2,1,Episode 1,46
4639,2,2,Episode 2,47
4640,1,1,Episode 1,46
4640,1,2,Episode 2,47
4641,1,1,Episode 1,46
4641,1,2,Episode 2,47
4644,1,1,Episode 1,46
4644,1,2,Episode 2,47
4646,1,1,Episode 1,46
4646,1,2,Episode 2,47
4648,1,1,Episode 1,46
4648,1,2,Episode 2,47
4649,1,1,Episode 1,46
4649,1,2,Episode 2,47
4651,1,1,Episode 1,46
4651,1,2,Episode 2,47
4651,2,1,Episode 1,46
4651,2,2,Episode 2,47
4652,1,1,Episode 1,46
4652,1,2,Episode 2,47
4653,1,1,Episode 1,46
4653,1,2,Episode 2,47
4655,1,1,Episode 1,46
4655,1,2,Episode 2,47
4656,1,1,Episode 1,46
4656,1,2,Episode 2,47
4656,2,1,Episode 1,46
4656,2,2,Episode 2,47
4659,1,1,Episode 1,46
4659,1,2,Episode 2,47
4659,2,1,Episode 1,46
4659,2,2,Episode 2,47
4663,1,1,Episode 1,46
4663,1,2,Episode 2,47
4664,1,1,Episode 1,46
4664,1,2,Episode 2,47
4664,2,1,Episode 1,46
4664,2,2,Episode 2,47
4665,1,1,Episode 1,46
4665,1,2,Episode 2,47
4671,1,1,Episode 1,46
4671,1,2,Episode 2,47
4673,1,1,Episode 1,46
4673,1,2,Episode 2,47
4674,1,1,Episode 1,46
4674,1,2,Episode 2,47
4675,1,1,Episode 1,46
4675,1,2,Episode 2,47
4675,2,1,Episode 1,46
4675,2,2,Episode 2,47
4677,1,1,Episode 1,46
4677,1,2,Episode 2,47
4677,2,1,Episode 1,46
4677,2,2,Episode 2,47
4678,1,1,Episode 1,46
4678,1,2,Episode 2,47
4678,2,1,Episode 1,46
4678,2,2,Episode 2,47
4679,1,1,Episode 1,46
4679,1,2,Episode 2,47
4683,1,1,Episode 1,46
4683,1,2,Episode 2,47
4686,1,1,Episode 1,46
4686,1,2,Episode 2,47
4688,1,1,Episode 1,46
4688,1,2,Episode 2,47
4690,1,1,Episode 1,46
4690,1,2,Episode 2,47
4697,1,1,Episode 1,46
4697,1,2,Episode 2,47
4703,1,1,Episode 1,46
4703,1,2,Episode 2,47
4704,1,1,Episode 1,46
4704,1,2,Episode 2,47
4705,1,1,Episode 1,46
4705,1,2,Episode 2,47
4710,1,1,Episode 1,46
4710,1,2,Episode 2,47
4710,2,1,Episode 1,46
4710,2,2,Episode 2,47
4711,1,1,Episode 1,46
4711,1,2,Episode 2,47
4712,1,1,Episode 1,46
4712,1,2,Episode 2,47
4717,1,1,Episode 1,46
4717,1,2,Episode 2,47
4718,1,1,Episode 1,46
4718,1,2,Episode 2,47
4718,2,1,Episode 1,46
4718,2,2,Episode 2,47
4739,1,1,Episode 1,46
4739,1,2,Episode 2,47
4742,1,1,Episode 1,46
4742,1,2,Episode 2,47
4743,1,1,Episode 1,46
4743,1,2,Episode 2,47
4744,1,1,Episode 1,46
4744,1,2,Episode 2,47
4744,2,1,Episode 1,46
4744,2,2,Episode 2,47
4745,1,1,Episode 1,46
4745,1,2,Episode 2,47
4745,2,1,Episode 1,46
4745,2,2,Episode 2,47
4748,1,1,Episode 1,46
4748,1,2,Episode 2,47
4748,2,1,Episode 1,46
4748,2,2,Episode 2,47
4751,1,1,Episode 1,46
4751,1,2,Episode 2,47
4751,2,1,Episode 1,46
4751,2,2,Episode 2,47
4753,1,1,Episode 1,46
4753,1,2,Episode 2,47
4755,1,1,Episode 1,46
4755,1,2,Episode 2,47
4759,1,1,Episode 1,46
4759,1,2,Episode 2,47
4760,1,1,Episode 1,46
4760,1,2,Episode 2,47
4763,1,1,Episode 1,46
4763,1,2,Episode 2,47
4763,2,1,Episode 1,46
4763,2,2,Episode 2,47
4764,1,1,Episode 1,46
4764,1,2,Episode 2,47
4765,1,1,Episode 1,46
4765,1,2,Episode 2,47
4765,2,1,Episode 1,46
4765,2,2,Episode 2,47
4768,1,1,Episode 1,46
4768,1,2,Episode 2,47
4772,1,1,Episode 1,46
4772,1,2,Episode 2,47
4772,2,1,Episode 1,46
4772,2,2,Episode 2,47
4773,1,1,Episode 1,46
4773,1,2,Episode 2,47
4777,1,1,Episode 1,46
4777,1,2,Episode 2,47
4777,2,1,Episode 1,46
4777,2,2,Episode 2,47
4778,1,1,Episode 1,46
4778,1,2,Episode 2,47
4778,2,1,Episode 1,46
4778,2,2,Episode 2,47
4779,1,1,Episode 1,46
4779,1,2,Episode 2,47
4779,2,1,Episode 1,46
4779,2,2,Episode 2,47
4780,1,1,Episode 1,46
4780,1,2,Episode 2,47
4781,1,1,Episode 1,46
4781,1,2,Episode 2,47
4781,2,1,Episode 1,46
4781,2,2,Episode 2,47
4799,1,1,Episode 1,46
4799,1,2,Episode 2,47
4799,2,1,Episode 1,46
4799,2,2,Episode 2,47
4805,1,1,Episode 1,46
4805,1,2,Episode 2,47
4808,1,1,Episode 1,46
4808,1,2,Episode 2,47
4810,1,1,Episode 1,46
4810,1,2,Episode 2,47
4814,1,1,Episode 1,46
4814,1,2,Episode 2,47
4816,1,1,Episode 1,46
4816,1,2,Episode 2,47
4819,1,1,Episode 1,46
4819,1,2,Episode 2,47
4822,1,1,Episode 1,46
4822,1,2,Episode 2,47
4822,2,1,Episode 1,46
4822,2,2,Episode 2,47
4825,1,1,Episode 1,46
4825,1,2,Episode 2,47
4832,1,1,Episode 1,46
4832,1,2,Episode 2,47
4833,1,1,Episode 1,46
4833,1,2,Episode 2,47
4837,1,1,Episode 1,46
4837,1,2,Episode 2,47
4838,1,1,Episode 1,46
4838,1,2,Episode 2,47
4838,2,1,Episode 1,46
4838,2,2,Episode 2,47
4839,1,1,Episode 1,46
4839,1,2,Episode 2,47
4839,2,1,Episode 1,46
4839,2,2,Episode 2,47
4842,1,1,Episode 1,46
4842,1,2,Episode 2,47
4845,1,1,Episode 1,46
4845,1,2,Episode 2,47
4845,2,1,Episode 1,46
4845,2,2,Episode 2,47
4846,1,1,Episode 1,46
4846,1,2,Episode 2,47
4846,2,1,Episode 1,46
4846,2,2,Episode 2,47
4847,1,1,Episode 1,46
4847,1,2,Episode 2,47
4849,1,1,Episode 1,46
4849,1,2,Episode 2,47
4853,1,1,Episode 1,46
4853,1,2,Episode 2,47
4853,2,1,Episode 1,46
4853,2,2,Episode 2,47
4854,1,1,Episode 1,46
4854,1,2,Episode 2,47
4857,1,1,Episode 1,46
4857,1,2,Episode 2,47
4858,1,1,Episode 1,46
4858,1,2,Episode 2,47
4858,2,1,Episode 1,46
4858,2,2,Episode 2,47
4863,1,1,Episode 1,46
4863,1,2,Episode 2,47
4866,1,1,Episode 1,46
4866,1,2,Episode 2,47
4866,2,1,Episode 1,46
4866,2,2,Episode 2,47
4868,1,1,Episode 1,46
4868,1,2,Episode 2,47
4870,1,1,Episode 1,46
4870,1,2,Episode 2,47
4875,1,1,Episode 1,46
4875,1,2,Episode 2,47
4880,1,1,Episode 1,46
4880,1,2,Episode 2,47
4880,2,1,Episode 1,46
4880,2,2,Episode 2,47
4899,1,1,Episode 1,46
4899,1,2,Episode 2,47
4901,1,1,Episode 1,46
4901,1,2,Episode 2,47
4904,1,1,Episode 1,46
4904,1,2,Episode 2,47
4907,1,1,Episode 1,46
4907,1,2,Episode 2,47
4909,1,1,Episode 1,46
4909,1,2,Episode 2,47
4909,2,1,Episode 1,46
4909,2,2,Episode 2,47
4911,1,1,Episode 1,46
4911,1,2,Episode 2,47
4914,1,1,Episode 1,46
4914,1,2,Episode 2,47
4915,1,1,Episode 1,46
4915,1,2,Episode 2,47
4925,1,1,Episode 1,46
4925,1,2,Episode 2,47
4926,1,1,Episode 1,46
4926,1,2,Episode 2,47
4927,1,1,Episode 1,46
4927,1,2,Episode 2,47
4931,1,1,Episode 1,46
4931,1,2,Episode 2,47
4931,2,1,Episode 1,46
4931,2,2,Episode 2,47
4934,1,1,Episode 1,46
4934,1,2,Episode 2,47
4942,1,1,Episode 1,46
4942,1,2,Episode 2,47
4943,1,1,Episode 1,46
4943,1,2,Episode 2,47
4943,2,1,Episode 1,46
4943,2,2,Episode 2,47
4947,1,1,Episode 1,46
4947,1,2,Episode 2,47
4947,2,1,Episode 1,46
4947,2,2,Episode 2,47
4950,1,1,Episode 1,46
4950,1,2,Episode 2,47
4952,1,1,Episode 1,46
4952,1,2,Episode 2,47
4958,1,1,Episode 1,46
4958,1,2,Episode 2,47
4958,2,1,Episode 1,46
4958,2,2,Episode 2,47
4962,1,1,Episode 1,46
4962,1,2,Episode 2,47
4965,1,1,Episode 1,46
4965,1,2,Episode 2,47
4965,2,1,Episode 1,46
4965,2,2,Episode 2,47
4968,1,1,Episode 1,46
4968,1,2,Episode 2,47
4969,1,1,Episode 1,46
4969,1,2,Episode 2,47
4974,1,1,Episode 1,46
4974,1,2,Episode 2,47
4977,1,1,Episode 1,46
4977,1,2,Episode 2,47
4977,2,1,Episode 1,46
4977,2,2,Episode 2,47
4979,1,1,Episode 1,46
4979,1,2,Episode 2,47
4981,1,1,Episode 1,46
4981,1,2,Episode 2,47
4985,1,1,Episode 1,46
4985,1,2,Episode 2,47
4986,1,1,Episode 1,46
4986,1,2,Episode 2,47
4989,1,1,Episode 1,46
4989,1,2,Episode 2,47
4992,1,1,Episode 1,46
4992,1,2,Episode 2,47
4993,1,1,Episode 1,46
4993,1,2,Episode 2,47
4995,1,1,Episode 1,46
4995,1,2,Episode 2,47
4998,1,1,Episode 1,46
4998,1,2,Episode 2,47
5001,1,1,Episode 1,46
5001,1,2,Episode 2,47
5005,1,1,Episode 1,46
5005,1,2,Episode 2,47
5027,1,1,Episode 1,46
5027,1,2,Episode 2,47
5028,1,1,Episode 1,46
5028,1,2,Episode 2,47
5028,2,1,Episode 1,46
5028,2,2,Episode 2,47
5030,1,1,Episode 1,46
5030,1,2,Episode 2,47
5031,1,1,Episode 1,46
5031,1,2,Episode 2,47
5033,1,1,Episode 1,46
5033,1,2,Episode 2,47
5033,2,1,Episode 1,46
5033,2,2,Episode 2,47
5036,1,1,Episode 1,46
5036,1,2,Episode 2,47
5036,2,1,Episode 1,46
5036,2,2,Episode 2,47
5037,1,1,Episode 1,46
5037,1,2,Episode 2,47
5039,1,1,Episode 1,46
5039,1,2,Episode 2,47
5047,1,1,Episode 1,46
5047,1,2,Episode 2,47
5049,1,1,Episode 1,46
5049,1,2,Episode 2,47
5055,1,1,Episode 1,46
5055,1,2,Episode 2,47
5055,2,1,Episode 1,46
5055,2,2,Episode 2,47
5058,1,1,Episode 1,46
5058,1,2,Episode 2,47
5064,1,1,Episode 1,46
5064,1,2,Episode 2,47
5064,2,1,Episode 1,46
5064,2,2,Episode 2,47
5066,1,1,Episode 1,46
5066,1,2,Episode 2,47
5070,1,1,Episode 1,46
5070,1,2,Episode 2,47
5070,2,1,Episode 1,46
5070,2,2,Episode 2,47
5071,1,1,Episode 1,46
5071,1,2,Episode 2,47
5076,1,1,Episode 1,46
5076,1,2,Episode 2,47
5078,1,1,Episode 1,46
5078,1,2,Episode 2,47
5083,1,1,Episode 1,46
5083,1,2,Episode 2,47
5083,2,1,Episode 1,46
5083,2,2,Episode 2,47
5090,1,1,Episode 1,46
5090,1,2,Episode 2,47
5091,1,1,Episode 1,46
5091,1,2,Episode 2,47
5091,2,1,Episode 1,46
5091,2,2,Episode 2,47
5093,1,1,Episode 1,46
5093,1,2,Episode 2,47
5096,1,1,Episode 1,46
5096,1,2,Episode 2,47
5097,1,1,Episode 1,46
5097,1,2,Episode 2,47
5097,2,1,Episode 1,46
5097,2,2,Episode 2,47
5098,1,1,Episode 1,46
5098,1,2,Episode 2,47
5098,2,1,Episode 1,46
5098,2,2,Episode 2,47
5099,1,1,Episode 1,46
5099,1,2,Episode 2,47
5100,1,1,Episode 1,46
5100,1,2,Episode 2,47
5101,1,1,Episode 1,46
5101,1,2,Episode 2,47
5104,1,1,Episode 1,46
5104,1,2,Episode 2,47
5106,1,1,Episode 1,46
5106,1,2,Episode 2,47
5110,1,1,Episode 1,46
5110,1,2,Episode 2,47
5112,1,1,Episode 1,46
5112,1,2,Episode 2,47
5113,1,1,Episode 1,46
5113,1,2,Episode 2,47
5119,1,1,Episode 1,46
5119,1,2,Episode 2,47
5120,1,1,Episode 1,46
5120,1,2,Episode 2,47
5120,2,1,Episode 1,46
5120,2,2,Episode 2,47
5121,1,1,Episode 1,46
5121,1,2,Episode 2,47
5126,1,1,Episode 1,46
5126,1,2,Episode 2,47
5127,1,1,Episode 1,46
5127,1,2,Episode 2,47
5127,2,1,Episode 1,46
5127,2,2,Episode 2,47
5129,1,1,Episode 1,46
5129,1,2,Episode 2,47
5139,1,1,Episode 1,46
5139,1,2,Episode 2,47
5139,2,1,Episode 1,46
5139,2,2,Episode 2,47
5140,1,1,Episode 1,46
5140,1,2,Episode 2,47
5142,1,1,Episode 1,46
5142,1,2,Episode 2,47
5145,1,1,Episode 1,46
5145,1,2,Episode 2,47
5146,1,1,Episode 1,46
5146,1,2,Episode 2,47
5148,1,1,Episode 1,46
5148,1,2,Episode 2,47
5148,2,1,Episode 1,46
5148,2,2,Episode 2,47
5150,1,1,Episode 1,46
5150,1,2,Episode 2,47
5150,2,1,Episode 1,46
5150,2,2,Episode 2,47
5151,1,1,Episode 1,46
5151,1,2,Episode 2,47
5151,2,1,Episode 1,46
5151,2,2,Episode 2,47
5155,1,1,Episode 1,46
5155,1,2,Episode 2,47
5156,1,1,Episode 1,46
5156,1,2,Episode 2,47
5157,1,1,Episode 1,46
5157,1,2,Episode 2,47
5158,1,1,Episode 1,46
5158,1,2,Episode 2,47
5160,1,1,Episode 1,46
5160,1,2,Episode 2,47
5166,1,1,Episode 1,46
5166,1,2,Episode 2,47
5166,2,1,Episode 1,46
5166,2,2,Episode 2,47
5167,1,1,Episode 1,46
5167,1,2,Episode 2,47
5167,2,1,Episode 1,46
5167,2,2,Episode 2,47
5169,1,1,Episode 1,46
5169,1,2,Episode 2,47
5170,1,1,Episode 1,46
5170,1,2,Episode 2,47
5171,1,1,Episode 1,46
5171,1,2,Episode 2,47
5174,1,1,Episode 1,46
5174,1,2,Episode 2,47
5175,1,1,Episode 1,46
5175,1,2,Episode 2,47
5175,2,1,Episode 1,46
5175,2,2,Episode 2,47
5176,1,1,Episode 1,46
5176,1,2,Episode 2,47
5176,2,1,Episode 1,46
5176,2,2,Episode 2,47
5179,1,1,Episode 1,46
5179,1,2,Episode 2,47
5179,2,1,Episode 1,46
5179,2,2,Episode 2,47
5181,1,1,Episode 1,46
5181,1,2,Episode 2,47
5181,2,1,Episode 1,46
5181,2,2,Episode 2,47
5185,1,1,Episode 1,46
5185,1,2,Episode 2,47
5186,1,1,Episode 1,46
5186,1,2,Episode 2,47
5192,1,1,Episode 1,46
5192,1,2,Episode 2,47
5193,1,1,Episode 1,46
5193,1,2,Episode 2,47
5194,1,1,Episode 1,46
5194,1,2,Episode 2,47
5195,1,1,Episode 1,46
5195,1,2,Episode 2,47
5196,1,1,Episode 1,46
5196,1,2,Episode 2,47
5201,1,1,Episode 1,46
5201,1,2,Episode 2,47
5206,1,1,Episode 1,46
5206,1,2,Episode 2,47
5207,1,1,Episode 1,46
5207,1,2,Episode 2,47
5207,2,1,Episode 1,46
5207,2,2,Episode 2,47
5209,1,1,Episode 1,46
5209,1,2,Episode 2,47
5209,2,1,Episode 1,46
5209,2,2,Episode 2,47
5211,1,1,Episode 1,46
5211,1,2,Episode 2,47
5216,1,1,Episode 1,46
5216,1,2,Episode 2,47
5217,1,1,Episode 1,46
5217,1,2,Episode 2,47
5220,1,1,Episode 1,46
5220,1,2,Episode 2,47
5222,1,1,Episode 1,46
5222,1,2,Episode 2,47
5222,2,1,Episode 1,46
5222,2,2,Episode 2,47
5232,1,1,Episode 1,46
5232,1,2,Episode 2,47
5233,1,1,Episode 1,46
5233,1,2,Episode 2,47
5233,2,1,Episode 1,46
5233,2,2,Episode 2,47
5237,1,1,Episode 1,46
5237,1,2,Episode 2,47
5238,1,1,Episode 1,46
5238,1,2,Episode 2,47
5243,1,1,Episode 1,46
5243,1,2,Episode 2,47
5244,1,1,Episode 1,46
5244,1,2,Episode 2,47
5244,2,1,Episode 1,46
5244,2,2,Episode 2,47
5245,1,1,Episode 1,46
5245,1,2,Episode 2,47
5245,2,1,Episode 1,46
5245,2,2,Episode 2,47
5246,1,1,Episode 1,46
5246,1,2,Episode 2,47
5246,2,1,Episode 1,46
5246,2,2,Episode 2,47
5247,1,1,Episode 1,46
5247,1,2,Episode 2,47
5248,1,1,Episode 1,46
5248,1,2,Episode 2,47
5251,1,1,Episode 1,46
5251,1,2,Episode 2,47
5252,1,1,Episode 1,46
5252,1,2,Episode 2,47
5255,1,1,Episode 1,46
5255,1,2,Episode 2,47
5258,1,1,Episode 1,46
5258,1,2,Episode 2,47
5259,1,1,Episode 1,46
5259,1,2,Episode 2,47
5259,2,1,Episode 1,46
5259,2,2,Episode 2,47
5260,1,1,Episode 1,46
5260,1,2,Episode 2,47
5263,1,1,Episode 1,46
5263,1,2,Episode 2,47
5263,2,1,Episode 1,46
5263,2,2,Episode 2,47
5264,1,1,Episode 1,46
5264,1,2,Episode 2,47
5264,2,1,Episode 1,46
5264,2,2,Episode 2,47
5273,1,1,Episode 1,46
5273,1,2,Episode 2,47
5273,2,1,Episode 1,46
5273,2,2,Episode 2,47
5275,1,1,Episode 1,46
5275,1,2,Episode 2,47
5275,2,1,Episode 1,46
5275,2,2,Episode 2,47
5279,1,1,Episode 1,46
5279,1,2,Episode 2,47
5281,1,1,Episode 1,46
5281,1,2,Episode 2,47
5285,1,1,Episode 1,46
5285,1,2,Episode 2,47
5286,1,1,Episode 1,46
5286,1,2,Episode 2,47
5286,2,1,Episode 1,46
5286,2,2,Episode 2,47
5287,1,1,Episode 1,46
5287,1,2,Episode 2,47
5288,1,1,Episode 1,46
5288,1,2,Episode 2,47
5288,2,1,Episode 1,46
5288,2,2,Episode 2,47
5289,1,1,Episode 1,46
5289,1,2,Episode 2,47
5290,1,1,Episode 1,46
5290,1,2,Episode 2,47
5298,1,1,Episode 1,46
5298,1,2,Episode 2,47
5299,1,1,Episode 1,46
5299,1,2,Episode 2,47
5300,1,1,Episode 1,46
5300,1,2,Episode 2,47
5302,1,1,Episode 1,46
5302,1,2,Episode 2,47
5306,1,1,Episode 1,46
5306,1,2,Episode 2,47
5306,2,1,Episode 1,46
5306,2,2,Episode 2,47
5321,1,1,Episode 1,46
5321,1,2,Episode 2,47
5321,2,1,Episode 1,46
5321,2,2,Episode 2,47
5322,1,1,Episode 1,46
5322,1,2,Episode 2,47
5325,1,1,Episode 1,46
5325,1,2,Episode 2,47
5328,1,1,Episode 1,46
5328,1,2,Episode 2,47
5346,1,1,Episode 1,46
5346,1,2,Episode 2,47
5348,1,1,Episode 1,46
5348,1,2,Episode 2,47
5349,1,1,Episode 1,46
5349,1,2,Episode 2,47
5350,1,1,Episode 1,46
5350,1,2,Episode 2,47
5351,1,1,Episode 1,46
5351,1,2,Episode 2,47
5353,1,1,Episode 1,46
5353,1,2,Episode 2,47
5355,1,1,Episode 1,46
5355,1,2,Episode 2,47
5356,1,1,Episode 1,46
5356,1,2,Episode 2,47
5357,1,1,Episode 1,46
5357,1,2,Episode 2,47
5361,1,1,Episode 1,46
5361,1,2,Episode 2,47
5363,1,1,Episode 1,46
5363,1,2,Episode 2,47
5364,1,1,Episode 1,46
5364,1,2,Episode 2,47
5364,2,1,Episode 1,46
5364,2,2,Episode 2,47
5366,1,1,Episode 1,46
5366,1,2,Episode 2,47
5366,2,1,Episode 1,46
5366,2,2,Episode 2,47
5367,1,1,Episode 1,46
5367,1,2,Episode 2,47
5368,1,1,Episode 1,46
5368,1,2,Episode 2,47
5373,1,1,Episode 1,46
5373,1,2,Episode 2,47
5381,1,1,Episode 1,46
5381,1,2,Episode 2,47
5381,2,1,Episode 1,46
5381,2,2,Episode 2,47
5382,1,1,Episode 1,46
5382,1,2,Episode 2,47
5382,2,1,Episode 1,46
5382,2,2,Episode 2,47
5383,1,1,Episode 1,46
5383,1,2,Episode 2,47
5384,1,1,Episode 1,46
5384,1,2,Episode 2,47
5385,1,1,Episode 1,46
5385,1,2,Episode 2,47
5387,1,1,Episode 1,46
5387,1,2,Episode 2,47
5389,1,1,Episode 1,46
5389,1,2,Episode 2,47
5391,1,1,Episode 1,46
5391,1,2,Episode 2,47
5393,1,1,Episode 1,46
5393,1,2,Episode 2,47
5394,1,1,Episode 1,46
5394,1,2,Episode 2,47
5396,1,1,Episode 1,46
5396,1,2,Episode 2,47
5396,2,1,Episode 1,46
5396,2,2,Episode 2,47
5398,1,1,Episode 1,46
5398,1,2,Episode 2,47
5400,1,1,Episode 1,46
5400,1,2,Episode 2,47
5402,1,1,Episode 1,46
5402,1,2,Episode 2,47
5404,1,1,Episode 1,46
5404,1,2,Episode 2,47
5405,1,1,Episode 1,46
5405,1,2,Episode 2,47
5406,1,1,Episode 1,46
5406,1,2,Episode 2,47
5407,1,1,Episode 1,46
5407,1,2,Episode 2,47
5407,2,1,Episode 1,46
5407,2,2,Episode 2,47
5408,1,1,Episode 1,46
5408,1,2,Episode 2,47
5410,1,1,Episode 1,46
5410,1,2,Episode 2,47
5411,1,1,Episode 1,46
5411,1,2,Episode 2,47
5413,1,1,Episode 1,46
5413,1,2,Episode 2,47
5413,2,1,Episode 1,46
5413,2,2,Episode 2,47
5414,1,1,Episode 1,46
5414,1,2,Episode 2,47
5415,1,1,Episode 1,46
5415,1,2,Episode 2,47
5415,2,1,Episode 1,46
5415,2,2,Episode 2,47
5422,1,1,Episode 1,46
5422,1,2,Episode 2,47
5422,2,1,Episode 1,46
5422,2,2,Episode 2,47
5423,1,1,Episode 1,46
5423,1,2,Episode 2,47
5423,2,1,Episode 1,46
5423,2,2,Episode 2,47
5426,1,1,Episode 1,46
5426,1,2,Episode 2,47
5426,2,1,Episode 1,46
5426,2,2,Episode 2,47
5429,1,1,Episode 1,46
5429,1,2,Episode 2,47
5429,2,1,Episode 1,46
5429,2,2,Episode 2,47
5434,1,1,Episode 1,46
5434,1,2,Episode 2,47
5435,1,1,Episode 1,46
5435,1,2,Episode 2,47
5436,1,1,Episode 1,46
5436,1,2,Episode 2,47
5437,1,1,Episode 1,46
5437,1,2,Episode 2,47
5438,1,1,Episode 1,46
5438,1,2,Episode 2,47
5439,1,1,Episode 1,46
5439,1,2,Episode 2,47
5440,1,1,Episode 1,46
5440,1,2,Episode 2,47
5445,1,1,Episode 1,46
5445,1,2,Episode 2,47
5446,1,1,Episode 1,46
5446,1,2,Episode 2,47
5446,2,1,Episode 1,46
5446,2,2,Episode 2,47
5458,1,1,Episode 1,46
5458,1,2,Episode 2,47
5459,1,1,Episode 1,46
5459,1,2,Episode 2,47
5460,1,1,Episode 1,46
5460,1,2,Episode 2,47
5460,2,1,Episode 1,46
5460,2,2,Episode 2,47
5465,1,1,Episode 1,46
5465,1,2,Episode 2,47
5466,1,1,Episode 1,46
5466,1,2,Episode 2,47
5471,1,1,Episode 1,46
5471,1,2,Episode 2,47
5471,2,1,Episode 1,46
5471,2,2,Episode 2,47
5478,1,1,Episode 1,46
5478,1,2,Episode 2,47
5480,1,1,Episode 1,46
5480,1,2,Episode 2,47
5489,1,1,Episode 1,46
5489,1,2,Episode 2,47
5495,1,1,Episode 1,46
5495,1,2,Episode 2,47
5495,2,1,Episode 1,46
5495,2,2,Episode 2,47
5510,1,1,Episode 1,46
5510,1,2,Episode 2,47
5511,1,1,Episode 1,46
5511,1,2,Episode 2,47
5514,1,1,Episode 1,46
5514,1,2,Episode 2,47
5515,1,1,Episode 1,46
5515,1,2,Episode 2,47
5515,2,1,Episode 1,46
5515,2,2,Episode 2,47
5520,1,1,Episode 1,46
5520,1,2,Episode 2,47
5521,1,1,Episode 1,46
5521,1,2,Episode 2,47
5522,1,1,Episode 1,46
5522,1,2,Episode 2,47
5524,1,1,Episode 1,46
5524,1,2,Episode 2,47
5524,2,1,Episode 1,46
5524,2,2,Episode 2,47
5538,1,1,Episode 1,46
5538,1,2,Episode 2,47
5539,1,1,Episode 1,46
5539,1,2,Episode 2,47
5539,2,1,Episode 1,46
5539,2,2,Episode 2,47
5543,1,1,Episode 1,46
5543,1,2,Episode 2,47
5555,1,1,Episode 1,46
5555,1,2,Episode 2,47
5556,1,1,Episode 1,46
5556,1,2,Episode 2,47
5556,2,1,Episode 1,46
5556,2,2,Episode 2,47
5559,1,1,Episode 1,46
5559,1,2,Episode 2,47
5559,2,1,Episode 1,46
5559,2,2,Episode 2,47
5563,1,1,Episode 1,46
5563,1,2,Episode 2,47
5564,1,1,Episode 1,46
5564,1,2,Episode 2,47
5567,1,1,Episode 1,46
5567,1,2,Episode 2,47
5568,1,1,Episode 1,46
5568,1,2,Episode 2,47
5568,2,1,Episode 1,46
5568,2,2,Episode 2,47
5570,1,1,Episode 1,46
5570,1,2,Episode 2,47
5576,1,1,Episode 1,46
5576,1,2,Episode 2,47
5579,1,1,Episode 1,46
5579,1,2,Episode 2,47
5581,1,1,Episode 1,46
5581,1,2,Episode 2,47
5584,1,1,Episode 1,46
5584,1,2,Episode 2,47
5586,1,1,Episode 1,46
5586,1,2,Episode 2,47
5592,1,1,Episode 1,46
5592,1,2,Episode 2,47
5593,1,1,Episode 1,46
5593,1,2,Episode 2,47
5594,1,1,Episode 1,46
5594,1,2,Episode 2,47
5594,2,1,Episode 1,46
5594,2,2,Episode 2,47
5599,1,1,Episode 1,46
5599,1,2,Episode 2,47
5602,1,1,Episode 1,46
5602,1,2,Episode 2,47
5604,1,1,Episode 1,46
5604,1,2,Episode 2,47
5609,1,1,Episode 1,46
5609,1,2,Episode 2,47
5610,1,1,Episode 1,46
5610,1,2,Episode 2,47
5641,1,1,Episode 1,46
5641,1,2,Episode 2,47
5651,1,1,Episode 1,46
5651,1,2,Episode 2,47
5651,2,1,Episode 1,46
5651,2,2,Episode 2,47
5654,1,1,Episode 1,46
5654,1,2,Episode 2,47
5655,1,1,Episode 1,46
5655,1,2,Episode 2,47
5655,2,1,Episode 1,46
5655,2,2,Episode 2,47
5656,1,1,Episode 1,46
5656,1,2,Episode 2,47
5659,1,1,Episode 1,46
5659,1,2,Episode 2,47
5659,2,1,Episode 1,46
5659,2,2,Episode 2,47
5663,1,1,Episode 1,46
5663,1,2,Episode 2,47
5666,1,1,Episode 1,46
5666,1,2,Episode 2,47
5668,1,1,Episode 1,46
5668,1,2,Episode 2,47
5669,1,1,Episode 1,46
5669,1,2,Episode 2,47
5670,1,1,Episode 1,46
5670,1,2,Episode 2,47
5671,1,1,Episode 1,46
5671,1,2,Episode 2,47
5672,1,1,Episode 1,46
5672,1,2,Episode 2,47
5673,1,1,Episode 1,46
5673,1,2,Episode 2,47
5673,2,1,Episode 1,46
5673,2,2,Episode 2,47
5674,1,1,Episode 1,46
5674,1,2,Episode 2,47
5675,1,1,Episode 1,46
5675,1,2,Episode 2,47
5675,2,1,Episode 1,46
5675,2,2,Episode 2,47
5676,1,1,Episode 1,46
5676,1,2,Episode 2,47
5678,1,1,Episode 1,46
5678,1,2,Episode 2,47
5681,1,1,Episode 1,46
5681,1,2,Episode 2,47
5684,1,1,Episode 1,46
5684,1,2,Episode 2,47
5685,1,1,Episode 1,46
5685,1,2,Episode 2,47
5687,1,1,Episode 1,46
5687,1,2,Episode 2,47
5691,1,1,Episode 1,46
5691,1,2,Episode 2,47
5691,2,1,Episode 1,46
5691,2,2,Episode 2,47
5693,1,1,Episode 1,46
5693,1,2,Episode 2,47
5693,2,1,Episode 1,46
5693,2,2,Episode 2,47
5700,1,1,Episode 1,46
5700,1,2,Episode 2,47
5701,1,1,Episode 1,46
5701,1,2,Episode 2,47
5704,1,1,Episode 1,46
5704,1,2,Episode 2,47
5708,1,1,Episode 1,46
5708,1,2,Episode 2,47
5716,1,1,Episode 1,46
5716,1,2,Episode 2,47
5717,1,1,Episode 1,46
5717,1,2,Episode 2,47
5721,1,1,Episode 1,46
5721,1,2,Episode 2,47
5723,1,1,Episode 1,46
5723,1,2,Episode 2,47
5724,1,1,Episode 1,46
5724,1,2,Episode 2,47
5724,2,1,Episode 1,46
5724,2,2,Episode 2,47
5728,1,1,Episode 1,46
5728,1,2,Episode 2,47
5729,1,1,Episode 1,46
5729,1,2,Episode 2,47
5730,1,1,Episode 1,46
5730,1,2,Episode 2,47
5731,1,1,Episode 1,46
5731,1,2,Episode 2,47
5732,1,1,Episode 1,46
5732,1,2,Episode 2,47
5733,1,1,Episode 1,46
5733,1,2,Episode 2,47
5742,1,1,Episode 1,46
5742,1,2,Episode 2,47
5745,1,1,Episode 1,46
5745,1,2,Episode 2,47
5752,1,1,Episode 1,46
5752,1,2,Episode 2,47
5753,1,1,Episode 1,46
5753,1,2,Episode 2,47
5754,1,1,Episode 1,46
5754,1,2,Episode 2,47
5754,2,1,Episode 1,46
5754,2,2,Episode 2,47
5760,1,1,Episode 1,46
5760,1,2,Episode 2,47
5763,1,1,Episode 1,46
5763,1,2,Episode 2,47
5764,1,1,Episode 1,46
5764,1,2,Episode 2,47
5767,1,1,Episode 1,46
5767,1,2,Episode 2,47
5769,1,1,Episode 1,46
5769,1,2,Episode 2,47
5770,1,1,Episode 1,46
5770,1,2,Episode 2,47
5772,1,1,Episode 1,46
5772,1,2,Episode 2,47
5775,1,1,Episode 1,46
5775,1,2,Episode 2,47
5778,1,1,Episode 1,46
5778,1,2,Episode 2,47
5782,1,1,Episode 1,46
5782,1,2,Episode 2,47
5786,1,1,Episode 1,46
5786,1,2,Episode 2,47
5786,2,1,Episode 1,46
5786,2,2,Episode 2,47
5800,1,1,Episode 1,46
5800,1,2,Episode 2,47
5801,1,1,Episode 1,46
5801,1,2,Episode 2,47
5802,1,1,Episode 1,46
5802,1,2,Episode 2,47
5803,1,1,Episode 1,46
5803,1,2,Episode 2,47
5804,1,1,Episode 1,46
5804,1,2,Episode 2,47
5804,2,1,Episode 1,46
5804,2,2,Episode 2,47
5806,1,1,Episode 1,46
5806,1,2,Episode 2,47
5807,1,1,Episode 1,46
5807,1,2,Episode 2,47
5808,1,1,Episode 1,46
5808,1,2,Episode 2,47
5808,2,1,Episode 1,46
5808,2,2,Episode 2,47
5812,1,1,Episode 1,46
5812,1,2,Episode 2,47
5813,1,1,Episode 1,46
5813,1,2,Episode 2,47
5813,2,1,Episode 1,46
5813,2,2,Episode 2,47
5823,1,1,Episode 1,46
5823,1,2,Episode 2,47
5824,1,1,Episode 1,46
5824,1,2,Episode 2,47
5826,1,1,Episode 1,46
5826,1,2,Episode 2,47
5828,1,1,Episode 1,46
5828,1,2,Episode 2,47
5828,2,1,Episode 1,46
5828,2,2,Episode 2,47
5830,1,1,Episode 1,46
5830,1,2,Episode 2,47
5830,2,1,Episode 1,46
5830,2,2,Episode 2,47
5835,1,1,Episode 1,46
5835,1,2,Episode 2,47
5835,2,1,Episode 1,46
5835,2,2,Episode 2,47
5837,1,1,Episode 1,46
5837,1,2,Episode 2,47
5837,2,1,Episode 1,46
5837,2,2,Episode 2,47
5839,1,1,Episode 1,46
5839,1,2,Episode 2,47
5844,1,1,Episode 1,46
5844,1,2,Episode 2,47
5845,1,1,Episode 1,46
5845,1,2,Episode 2,47
5846,1,1,Episode 1,46
5846,1,2,Episode 2,47
5854,1,1,Episode 1,46
5854,1,2,Episode 2,47
5856,1,1,Episode 1,46
5856,1,2,Episode 2,47
5856,2,1,Episode 1,46
5856,2,2,Episode 2,47
5857,1,1,Episode 1,46
5857,1,2,Episode 2,47
5857,2,1,Episode 1,46
5857,2,2,Episode 2,47
5863,1,1,Episode 1,46
5863,1,2,Episode 2,47
5864,1,1,Episode 1,46
5864,1,2,Episode 2,47
5867,1,1,Episode 1,46
5867,1,2,Episode 2,47
5868,1,1,Episode 1,46
5868,1,2,Episode 2,47
5868,2,1,Episode 1,46
5868,2,2,Episode 2,47
5870,1,1,Episode 1,46
5870,1,2,Episode 2,47
5870,2,1,Episode 1,46
5870,2,2,Episode 2,47
5871,1,1,Episode 1,46
5871,1,2,Episode 2,47
5872,1,1,Episode 1,46
5872,1,2,Episode 2,47
5878,1,1,Episode 1,46
5878,1,2,Episode 2,47
5883,1,1,Episode 1,46
5883,1,2,Episode 2,47
5886,1,1,Episode 1,46
5886,1,2,Episode 2,47
5889,1,1,Episode 1,46
5889,1,2,Episode 2,47
5889,2,1,Episode 1,46
5889,2,2,Episode 2,47
5896,1,1,Episode 1,46
5896,1,2,Episode 2,47
5901,1,1,Episode 1,46
5901,1,2,Episode 2,47
5903,1,1,Episode 1,46
5903,1,2,Episode 2,47
5903,2,1,Episode 1,46
5903,2,2,Episode 2,47
5909,1,1,Episode 1,46
5909,1,2,Episode 2,47
5909,2,1,Episode 1,46
5909,2,2,Episode 2,47
5915,1,1,Episode 1,46
5915,1,2,Episode 2,47
5923,1,1,Episode 1,46
5923,1,2,Episode 2,47
5923,2,1,Episode 1,46
5923,2,2,Episode 2,47
5924,1,1,Episode 1,46
5924,1,2,Episode 2,47
5924,2,1,Episode 1,46
5924,2,2,Episode 2,47
5934,1,1,Episode 1,46
5934,1,2,Episode 2,47
5934,2,1,Episode 1,46
5934,2,2,Episode 2,47
5940,1,1,Episode 1,46
5940,1,2,Episode 2,47
5940,2,1,Episode 1,46
5940,2,2,Episode 2,47
5941,1,1,Episode 1,46
5941,1,2,Episode 2,47
5941,2,1,Episode 1,46
5941,2,2,Episode 2,47
5965,1,1,Episode 1,46
5965,1,2,Episode 2,47
5975,1,1,Episode 1,46
5975,1,2,Episode 2,47
5979,1,1,Episode 1,46
5979,1,2,Episode 2,47
5985,1,1,Episode 1,46
5985,1,2,Episode 2,47
5987,1,1,Episode 1,46
5987,1,2,Episode 2,47
6002,1,1,Episode 1,46
6002,1,2,Episode 2,47
6025,1,1,Episode 1,46
6025,1,2,Episode 2,47
6027,1,1,Episode 1,46
6027,1,2,Episode 2,47
6038,1,1,Episode 1,46
6038,1,2,Episode 2,47
6045,1,1,Episode 1,46
6045,1,2,Episode 2,47
6067,1,1,Episode 1,46
6067,1,2,Episode 2,47
6067,2,1,Episode 1,46
6067,2,2,Episode 2,47
6068,1,1,Episode 1,46
6068,1,2,Episode 2,47
6080,1,1,Episode 1,46
6080,1,2,Episode 2,47
6080,2,1,Episode 1,46
6080,2,2,Episode 2,47
6090,1,1,Episode 1,46
6090,1,2,Episode 2,47
6095,1,1,Episode 1,46
6095,1,2,Episode 2,47
6101,1,1,Episode 1,46
6101,1,2,Episode 2,47
6102,1,1,Episode 1,46
6102,1,2,Episode 2,47
6102,2,1,Episode 1,46
6102,2,2,Episode 2,47
6103,1,1,Episode 1,46
6103,1,2,Episode 2,47
6106,1,1,Episode 1,46
6106,1,2,Episode 2,47
6127,1,1,Episode 1,46
6127,1,2,Episode 2,47
6127,2,1,Episode 1,46
6127,2,2,Episode 2,47
6133,1,1,Episode 1,46
6133,1,2,Episode 2,47
6138,1,1,Episode 1,46
6138,1,2,Episode 2,47
6138,2,1,Episode 1,46
6138,2,2,Episode 2,47
6140,1,1,Episode 1,46
6140,1,2,Episode 2,47
6147,1,1,Episode 1,46
6147,1,2,Episode 2,47
6157,1,1,Episode 1,46
6157,1,2,Episode 2,47
6162,1,1,Episode 1,46
6162,1,2,Episode 2,47
6167,1,1,Episode 1,46
6167,1,2,Episode 2,47
6168,1,1,Episode 1,46
6168,1,2,Episode 2,47
6175,1,1,Episode 1,46
6175,1,2,Episode 2,47
6175,2,1,Episode 1,46
6175,2,2,Episode 2,47
6178,1,1,Episode 1,46
6178,1,2,Episode 2,47
6178,2,1,Episode 1,46
6178,2,2,Episode 2,47
6195,1,1,Episode 1,46
6195,1,2,Episode 2,47
6199,1,1,Episode 1,46
6199,1,2,Episode 2,47
6214,1,1,Episode 1,46
6214,1,2,Episode 2,47
6214,2,1,Episode 1,46
6214,2,2,Episode 2,47
6217,1,1,Episode 1,46
6217,1,2,Episode 2,47
6220,1,1,Episode 1,46
6220,1,2,Episode 2,47
6229,1,1,Episode 1,46
6229,1,2,Episode 2,47
6250,1,1,Episode 1,46
6250,1,2,Episode 2,47
6251,1,1,Episode 1,46
6251,1,2,Episode 2,47
6251,2,1,Episode 1,46
6251,2,2,Episode 2,47
6253,1,1,Episode 1,46
6253,1,2,Episode 2,47
6254,1,1,Episode 1,46
6254,1,2,Episode 2,47
6259,1,1,Episode 1,46
6259,1,2,Episode 2,47
6263,1,1,Episode 1,46
6263,1,2,Episode 2,47
6264,1,1,Episode 1,46
6264,1,2,Episode 2,47
6265,1,1,Episode 1,46
6265,1,2,Episode 2,47
6265,2,1,Episode 1,46
6265,2,2,Episode 2,47
6266,1,1,Episode 1,46
6266,1,2,Episode 2,47
6266,2,1,Episode 1,46
6266,2,2,Episode 2,47
6276,1,1,Episode 1,46
6276,1,2,Episode 2,47
6277,1,1,Episode 1,46
6277,1,2,Episode 2,47
6280,1,1,Episode 1,46
6280,1,2,Episode 2,47
6280,2,1,Episode 1,46
6280,2,2,Episode 2,47
6282,1,1,Episode 1,46
6282,1,2,Episode 2,47
6292,1,1,Episode 1,46
6292,1,2,Episode 2,47
6295,1,1,Episode 1,46
6295,1,2,Episode 2,47
6296,1,1,Episode 1,46
6296,1,2,Episode 2,47
6302,1,1,Episode 1,46
6302,1,2,Episode 2,47
6302,2,1,Episode 1,46
6302,2,2,Episode 2,47
6305,1,1,Episode 1,46
6305,1,2,Episode 2,47
6305,2,1,Episode 1,46
6305,2,2,Episode 2,47
6319,1,1,Episode 1,46
6319,1,2,Episode 2,47
6319,2,1,Episode 1,46
6319,2,2,Episode 2,47
6320,1,1,Episode 1,46
6320,1,2,Episode 2,47
6324,1,1,Episode 1,46
6324,1,2,Episode 2,47
6336,1,1,Episode 1,46
6336,1,2,Episode 2,47
6342,1,1,Episode 1,46
6342,1,2,Episode 2,47
6348,1,1,Episode 1,46
6348,1,2,Episode 2,47
6358,1,1,Episode 1,46
6358,1,2,Episode 2,47
6361,1,1,Episode 1,46
6361,1,2,Episode 2,47
6362,1,1,Episode 1,46
6362,1,2,Episode 2,47
6362,2,1,Episode 1,46
6362,2,2,Episode 2,47
6365,1,1,Episode 1,46
6365,1,2,Episode 2,47
6369,1,1,Episode 1,46
6369,1,2,Episode 2,47
6369,2,1,Episode 1,46
6369,2,2,Episode 2,47
6372,1,1,Episode 1,46
6372,1,2,Episode 2,47
6374,1,1,Episode 1,46
6374,1,2,Episode 2,47
6374,2,1,Episode 1,46
6374,2,2,Episode 2,47
6379,1,1,Episode 1,46
6379,1,2,Episode 2,47
6382,1,1,Episode 1,46
6382,1,2,Episode 2,47
6386,1,1,Episode 1,46
6386,1,2,Episode 2,47
6390,1,1,Episode 1,46
6390,1,2,Episode 2,47
6394,1,1,Episode 1,46
6394,1,2,Episode 2,47
6394,2,1,Episode 1,46
6394,2,2,Episode 2,47
6399,1,1,Episode 1,46
6399,1,2,Episode 2,47
6402,1,1,Episode 1,46
6402,1,2,Episode 2,47
6405,1,1,Episode 1,46
6405,1,2,Episode 2,47
6408,1,1,Episode 1,46
6408,1,2,Episode 2,47
6409,1,1,Episode 1,46
6409,1,2,Episode 2,47
6412,1,1,Episode 1,46
6412,1,2,Episode 2,47
6414,1,1,Episode 1,46
6414,1,2,Episode 2,47
6417,1,1,Episode 1,46
6417,1,2,Episode 2,47
6421,1,1,Episode 1,46
6421,1,2,Episode 2,47
6427,1,1,Episode 1,46
6427,1,2,Episode 2,47
6431,1,1,Episode 1,46
6431,1,2,Episode 2,47
6452,1,1,Episode 1,46
6452,1,2,Episode 2,47
6452,2,1,Episode 1,46
6452,2,2,Episode 2,47
6456,1,1,Episode 1,46
6456,1,2,Episode 2,47
6457,1,1,Episode 1,46
6457,1,2,Episode 2,47
6457,2,1,Episode 1,46
6457,2,2,Episode 2,47
6458,1,1,Episode 1,46
6458,1,2,Episode 2,47
6458,2,1,Episode 1,46
6458,2,2,Episode 2,47
6460,1,1,Episode 1,46
6460,1,2,Episode 2,47
6461,1,1,Episode 1,46
6461,1,2,Episode 2,47
6461,2,1,Episode 1,46
6461,2,2,Episode 2,47
6470,1,1,Episode 1,46
6470,1,2,Episode 2,47
6478,1,1,Episode 1,46
6478,1,2,Episode 2,47
6484,1,1,Episode 1,46
6484,1,2,Episode 2,47
6488,1,1,Episode 1,46
6488,1,2,Episode 2,47
6491,1,1,Episode 1,46
6491,1,2,Episode 2,47
6496,1,1,Episode 1,46
6496,1,2,Episode 2,47
6499,1,1,Episode 1,46
6499,1,2,Episode 2,47
6505,1,1,Episode 1,46
6505,1,2,Episode 2,47
6505,2,1,Episode 1,46
6505,2,2,Episode 2,47
6506,1,1,Episode 1,46
6506,1,2,Episode 2,47
6506,2,1,Episode 1,46
6506,2,2,Episode 2,47
6507,1,1,Episode 1,46
6507,1,2,Episode 2,47
6507,2,1,Episode 1,46
6507,2,2,Episode 2,47
6508,1,1,Episode 1,46
6508,1,2,Episode 2,47
6509,1,1,Episode 1,46
6509,1,2,Episode 2,47
6510,1,1,Episode 1,46
6510,1,2,Episode 2,47
6514,1,1,Episode 1,46
6514,1,2,Episode 2,47
6515,1,1,Episode 1,46
6515,1,2,Episode 2,47
6520,1,1,Episode 1,46
6520,1,2,Episode 2,47
6520,2,1,Episode 1,46
6520,2,2,Episode 2,47
6521,1,1,Episode 1,46
6521,1,2,Episode 2,47
6525,1,1,Episode 1,46
6525,1,2,Episode 2,47
6533,1,1,Episode 1,46
6533,1,2,Episode 2,47
6539,1,1,Episode 1,46
6539,1,2,Episode 2,47
6543,1,1,Episode 1,46
6543,1,2,Episode 2,47
6550,1,1,Episode 1,46
6550,1,2,Episode 2,47
6550,2,1,Episode 1,46
6550,2,2,Episode 2,47
6557,1,1,Episode 1,46
6557,1,2,Episode 2,47
6560,1,1,Episode 1,46
6560,1,2,Episode 2,47
6561,1,1,Episode 1,46
6561,1,2,Episode 2,47
6561,2,1,Episode 1,46
6561,2,2,Episode 2,47
6569,1,1,Episode 1,46
6569,1,2,Episode 2,47
6572,1,1,Episode 1,46
6572,1,2,Episode 2,47
6573,1,1,Episode 1,46
6573,1,2,Episode 2,47
6573,2,1,Episode 1,46
6573,2,2,Episode 2,47
6587,1,1,Episode 1,46
6587,1,2,Episode 2,47
6587,2,1,Episode 1,46
6587,2,2,Episode 2,47
6588,1,1,Episode 1,46
6588,1,2,Episode 2,47
6602,1,1,Episode 1,46
6602,1,2,Episode 2,47
6604,1,1,Episode 1,46
6604,1,2,Episode 2,47
6604,2,1,Episode 1,46
6604,2,2,Episode 2,47
6612,1,1,Episode 1,46
6612,1,2,Episode 2,47
6614,1,1,Episode 1,46
6614,1,2,Episode 2,47
6619,1,1,Episode 1,46
6619,1,2,Episode 2,47
6636,1,1,Episode 1,46
6636,1,2,Episode 2,47
6647,1,1,Episode 1,46
6647,1,2,Episode 2,47
6652,1,1,Episode 1,46
6652,1,2,Episode 2,47
6653,1,1,Episode 1,46
6653,1,2,Episode 2,47
6659,1,1,Episode 1,46
6659,1,2,Episode 2,47
6660,1,1,Episode 1,46
6660,1,2,Episode 2,47
6661,1,1,Episode 1,46
6661,1,2,Episode 2,47
6664,1,1,Episode 1,46
6664,1,2,Episode 2,47
6672,1,1,Episode 1,46
6672,1,2,Episode 2,47
6672,2,1,Episode 1,46
6672,2,2,Episode 2,47
6673,1,1,Episode 1,46
6673,1,2,Episode 2,47
6674,1,1,Episode 1,46
6674,1,2,Episode 2,47
6675,1,1,Episode 1,46
6675,1,2,Episode 2,47
6677,1,1,Episode 1,46
6677,1,2,Episode 2,47
6679,1,1,Episode 1,46
6679,1,2,Episode 2,47
6679,2,1,Episode 1,46
6679,2,2,Episode 2,47
6691,1,1,Episode 1,46
6691,1,2,Episode 2,47
6694,1,1,Episode 1,46
6694,1,2,Episode 2,47
6696,1,1,Episode 1,46
6696,1,2,Episode 2,47
6698,1,1,Episode 1,46
6698,1,2,Episode 2,47
6710,1,1,Episode 1,46
6710,1,2,Episode 2,47
6715,1,1,Episode 1,46
6715,1,2,Episode 2,47
6718,1,1,Episode 1,46
6718,1,2,Episode 2,47
6719,1,1,Episode 1,46
6719,1,2,Episode 2,47
6725,1,1,Episode 1,46
6725,1,2,Episode 2,47
6725,2,1,Episode 1,46
6725,2,2,Episode 2,47
6729,1,1,Episode 1,46
6729,1,2,Episode 2,47
6732,1,1,Episode 1,46
6732,1,2,Episode 2,47
6733,1,1,Episode 1,46
6733,1,2,Episode 2,47
6742,1,1,Episode 1,46
6742,1,2,Episode 2,47
6743,1,1,Episode 1,46
6743,1,2,Episode 2,47
6743,2,1,Episode 1,46
6743,2,2,Episode 2,47
6745,1,1,Episode 1,46
6745,1,2,Episode 2,47
6751,1,1,Episode 1,46
6751,1,2,Episode 2,47
6751,2,1,Episode 1,46
6751,2,2,Episode 2,47
6764,1,1,Episode 1,46
6764,1,2,Episode 2,47
6764,2,1,Episode 1,46
6764,2,2,Episode 2,47
6767,1,1,Episode 1,46
6767,1,2,Episode 2,47
6767,2,1,Episode 1,46
6767,2,2,Episode 2,47
6771,1,1,Episode 1,46
6771,1,2,Episode 2,47
6774,1,1,Episode 1,46
6774,1,2,Episode 2,47
6775,1,1,Episode 1,46
6775,1,2,Episode 2,47
6783,1,1,Episode 1,46
6783,1,2,Episode 2,47
6786,1,1,Episode 1,46
6786,1,2,Episode 2,47
6789,1,1,Episode 1,46
6789,1,2,Episode 2,47
6792,1,1,Episode 1,46
6792,1,2,Episode 2,47
6796,1,1,Episode 1,46
6796,1,2,Episode 2,47
6796,2,1,Episode 1,46
6796,2,2,Episode 2,47
6804,1,1,Episode 1,46
6804,1,2,Episode 2,47
6804,2,1,Episode 1,46
6804,2,2,Episode 2,47
6807,1,1,Episode 1,46
6807,1,2,Episode 2,47
6807,2,1,Episode 1,46
6807,2,2,Episode 2,47
6811,1,1,Episode 1,46
6811,1,2,Episode 2,47
6821,1,1,Episode 1,46
6821,1,2,Episode 2,47
6823,1,1,Episode 1,46
6823,1,2,Episode 2,47
6823,2,1,Episode 1,46
6823,2,2,Episode 2,47
6825,1,1,Episode 1,46
6825,1,2,Episode 2,47
6826,1,1,Episode 1,46
6826,1,2,Episode 2,47
6828,1,1,Episode 1,46
6828,1,2,Episode 2,47
6835,1,1,Episode 1,46
6835,1,2,Episode 2,47
6836,1,1,Episode 1,46
6836,1,2,Episode 2,47
6837,1,1,Episode 1,46
6837,1,2,Episode 2,47
6839,1,1,Episode 1,46
6839,1,2,Episode 2,47
6842,1,1,Episode 1,46
6842,1,2,Episode 2,47
6850,1,1,Episode 1,46
6850,1,2,Episode 2,47
6858,1,1,Episode 1,46
6858,1,2,Episode 2,47
6869,1,1,Episode 1,46
6869,1,2,Episode 2,47
6869,2,1,Episode 1,46
6869,2,2,Episode 2,47
6872,1,1,Episode 1,46
6872,1,2,Episode 2,47
6872,2,1,Episode 1,46
6872,2,2,Episode 2,47
6874,1,1,Episode 1,46
6874,1,2,Episode 2,47
6886,1,1,Episode 1,46
6886,1,2,Episode 2,47
6886,2,1,Episode 1,46
6886,2,2,Episode 2,47
6890,1,1,Episode 1,46
6890,1,2,Episode 2,47
6890,2,1,Episode 1,46
6890,2,2,Episode 2,47
6891,1,1,Episode 1,46
6891,1,2,Episode 2,47
6891,2,1,Episode 1,46
6891,2,2,Episode 2,47
6895,1,1,Episode 1,46
6895,1,2,Episode 2,47
6895,2,1,Episode 1,46
6895,2,2,Episode 2,47
6896,1,1,Episode 1,46
6896,1,2,Episode 2,47
6902,1,1,Episode 1,46
6902,1,2,Episode 2,47
6902,2,1,Episode 1,46
6902,2,2,Episode 2,47
6907,1,1,Episode 1,46
6907,1,2,Episode 2,47
6907,2,1,Episode 1,46
6907,2,2,Episode 2,47
6918,1,1,Episode 1,46
6918,1,2,Episode 2,47
6918,2,1,Episode 1,46
6918,2,2,Episode 2,47
6920,1,1,Episode 1,46
6920,1,2,Episode 2,47
6923,1,1,Episode 1,46
6923,1,2,Episode 2,47
6923,2,1,Episode 1,46
6923,2,2,Episode 2,47
6924,1,1,Episode 1,46
6924,1,2,Episode 2,47
6931,1,1,Episode 1,46
6931,1,2,Episode 2,47
6933,1,1,Episode 1,46
6933,1,2,Episode 2,47
6936,1,1,Episode 1,46
6936,1,2,Episode 2,47
6936,2,1,Episode 1,46
6936,2,2,Episode 2,47
6938,1,1,Episode 1,46
6938,1,2,Episode 2,47
6942,1,1,Episode 1,46
6942,1,2,Episode 2,47
6942,2,1,Episode 1,46
6942,2,2,Episode 2,47
6952,1,1,Episode 1,46
6952,1,2,Episode 2,47
6952,2,1,Episode 1,46
6952,2,2,Episode 2,47
6954,1,1,Episode 1,46
6954,1,2,Episode 2,47
6956,1,1,Episode 1,46
6956,1,2,Episode 2,47
6956,2,1,Episode 1,46
6956,2,2,Episode 2,47
6964,1,1,Episode 1,46
6964,1,2,Episode 2,47
6964,2,1,Episode 1,46
6964,2,2,Episode 2,47
6966,1,1,Episode 1,46
6966,1,2,Episode 2,47
6970,1,1,Episode 1,46
6970,1,2,Episode 2,47
6970,2,1,Episode 1,46
6970,2,2,Episode 2,47
6971,1,1,Episode 1,46
6971,1,2,Episode 2,47
6971,2,1,Episode 1,46
6971,2,2,Episode 2,47
6972,1,1,Episode 1,46
6972,1,2,Episode 2,47
6972,2,1,Episode 1,46
6972,2,2,Episode 2,47
6975,1,1,Episode 1,46
6975,1,2,Episode 2,47
6977,1,1,Episode 1,46
6977,1,2,Episode 2,47
6982,1,1,Episode 1,46
6982,1,2,Episode 2,47
6997,1,1,Episode 1,46
6997,1,2,Episode 2,47
6997,2,1,Episode 1,46
6997,2,2,Episode 2,47
6999,1,1,Episode 1,46
6999,1,2,Episode 2,47
7007,1,1,Episode 1,46
7007,1,2,Episode 2,47
7018,1,1,Episode 1,46
7018,1,2,Episode 2,47
7025,1,1,Episode 1,46
7025,1,2,Episode 2,47
7029,1,1,Episode 1,46
7029,1,2,Episode 2,47
7030,1,1,Episode 1,46
7030,1,2,Episode 2,47
7030,2,1,Episode 1,46
7030,2,2,Episode 2,47
7034,1,1,Episode 1,46
7034,1,2,Episode 2,47
7034,2,1,Episode 1,46
7034,2,2,Episode 2,47
7040,1,1,Episode 1,46
7040,1,2,Episode 2,47
7051,1,1,Episode 1,46
7051,1,2,Episode 2,47
7051,2,1,Episode 1,46
7051,2,2,Episode 2,47
7055,1,1,Episode 1,46
7055,1,2,Episode 2,47
7060,1,1,Episode 1,46
7060,1,2,Episode 2,47
7070,1,1,Episode 1,46
7070,1,2,Episode 2,47
7081,1,1,Episode 1,46
7081,1,2,Episode 2,47
7082,1,1,Episode 1,46
7082,1,2,Episode 2,47
7083,1,1,Episode 1,46
7083,1,2,Episode 2,47
7084,1,1,Episode 1,46
7084,1,2,Episode 2,47
7086,1,1,Episode 1,46
7086,1,2,Episode 2,47
7086,2,1,Episode 1,46
7086,2,2,Episode 2,47
7099,1,1,Episode 1,46
7099,1,2,Episode 2,47
7099,2,1,Episode 1,46
7099,2,2,Episode 2,47
7101,1,1,Episode 1,46
7101,1,2,Episode 2,47
7102,1,1,Episode 1,46
7102,1,2,Episode 2,47
7113,1,1,Episode 1,46
7113,1,2,Episode 2,47
7121,1,1,Episode 1,46
7121,1,2,Episode 2,47
7124,1,1,Episode 1,46
7124,1,2,Episode 2,47
7124,2,1,Episode 1,46
7124,2,2,Episode 2,47
7126,1,1,Episode 1,46
7126,1,2,Episode 2,47
7126,2,1,Episode 1,46
7126,2,2,Episode 2,47
7130,1,1,Episode 1,46
7130,1,2,Episode 2,47
7132,1,1,Episode 1,46
7132,1,2,Episode 2,47
7141,1,1,Episode 1,46
7141,1,2,Episode 2,47
7143,1,1,Episode 1,46
7143,1,2,Episode 2,47
7144,1,1,Episode 1,46
7144,1,2,Episode 2,47
7149,1,1,Episode 1,46
7149,1,2,Episode 2,47
7149,2,1,Episode 1,46
7149,2,2,Episode 2,47
7156,1,1,Episode 1,46
7156,1,2,Episode 2,47
7158,1,1,Episode 1,46
7158,1,2,Episode 2,47
7176,1,1,Episode 1,46
7176,1,2,Episode 2,47
7177,1,1,Episode 1,46
7177,1,2,Episode 2,47
7178,1,1,Episode 1,46
7178,1,2,Episode 2,47
7183,1,1,Episode 1,46
7183,1,2,Episode 2,47
7185,1,1,Episode 1,46
7185,1,2,Episode 2,47
7186,1,1,Episode 1,46
7186,1,2,Episode 2,47
7188,1,1,Episode 1,46
7188,1,2,Episode 2,47
7197,1,1,Episode 1,46
7197,1,2,Episode 2,47
7197,2,1,Episode 1,46
7197,2,2,Episode 2,47
7210,1,1,Episode 1,46
7210,1,2,Episode 2,47
7215,1,1,Episode 1,46
7215,1,2,Episode 2,47
7216,1,1,Episode 1,46
7216,1,2,Episode 2,47
7218,1,1,Episode 1,46
7218,1,2,Episode 2,47
7218,2,1,Episode 1,46
7218,2,2,Episode 2,47
7223,1,1,Episode 1,46
7223,1,2,Episode 2,47
7236,1,1,Episode 1,46
7236,1,2,Episode 2,47
7246,1,1,Episode 1,46
7246,1,2,Episode 2,47
7255,1,1,Episode 1,46
7255,1,2,Episode 2,47
7255,2,1,Episode 1,46
7255,2,2,Episode 2,47
7256,1,1,Episode 1,46
7256,1,2,Episode 2,47
7257,1,1,Episode 1,46
7257,1,2,Episode 2,47
7258,1,1,Episode 1,46
7258,1,2,Episode 2,47
7259,1,1,Episode 1,46
7259,1,2,Episode 2,47
7265,1,1,Episode 1,46
7265,1,2,Episode 2,47
7267,1,1,Episode 1,46
7267,1,2,Episode 2,47
7267,2,1,Episode 1,46
7267,2,2,Episode 2,47
7269,1,1,Episode 1,46
7269,1,2,Episode 2,47
7280,1,1,Episode 1,46
7280,1,2,Episode 2,47
7286,1,1,Episode 1,46
7286,1,2,Episode 2,47
7288,1,1,Episode 1,46
7288,1,2,Episode 2,47
7288,2,1,Episode 1,46
7288,2,2,Episode 2,47
7289,1,1,Episode 1,46
7289,1,2,Episode 2,47
7292,1,1,Episode 1,46
7292,1,2,Episode 2,47
7296,1,1,Episode 1,46
7296,1,2,Episode 2,47
7296,2,1,Episode 1,46
7296,2,2,Episode 2,47
7298,1,1,Episode 1,46
7298,1,2,Episode 2,47
7301,1,1,Episode 1,46
7301,1,2,Episode 2,47
7302,1,1,Episode 1,46
7302,1,2,Episode 2,47
7308,1,1,Episode 1,46
7308,1,2,Episode 2,47
7308,2,1,Episode 1,46
7308,2,2,Episode 2,47
7313,1,1,Episode 1,46
7313,1,2,Episode 2,47
7322,1,1,Episode 1,46
7322,1,2,Episode 2,47
7322,2,1,Episode 1,46
7322,2,2,Episode 2,47
7325,1,1,Episode 1,46
7325,1,2,Episode 2,47
7326,1,1,Episode 1,46
7326,1,2,Episode 2,47
7332,1,1,Episode 1,46
7332,1,2,Episode 2,47
7332,2,1,Episode 1,46
7332,2,2,Episode 2,47
7334,1,1,Episode 1,46
7334,1,2,Episode 2,47
7339,1,1,Episode 1,46
7339,1,2,Episode 2,47
7341,1,1,Episode 1,46
7341,1,2,Episode 2,47
7343,1,1,Episode 1,46
7343,1,2,Episode 2,47
7343,2,1,Episode 1,46
7343,2,2,Episode 2,47
7344,1,1,Episode 1,46
7344,1,2,Episode 2,47
7349,1,1,Episode 1,46
7349,1,2,Episode 2,47
7350,1,1,Episode 1,46
7350,1,2,Episode 2,47
7354,1,1,Episode 1,46
7354,1,2,Episode 2,47
7360,1,1,Episode 1,46
7360,1,2,Episode 2,47
7369,1,1,Episode 1,46
7369,1,2,Episode 2,47
7369,2,1,Episode 1,46
7369,2,2,Episode 2,47
7376,1,1,Episode 1,46
7376,1,2,Episode 2,47
7377,1,1,Episode 1,46
7377,1,2,Episode 2,47
7382,1,1,Episode 1,46
7382,1,2,Episode 2,47
7383,1,1,Episode 1,46
7383,1,2,Episode 2,47
7384,1,1,Episode 1,46
7384,1,2,Episode 2,47
7386,1,1,Episode 1,46
7386,1,2,Episode 2,47
7393,1,1,Episode 1,46
7393,1,2,Episode 2,47
7405,1,1,Episode 1,46
7405,1,2,Episode 2,47
7407,1,1,Episode 1,46
7407,1,2,Episode 2,47
7407,2,1,Episode 1,46
7407,2,2,Episode 2,47
7409,1,1,Episode 1,46
7409,1,2,Episode 2,47
7410,1,1,Episode 1,46
7410,1,2,Episode 2,47
7410,2,1,Episode 1,46
7410,2,2,Episode 2,47
7419,1,1,Episode 1,46
7419,1,2,Episode 2,47
7436,1,1,Episode 1,46
7436,1,2,Episode 2,47
7437,1,1,Episode 1,46
7437,1,2,Episode 2,47
7439,1,1,Episode 1,46
7439,1,2,Episode 2,47
7447,1,1,Episode 1,46
7447,1,2,Episode 2,47
7448,1,1,Episode 1,46
7448,1,2,Episode 2,47
7450,1,1,Episode 1,46
7450,1,2,Episode 2,47
7454,1,1,Episode 1,46
7454,1,2,Episode 2,47
7456,1,1,Episode 1,46
7456,1,2,Episode 2,47
7458,1,1,Episode 1,46
7458,1,2,Episode 2,47
7458,2,1,Episode 1,46
7458,2,2,Episode 2,47
7460,1,1,Episode 1,46
7460,1,2,Episode 2,47
7464,1,1,Episode 1,46
7464,1,2,Episode 2,47
7469,1,1,Episode 1,46
7469,1,2,Episode 2,47
7481,1,1,Episode 1,46
7481,1,2,Episode 2,47
7484,1,1,Episode 1,46
7484,1,2,Episode 2,47
7486,1,1,Episode 1,46
7486,1,2,Episode 2,47
7503,1,1,Episode 1,46
7503,1,2,Episode 2,47
7503,2,1,Episode 1,46
7503,2,2,Episode 2,47
7505,1,1,Episode 1,46
7505,1,2,Episode 2,47
7506,1,1,Episode 1,46
7506,1,2,Episode 2,47
7522,1,1,Episode 1,46
7522,1,2,Episode 2,47
7522,2,1,Episode 1,46
7522,2,2,Episode 2,47
7529,1,1,Episode 1,46
7529,1,2,Episode 2,47
7529,2,1,Episode 1,46
7529,2,2,Episode 2,47
7530,1,1,Episode 1,46
7530,1,2,Episode 2,47
7530,2,1,Episode 1,46
7530,2,2,Episode 2,47
7539,1,1,Episode 1,46
7539,1,2,Episode 2,47
7541,1,1,Episode 1,46
7541,1,2,Episode 2,47
7548,1,1,Episode 1,46
7548,1,2,Episode 2,47
7552,1,1,Episode 1,46
7552,1,2,Episode 2,47
7569,1,1,Episode 1,46
7569,1,2,Episode 2,47
7570,1,1,Episode 1,46
7570,1,2,Episode 2,47
7572,1,1,Episode 1,46
7572,1,2,Episode 2,47
7573,1,1,Episode 1,46
7573,1,2,Episode 2,47
7574,1,1,Episode 1,46
7574,1,2,Episode 2,47
7575,1,1,Episode 1,46
7575,1,2,Episode 2,47
7575,2,1,Episode 1,46
7575,2,2,Episode 2,47
7577,1,1,Episode 1,46
7577,1,2,Episode 2,47
7577,2,1,Episode 1,46
7577,2,2,Episode 2,47
7587,1,1,Episode 1,46
7587,1,2,Episode 2,47
7587,2,1,Episode 1,46
7587,2,2,Episode 2,47
7589,1,1,Episode 1,46
7589,1,2,Episode 2,47
7590,1,1,Episode 1,46
7590,1,2,Episode 2,47
7594,1,1,Episode 1,46
7594,1,2,Episode 2,47
7598,1,1,Episode 1,46
7598,1,2,Episode 2,47
7624,1,1,Episode 1,46
7624,1,2,Episode 2,47
7625,1,1,Episode 1,46
7625,1,2,Episode 2,47
7628,1,1,Episode 1,46
7628,1,2,Episode 2,47
7629,1,1,Episode 1,46
7629,1,2,Episode 2,47
7629,2,1,Episode 1,46
7629,2,2,Episode 2,47
7630,1,1,Episode 1,46
7630,1,2,Episode 2,47
7633,1,1,Episode 1,46
7633,1,2,Episode 2,47
7641,1,1,Episode 1,46
7641,1,2,Episode 2,47
7647,1,1,Episode 1,46
7647,1,2,Episode 2,47
7647,2,1,Episode 1,46
7647,2,2,Episode 2,47
7649,1,1,Episode 1,46
7649,1,2,Episode 2,47
7650,1,1,Episode 1,46
7650,1,2,Episode 2,47
7667,1,1,Episode 1,46
7667,1,2,Episode 2,47
7672,1,1,Episode 1,46
7672,1,2,Episode 2,47
7675,1,1,Episode 1,46
7675,1,2,Episode 2,47
7676,1,1,Episode 1,46
7676,1,2,Episode 2,47
7680,1,1,Episode 1,46
7680,1,2,Episode 2,47
7680,2,1,Episode 1,46
7680,2,2,Episode 2,47
7690,1,1,Episode 1,46
7690,1,2,Episode 2,47
7694,1,1,Episode 1,46
7694,1,2,Episode 2,47
7699,1,1,Episode 1,46
7699,1,2,Episode 2,47
7706,1,1,Episode 1,46
7706,1,2,Episode 2,47
7706,2,1,Episode 1,46
7706,2,2,Episode 2,47
7710,1,1,Episode 1,46
7710,1,2,Episode 2,47
7710,2,1,Episode 1,46
7710,2,2,Episode 2,47
7711,1,1,Episode 1,46
7711,1,2,Episode 2,47
7719,1,1,Episode 1,46
7719,1,2,Episode 2,47
7722,1,1,Episode 1,46
7722,1,2,Episode 2,47
7722,2,1,Episode 1,46
7722,2,2,Episode 2,47
7726,1,1,Episode 1,46
7726,1,2,Episode 2,47
7726,2,1,Episode 1,46
7726,2,2,Episode 2,47
7730,1,1,Episode 1,46
7730,1,2,Episode 2,47
7730,2,1,Episode 1,46
7730,2,2,Episode 2,47
7744,1,1,Episode 1,46
7744,1,2,Episode 2,47
7748,1,1,Episode 1,46
7748,1,2,Episode 2,47
7749,1,1,Episode 1,46
7749,1,2,Episode 2,47
7757,1,1,Episode 1,46
7757,1,2,Episode 2,47
7757,2,1,Episode 1,46
7757,2,2,Episode 2,47
7760,1,1,Episode 1,46
7760,1,2,Episode 2,47
7761,1,1,Episode 1,46
7761,1,2,Episode 2,47
7762,1,1,Episode 1,46
7762,1,2,Episode 2,47
7763,1,1,Episode 1,46
7763,1,2,Episode 2,47
7764,1,1,Episode 1,46
7764,1,2,Episode 2,47
7765,1,1,Episode 1,46
7765,1,2,Episode 2,47
7766,1,1,Episode 1,46
7766,1,2,Episode 2,47
7767,1,1,Episode 1,46
7767,1,2,Episode 2,47
7768,1,1,Episode 1,46
7768,1,2,Episode 2,47
7769,1,1,Episode 1,46
7769,1,2,Episode 2,47
7770,1,1,Episode 1,46
7770,1,2,Episode 2,47
7771,1,1,Episode 1,46
7771,1,2,Episode 2,47
7772,1,1,Episode 1,46
7772,1,2,Episode 2,47
7773,1,1,Episode 1,46
7773,1,2,Episode 2,47
7774,1,1,Episode 1,46
7774,1,2,Episode 2,47
7778,1,1,Episode 1,46
7778,1,2,Episode 2,47
7780,1,1,Episode 1,46
7780,1,2,Episode 2,47
7783,1,1,Episode 1,46
7783,1,2,Episode 2,47
7784,1,1,Episode 1,46
7784,1,2,Episode 2,47
7785,1,1,Episode 1,46
7785,1,2,Episode 2,47
7786,1,1,Episode 1,46
7786,1,2,Episode 2,47
7787,1,1,Episode 1,46
7787,1,2,Episode 2,47
7796,1,1,Episode 1,46
7796,1,2,Episode 2,47
7799,1,1,Episode 1,46
7799,1,2,Episode 2,47
7801,1,1,Episode 1,46
7801,1,2,Episode 2,47
7801,2,1,Episode 1,46
7801,2,2,Episode 2,47
7807,1,1,Episode 1,46
7807,1,2,Episode 2,47
7807,2,1,Episode 1,46
7807,2,2,Episode 2,47
7809,1,1,Episode 1,46
7809,1,2,Episode 2,47
7811,1,1,Episode 1,46
7811,1,2,Episode 2,47
7813,1,1,Episode 1,46
7813,1,2,Episode 2,47
7814,1,1,Episode 1,46
7814,1,2,Episode 2,47
7816,1,1,Episode 1,46
7816,1,2,Episode 2,47
7829,1,1,Episode 1,46
7829,1,2,Episode 2,47
7836,1,1,Episode 1,46
7836,1,2,Episode 2,47
7839,1,1,Episode 1,46
7839,1,2,Episode 2,47
7841,1,1,Episode 1,46
7841,1,2,Episode 2,47
7843,1,1,Episode 1,46
7843,1,2,Episode 2,47
7843,2,1,Episode 1,46
7843,2,2,Episode 2,47
7848,1,1,Episode 1,46
7848,1,2,Episode 2,47
7848,2,1,Episode 1,46
7848,2,2,Episode 2,47
7851,1,1,Episode 1,46
7851,1,2,Episode 2,47
7851,2,1,Episode 1,46
7851,2,2,Episode 2,47
7857,1,1,Episode 1,46
7857,1,2,Episode 2,47
7857,2,1,Episode 1,46
7857,2,2,Episode 2,47
7863,1,1,Episode 1,46
7863,1,2,Episode 2,47
7865,1,1,Episode 1,46
7865,1,2,Episode 2,47
7868,1,1,Episode 1,46
7868,1,2,Episode 2,47
7868,2,1,Episode 1,46
7868,2,2,Episode 2,47
7871,1,1,Episode 1,46
7871,1,2,Episode 2,47
7871,2,1,Episode 1,46
7871,2,2,Episode 2,47
7873,1,1,Episode 1,46
7873,1,2,Episode 2,47
7879,1,1,Episode 1,46
7879,1,2,Episode 2,47
7893,1,1,Episode 1,46
7893,1,2,Episode 2,47
7893,2,1,Episode 1,46
7893,2,2,Episode 2,47
7897,1,1,Episode 1,46
7897,1,2,Episode 2,47
7897,2,1,Episode 1,46
7897,2,2,Episode 2,47
7898,1,1,Episode 1,46
7898,1,2,Episode 2,47
7907,1,1,Episode 1,46
7907,1,2,Episode 2,47
7907,2,1,Episode 1,46
7907,2,2,Episode 2,47
7909,1,1,Episode 1,46
7909,1,2,Episode 2,47
7919,1,1,Episode 1,46
7919,1,2,Episode 2,47
7943,1,1,Episode 1,46
7943,1,2,Episode 2,47
7949,1,1,Episode 1,46
7949,1,2,Episode 2,47
7954,1,1,Episode 1,46
7954,1,2,Episode 2,47
7954,2,1,Episode 1,46
7954,2,2,Episode 2,47
7969,1,1,Episode 1,46
7969,1,2,Episode 2,47
7983,1,1,Episode 1,46
7983,1,2,Episode 2,47
7985,1,1,Episode 1,46
7985,1,2,Episode 2,47
7992,1,1,Episode 1,46
7992,1,2,Episode 2,47
7994,1,1,Episode 1,46
7994,1,2,Episode 2,47
8003,1,1,Episode 1,46
8003,1,2,Episode 2,47
8003,2,1,Episode 1,46
8003,2,2,Episode 2,47
8016,1,1,Episode 1,46
8016,1,2,Episode 2,47
8021,1,1,Episode 1,46
8021,1,2,Episode 2,47
8021,2,1,Episode 1,46
8021,2,2,Episode 2,47
8022,1,1,Episode 1,46
8022,1,2,Episode 2,47
8023,1,1,Episode 1,46
8023,1,2,Episode 2,47
8023,2,1,Episode 1,46
8023,2,2,Episode 2,47
8031,1,1,Episode 1,46
8031,1,2,Episode 2,47
8031,2,1,Episode 1,46
8031,2,2,Episode 2,47
8032,1,1,Episode 1,46
8032,1,2,Episode 2,47
8041,1,1,Episode 1,46
8041,1,2,Episode 2,47
8059,1,1,Episode 1,46
8059,1,2,Episode 2,47
8063,1,1,Episode 1,46
8063,1,2,Episode 2,47
8065,1,1,Episode 1,46
8065,1,2,Episode 2,47
8065,2,1,Episode 1,46
8065,2,2,Episode 2,47
8071,1,1,Episode 1,46
8071,1,2,Episode 2,47
8071,2,1,Episode 1,46
8071,2,2,Episode 2,47
8084,1,1,Episode 1,46
8084,1,2,Episode 2,47
8086,1,1,Episode 1,46
8086,1,2,Episode 2,47
8094,1,1,Episode 1,46
8094,1,2,Episode 2,47
8095,1,1,Episode 1,46
8095,1,2,Episode 2,47
8098,1,1,Episode 1,46
8098,1,2,Episode 2,47
8103,1,1,Episode 1,46
8103,1,2,Episode 2,47
8108,1,1,Episode 1,46
8108,1,2,Episode 2,47
8110,1,1,Episode 1,46
8110,1,2,Episode 2,47
8118,1,1,Episode 1,46
8118,1,2,Episode 2,47
8122,1,1,Episode 1,46
8122,1,2,Episode 2,47
8126,1,1,Episode 1,46
8126,1,2,Episode 2,47
8126,2,1,Episode 1,46
8126,2,2,Episode 2,47
8130,1,1,Episode 1,46
8130,1,2,Episode 2,47
8133,1,1,Episode 1,46
8133,1,2,Episode 2,47
8138,1,1,Episode 1,46
8138,1,2,Episode 2,47
8144,1,1,Episode 1,46
8144,1,2,Episode 2,47
8148,1,1,Episode 1,46
8148,1,2,Episode 2,47
8148,2,1,Episode 1,46
8148,2,2,Episode 2,47
8149,1,1,Episode 1,46
8149,1,2,Episode 2,47
8166,1,1,Episode 1,46
8166,1,2,Episode 2,47
8173,1,1,Episode 1,46
8173,1,2,Episode 2,47
8174,1,1,Episode 1,46
8174,1,2,Episode 2,47
8175,1,1,Episode 1,46
8175,1,2,Episode 2,47
8175,2,1,Episode 1,46
8175,2,2,Episode 2,47
8176,1,1,Episode 1,46
8176,1,2,Episode 2,47
8181,1,1,Episode 1,46
8181,1,2,Episode 2,47
8181,2,1,Episode 1,46
8181,2,2,Episode 2,47
8183,1,1,Episode 1,46
8183,1,2,Episode 2,47
8183,2,1,Episode 1,46
8183,2,2,Episode 2,47
8190,1,1,Episode 1,46
8190,1,2,Episode 2,47
8190,2,1,Episode 1,46
8190,2,2,Episode 2,47
8194,1,1,Episode 1,46
8194,1,2,Episode 2,47
8194,2,1,Episode 1,46
8194,2,2,Episode 2,47
8200,1,1,Episode 1,46
8200,1,2,Episode 2,47
8207,1,1,Episode 1,46
8207,1,2,Episode 2,47
8208,1,1,Episode 1,46
8208,1,2,Episode 2,47
8209,1,1,Episode 1,46
8209,1,2,Episode 2,47
8210,1,1,Episode 1,46
8210,1,2,Episode 2,47
8215,1,1,Episode 1,46
8215,1,2,Episode 2,47
8217,1,1,Episode 1,46
8217,1,2,Episode 2,47
8236,1,1,Episode 1,46
8236,1,2,Episode 2,47
8244,1,1,Episode 1,46
8244,1,2,Episode 2,47
8251,1,1,Episode 1,46
8251,1,2,Episode 2,47
8258,1,1,Episode 1,46
8258,1,2,Episode 2,47
8258,2,1,Episode 1,46
8258,2,2,Episode 2,47
8263,1,1,Episode 1,46
8263,1,2,Episode 2,47
8272,1,1,Episode 1,46
8272,1,2,Episode 2,47
8272,2,1,Episode 1,46
8272,2,2,Episode 2,47
8278,1,1,Episode 1,46
8278,1,2,Episode 2,47
8283,1,1,Episode 1,46
8283,1,2,Episode 2,47
8288,1,1,Episode 1,46
8288,1,2,Episode 2,47
8294,1,1,Episode 1,46
8294,1,2,Episode 2,47
8303,1,1,Episode 1,46
8303,1,2,Episode 2,47
8312,1,1,Episode 1,46
8312,1,2,Episode 2,47
8312,2,1,Episode 1,46
8312,2,2,Episode 2,47
8316,1,1,Episode 1,46
8316,1,2,Episode 2,47
8316,2,1,Episode 1,46
8316,2,2,Episode 2,47
8317,1,1,Episode 1,46
8317,1,2,Episode 2,47
8322,1,1,Episode 1,46
8322,1,2,Episode 2,47
8332,1,1,Episode 1,46
8332,1,2,Episode 2,47
8332,2,1,Episode 1,46
8332,2,2,Episode 2,47
8335,1,1,Episode 1,46
8335,1,2,Episode 2,47
8337,1,1,Episode 1,46
8337,1,2,Episode 2,47
8348,1,1,Episode 1,46
8348,1,2,Episode 2,47
8350,1,1,Episode 1,46
8350,1,2,Episode 2,47
8350,2,1,Episode 1,46
8350,2,2,Episode 2,47
8354,1,1,Episode 1,46
8354,1,2,Episode 2,47
8358,1,1,Episode 1,46
8358,1,2,Episode 2,47
8358,2,1,Episode 1,46
8358,2,2,Episode 2,47
8367,1,1,Episode 1,46
8367,1,2,Episode 2,47
8367,2,1,Episode 1,46
8367,2,2,Episode 2,47
8369,1,1,Episode 1,46
8369,1,2,Episode 2,47
8372,1,1,Episode 1,46
8372,1,2,Episode 2,47
8374,1,1,Episode 1,46
8374,1,2,Episode 2,47
8377,1,1,Episode 1,46
8377,1,2,Episode 2,47
8379,1,1,Episode 1,46
8379,1,2,Episode 2,47
8379,2,1,Episode 1,46
8379,2,2,Episode 2,47
8380,1,1,Episode 1,46
8380,1,2,Episode 2,47
8393,1,1,Episode 1,46
8393,1,2,Episode 2,47
8398,1,1,Episode 1,46
8398,1,2,Episode 2,47
8412,1,1,Episode 1,46
8412,1,2,Episode 2,47
8422,1,1,Episode 1,46
8422,1,2,Episode 2,47
8423,1,1,Episode 1,46
8423,1,2,Episode 2,47
8423,2,1,Episode 1,46
8423,2,2,Episode 2,47
8424,1,1,Episode 1,46
8424,1,2,Episode 2,47
8424,2,1,Episode 1,46
8424,2,2,Episode 2,47
8425,1,1,Episode 1,46
8425,1,2,Episode 2,47
8425,2,1,Episode 1,46
8425,2,2,Episode 2,47
8429,1,1,Episode 1,46
8429,1,2,Episode 2,47
8430,1,1,Episode 1,46
8430,1,2,Episode 2,47
8432,1,1,Episode 1,46
8432,1,2,Episode 2,47
8438,1,1,Episode 1,46
8438,1,2,Episode 2,47
8440,1,1,Episode 1,46
8440,1,2,Episode 2,47
8443,1,1,Episode 1,46
8443,1,2,Episode 2,47
8443,2,1,Episode 1,46
8443,2,2,Episode 2,47
8472,1,1,Episode 1,46
8472,1,2,Episode 2,47
8475,1,1,Episode 1,46
8475,1,2,Episode 2,47
8477,1,1,Episode 1,46
8477,1,2,Episode 2,47
8483,1,1,Episode 1,46
8483,1,2,Episode 2,47
8491,1,1,Episode 1,46
8491,1,2,Episode 2,47
8504,1,1,Episode 1,46
8504,1,2,Episode 2,47
8511,1,1,Episode 1,46
8511,1,2,Episode 2,47
8511,2,1,Episode 1,46
8511,2,2,Episode 2,47
8519,1,1,Episode 1,46
8519,1,2,Episode 2,47
8519,2,1,Episode 1,46
8519,2,2,Episode 2,47
8520,1,1,Episode 1,46
8520,1,2,Episode 2,47
8524,1,1,Episode 1,46
8524,1,2,Episode 2,47
8534,1,1,Episode 1,46
8534,1,2,Episode 2,47
8540,1,1,Episode 1,46
8540,1,2,Episode 2,47
8540,2,1,Episode 1,46
8540,2,2,Episode 2,47
8542,1,1,Episode 1,46
8542,1,2,Episode 2,47
8542,2,1,Episode 1,46
8542,2,2,Episode 2,47
8545,1,1,Episode 1,46
8545,1,2,Episode 2,47
8546,1,1,Episode 1,46
8546,1,2,Episode 2,47
8550,1,1,Episode 1,46
8550,1,2,Episode 2,47
8552,1,1,Episode 1,46
8552,1,2,Episode 2,47
8558,1,1,Episode 1,46
8558,1,2,Episode 2,47
8558,2,1,Episode 1,46
8558,2,2,Episode 2,47
8561,1,1,Episode 1,46
8561,1,2,Episode 2,47
8568,1,1,Episode 1,46
8568,1,2,Episode 2,47
8575,1,1,Episode 1,46
8575,1,2,Episode 2,47
8576,1,1,Episode 1,46
8576,1,2,Episode 2,47
8589,1,1,Episode 1,46
8589,1,2,Episode 2,47
8593,1,1,Episode 1,46
8593,1,2,Episode 2,47
8594,1,1,Episode 1,46
8594,1,2,Episode 2,47
8597,1,1,Episode 1,46
8597,1,2,Episode 2,47
8600,1,1,Episode 1,46
8600,1,2,Episode 2,47
8600,2,1,Episode 1,46
8600,2,2,Episode 2,47
8601,1,1,Episode 1,46
8601,1,2,Episode 2,47
8601,2,1,Episode 1,46
8601,2,2,Episode 2,47
8605,1,1,Episode 1,46
8605,1,2,Episode 2,47
8606,1,1,Episode 1,46
8606,1,2,Episode 2,47
8606,2,1,Episode 1,46
8606,2,2,Episode 2,47
8610,1,1,Episode 1,46
8610,1,2,Episode 2,47
8634,1,1,Episode 1,46
8634,1,2,Episode 2,47
8645,1,1,Episode 1,46
8645,1,2,Episode 2,47
8645,2,1,Episode 1,46
8645,2,2,Episode 2,47
8647,1,1,Episode 1,46
8647,1,2,Episode 2,47
8647,2,1,Episode 1,46
8647,2,2,Episode 2,47
8654,1,1,Episode 1,46
8654,1,2,Episode 2,47
8654,2,1,Episode 1,46
8654,2,2,Episode 2,47
8670,1,1,Episode 1,46
8670,1,2,Episode 2,47
8670,2,1,Episode 1,46
8670,2,2,Episode 2,47
8680,1,1,Episode 1,46
8680,1,2,Episode 2,47
8680,2,1,Episode 1,46
8680,2,2,Episode 2,47
8685,1,1,Episode 1,46
8685,1,2,Episode 2,47
8685,2,1,Episode 1,46
8685,2,2,Episode 2,47
8691,1,1,Episode 1,46
8691,1,2,Episode 2,47
8691,2,1,Episode 1,46
8691,2,2,Episode 2,47
8701,1,1,Episode 1,46
8701,1,2,Episode 2,47
8711,1,1,Episode 1,46
8711,1,2,Episode 2,47
8711,2,1,Episode 1,46
8711,2,2,Episode 2,47
8713,1,1,Episode 1,46
8713,1,2,Episode 2,47
8713,2,1,Episode 1,46
8713,2,2,Episode 2,47
8721,1,1,Episode 1,46
8721,1,2,Episode 2,47
8722,1,1,Episode 1,46
8722,1,2,Episode 2,47
8727,1,1,Episode 1,46
8727,1,2,Episode 2,47
8727,2,1,Episode 1,46
8727,2,2,Episode 2,47
8737,1,1,Episode 1,46
8737,1,2,Episode 2,47
8741,1,1,Episode 1,46
8741,1,2,Episode 2,47
8742,1,1,Episode 1,46
8742,1,2,Episode 2,47
8748,1,1,Episode 1,46
8748,1,2,Episode 2,47
8750,1,1,Episode 1,46
8750,1,2,Episode 2,47
8756,1,1,Episode 1,46
8756,1,2,Episode 2,47
8756,2,1,Episode 1,46
8756,2,2,Episode 2,47
8759,1,1,Episode 1,46
8759,1,2,Episode 2,47
8776,1,1,Episode 1,46
8776,1,2,Episode 2,47
8781,1,1,Episode 1,46
8781,1,2,Episode 2,47
8784,1,1,Episode 1,46
8784,1,2,Episode 2,47
8786,1,1,Episode 1,46
8786,1,2,Episode 2,47
8796,1,1,Episode 1,46
8796,1,2,Episode 2,47
8796,2,1,Episode 1,46
8796,2,2,Episode 2,47
8797,1,1,Episode 1,46
8797,1,2,Episode 2,47
8797,2,1,Episode 1,46
8797,2,2,Episode 2,47
8798,1,1,Episode 1,46
8798,1,2,Episode 2,47
8798,2,1,Episode 1,46
8798,2,2,Episode 2,47
8801,1,1,Episode 1,46
8801,1,2,Episode 2,47
8804,1,1,Episode 1,46
8804,1,2,Episode 2,47
8804,2,1,Episode 1,46
8804,2,2,Episode 2,47
