content_id,popularity_score,rank_score,last_ranked_on
1,63.9,76.0,2026-04-01
2,72.9,92.5,2026-04-01
3,61.5,62.4,2026-04-01
4,71.3,96.2,2026-04-01
5,81.1,81.2,2026-04-01
6,81.1,65.8,2026-04-01
7,63.7,93.5,2026-04-01
8,74.8,97.3,2026-04-01
9,91.4,93.9,2026-04-01
10,97.1,95.3,2026-04-01
11,80.5,73.8,2026-04-01
12,67.7,82.5,2026-04-01
13,66.4,80.0,2026-04-01
14,69.7,77.4,2026-04-01
15,83.3,60.0,2026-04-01
16,74.3,78.1,2026-04-01
17,72.6,67.2,2026-04-01
18,69.1,62.4,2026-04-01
19,99.4,80.6,2026-04-01
20,85.1,73.4,2026-04-01
21,78.7,79.2,2026-04-01
22,80.2,62.1,2026-04-01
23,62.8,95.5,2026-04-01
24,94.6,85.1,2026-04-01
25,88.6,84.1,2026-04-01
26,68.5,80.3,2026-04-01
27,99.4,60.2,2026-04-01
28,63.6,76.2,2026-04-01
29,92.2,72.2,2026-04-01
30,61.3,70.6,2026-04-01
31,79.6,88.2,2026-04-01
32,79.7,81.5,2026-04-01
33,97.5,65.1,2026-04-01
34,84.6,91.5,2026-04-01
35,83.1,83.0,2026-04-01
36,68.6,96.2,2026-04-01
37,90.8,76.5,2026-04-01
38,69.3,97.2,2026-04-01
39,72.7,82.7,2026-04-01
40,62.6,88.5,2026-04-01
41,68.8,90.5,2026-04-01
42,87.8,95.6,2026-04-01
43,93.1,73.9,2026-04-01
44,70.9,95.1,2026-04-01
45,60.1,99.0,2026-04-01
46,88.9,75.1,2026-04-01
47,60.2,87.0,2026-04-01
48,77.3,72.3,2026-04-01
49,90.0,95.6,2026-04-01
50,72.0,74.9,2026-04-01
51,60.2,85.9,2026-04-01
52,68.7,98.1,2026-04-01
53,81.9,97.3,2026-04-01
54,84.7,85.9,2026-04-01
55,83.4,93.1,2026-04-01
56,67.7,84.3,2026-04-01
57,73.0,65.8,2026-04-01
58,60.8,81.1,2026-04-01
59,61.5,71.0,2026-04-01
60,62.1,90.2,2026-04-01
61,93.0,94.9,2026-04-01
62,97.0,83.2,2026-04-01
63,88.9,81.3,2026-04-01
64,93.9,87.0,2026-04-01
65,74.6,71.5,2026-04-01
66,70.9,97.4,2026-04-01
67,94.4,62.8,2026-04-01
68,78.5,82.8,2026-04-01
69,64.7,73.2,2026-04-01
70,84.9,81.8,2026-04-01
71,71.3,60.7,2026-04-01
72,91.6,93.6,2026-04-01
73,72.5,80.9,2026-04-01
74,65.2,78.1,2026-04-01
75,86.7,60.6,2026-04-01
76,97.9,90.9,2026-04-01
77,88.4,62.3,2026-04-01
78,83.8,86.8,2026-04-01
79,81.2,85.2,2026-04-01
80,98.1,90.8,2026-04-01
81,93.8,98.3,2026-04-01
82,95.3,88.8,2026-04-01
83,88.9,95.5,2026-04-01
84,61.0,67.9,2026-04-01
85,91.0,74.5,2026-04-01
86,61.2,68.5,2026-04-01
87,84.8,90.7,2026-04-01
88,76.5,61.6,2026-04-01
89,85.1,72.6,2026-04-01
90,97.4,86.3,2026-04-01
91,87.7,79.9,2026-04-01
92,94.1,94.6,2026-04-01
93,80.4,61.4,2026-04-01
94,70.5,85.8,2026-04-01
95,98.6,77.4,2026-04-01
96,66.6,95.8,2026-04-01
97,75.6,71.3,2026-04-01
98,68.1,67.9,2026-04-01
99,79.6,92.3,2026-04-01
100,73.5,88.3,2026-04-01
101,61.2,81.0,2026-04-01
102,70.4,75.9,2026-04-01
103,86.0,65.9,2026-04-01
104,82.1,91.2,2026-04-01
105,81.3,83.7,2026-04-01
106,85.4,76.5,2026-04-01
107,96.2,80.7,2026-04-01
108,67.5,78.6,2026-04-01
109,92.5,71.1,2026-04-01
110,77.0,94.9,2026-04-01
111,70.1,67.4,2026-04-01
112,77.3,81.6,2026-04-01
113,78.3,67.7,2026-04-01
114,60.3,60.8,2026-04-01
115,68.3,96.6,2026-04-01
116,68.1,65.4,2026-04-01
117,66.8,63.3,2026-04-01
118,85.9,80.1,2026-04-01
119,62.8,84.3,2026-04-01
120,85.7,96.4,2026-04-01
121,74.8,60.6,2026-04-01
122,99.0,71.2,2026-04-01
123,92.8,78.9,2026-04-01
124,81.5,99.2,2026-04-01
125,96.9,78.0,2026-04-01
126,93.8,64.4,2026-04-01
127,66.9,89.6,2026-04-01
128,94.0,89.2,2026-04-01
129,72.5,65.3,2026-04-01
130,72.1,92.7,2026-04-01
131,94.2,89.2,2026-04-01
132,78.8,70.5,2026-04-01
133,78.7,92.8,2026-04-01
134,91.7,67.2,2026-04-01
135,67.8,79.0,2026-04-01
136,78.5,72.3,2026-04-01
137,91.9,99.5,2026-04-01
138,70.7,76.3,2026-04-01
139,70.0,74.3,2026-04-01
140,68.2,91.0,2026-04-01
141,78.1,94.5,2026-04-01
142,62.6,93.2,2026-04-01
143,68.4,88.6,2026-04-01
144,89.9,66.1,2026-04-01
145,68.7,76.6,2026-04-01
146,65.9,83.5,2026-04-01
147,89.3,66.7,2026-04-01
148,91.0,78.8,2026-04-01
149,62.3,61.1,2026-04-01
150,61.6,75.6,2026-04-01
151,66.7,87.7,2026-04-01
152,84.7,61.5,2026-04-01
153,64.4,72.5,2026-04-01
154,90.3,93.8,2026-04-01
155,78.3,99.5,2026-04-01
156,73.6,68.3,2026-04-01
157,93.9,74.1,2026-04-01
158,75.0,79.2,2026-04-01
159,73.6,81.5,2026-04-01
160,89.3,72.1,2026-04-01
161,92.0,87.6,2026-04-01
162,96.9,90.3,2026-04-01
163,85.5,71.5,2026-04-01
164,93.2,92.7,2026-04-01
165,81.0,80.5,2026-04-01
166,70.4,68.4,2026-04-01
167,94.1,96.1,2026-04-01
168,83.0,72.0,2026-04-01
169,77.3,95.6,2026-04-01
170,81.4,92.4,2026-04-01
171,67.4,75.0,2026-04-01
172,78.1,91.5,2026-04-01
173,64.3,83.2,2026-04-01
174,95.7,83.6,2026-04-01
175,97.6,89.5,2026-04-01
176,99.8,67.0,2026-04-01
177,83.6,83.0,2026-04-01
178,60.2,84.8,2026-04-01
179,76.2,69.1,2026-04-01
180,97.0,82.3,2026-04-01
181,78.8,81.1,2026-04-01
182,83.4,87.6,2026-04-01
183,90.3,67.6,2026-04-01
184,74.4,95.5,2026-04-01
185,86.6,81.4,2026-04-01
186,77.0,93.1,2026-04-01
187,60.3,92.8,2026-04-01
188,93.5,76.3,2026-04-01
189,95.7,84.6,2026-04-01
190,96.3,73.7,2026-04-01
191,91.6,97.8,2026-04-01
192,97.4,96.7,2026-04-01
193,62.3,67.4,2026-04-01
194,61.8,97.5,2026-04-01
195,84.7,97.2,2026-04-01
196,98.0,85.8,2026-04-01
197,62.0,70.8,2026-04-01
198,73.0,61.5,2026-04-01
199,64.5,78.4,2026-04-01
200,71.3,70.1,2026-04-01
201,87.3,71.0,2026-04-01
202,80.0,83.9,2026-04-01
203,79.8,93.1,2026-04-01
204,62.0,95.5,2026-04-01
205,98.0,65.4,2026-04-01
206,91.3,79.3,2026-04-01
207,66.4,62.5,2026-04-01
208,95.7,84.1,2026-04-01
209,70.2,97.1,2026-04-01
210,99.0,72.5,2026-04-01
211,60.2,79.0,2026-04-01
212,90.7,80.8,2026-04-01
213,85.8,70.5,2026-04-01
214,68.7,62.7,2026-04-01
215,86.7,85.8,2026-04-01
216,79.8,77.5,2026-04-01
217,97.6,69.1,2026-04-01
218,66.4,96.1,2026-04-01
219,87.3,78.1,2026-04-01
220,81.7,79.1,2026-04-01
221,60.2,84.7,2026-04-01
222,62.4,68.2,2026-04-01
223,78.9,75.5,2026-04-01
224,91.8,69.0,2026-04-01
225,96.5,84.5,2026-04-01
226,68.1,67.6,2026-04-01
227,76.7,73.7,2026-04-01
228,62.0,95.2,2026-04-01
229,71.3,63.1,2026-04-01
230,76.5,90.2,2026-04-01
231,92.7,71.4,2026-04-01
232,60.0,85.3,2026-04-01
233,71.4,99.5,2026-04-01
234,75.1,68.0,2026-04-01
235,83.0,84.2,2026-04-01
236,68.2,76.8,2026-04-01
237,79.0,78.4,2026-04-01
238,66.6,74.0,2026-04-01
239,94.8,85.6,2026-04-01
240,74.8,85.6,2026-04-01
241,76.2,76.1,2026-04-01
242,82.7,74.9,2026-04-01
243,61.0,97.2,2026-04-01
244,96.6,78.7,2026-04-01
245,96.9,81.9,2026-04-01
246,84.9,60.9,2026-04-01
247,78.4,61.2,2026-04-01
248,73.7,71.6,2026-04-01
249,70.4,61.2,2026-04-01
250,99.4,91.6,2026-04-01
251,79.9,64.1,2026-04-01
252,75.9,76.3,2026-04-01
253,64.6,72.4,2026-04-01
254,78.6,72.0,2026-04-01
255,66.9,96.6,2026-04-01
256,93.9,85.6,2026-04-01
257,98.0,73.6,2026-04-01
258,67.1,81.1,2026-04-01
259,88.9,61.3,2026-04-01
260,87.9,66.9,2026-04-01
261,89.5,93.5,2026-04-01
262,78.9,89.0,2026-04-01
263,66.1,71.8,2026-04-01
264,61.0,72.3,2026-04-01
265,71.7,67.9,2026-04-01
266,79.7,64.3,2026-04-01
267,93.3,86.3,2026-04-01
268,80.7,96.2,2026-04-01
269,96.2,78.2,2026-04-01
270,86.1,89.2,2026-04-01
271,85.2,68.1,2026-04-01
272,70.6,66.0,2026-04-01
273,67.6,74.3,2026-04-01
274,85.7,69.8,2026-04-01
275,78.8,91.8,2026-04-01
276,73.4,65.2,2026-04-01
277,81.4,83.1,2026-04-01
278,89.9,87.7,2026-04-01
279,92.2,94.7,2026-04-01
280,78.3,91.0,2026-04-01
281,99.6,68.2,2026-04-01
282,87.5,69.0,2026-04-01
283,81.8,65.4,2026-04-01
284,84.8,78.8,2026-04-01
285,76.6,69.8,2026-04-01
286,71.8,99.5,2026-04-01
287,72.5,75.2,2026-04-01
288,95.2,98.2,2026-04-01
289,70.2,91.0,2026-04-01
290,88.9,71.8,2026-04-01
291,66.8,94.6,2026-04-01
292,74.8,73.6,2026-04-01
293,99.2,74.0,2026-04-01
294,94.4,73.7,2026-04-01
295,81.0,61.2,2026-04-01
296,75.5,90.9,2026-04-01
297,93.7,62.5,2026-04-01
298,81.1,66.4,2026-04-01
299,65.9,93.9,2026-04-01
300,78.9,80.0,2026-04-01
301,63.2,63.7,2026-04-01
302,63.7,73.0,2026-04-01
303,70.1,69.4,2026-04-01
304,96.6,72.5,2026-04-01
305,60.2,75.8,2026-04-01
306,68.6,76.6,2026-04-01
307,63.7,79.9,2026-04-01
308,97.0,87.3,2026-04-01
309,83.6,99.0,2026-04-01
310,76.4,98.4,2026-04-01
311,68.0,72.0,2026-04-01
312,68.3,96.2,2026-04-01
313,86.3,62.6,2026-04-01
314,64.4,70.4,2026-04-01
315,77.2,70.6,2026-04-01
316,81.1,91.7,2026-04-01
317,76.8,92.0,2026-04-01
318,73.8,88.7,2026-04-01
319,70.2,87.6,2026-04-01
320,72.0,67.8,2026-04-01
321,72.9,79.0,2026-04-01
322,61.6,61.7,2026-04-01
323,86.0,80.9,2026-04-01
324,62.3,93.8,2026-04-01
325,69.6,71.1,2026-04-01
326,61.0,97.0,2026-04-01
327,93.3,65.4,2026-04-01
328,84.4,60.1,2026-04-01
329,95.5,82.7,2026-04-01
330,76.8,63.0,2026-04-01
331,63.5,85.7,2026-04-01
332,63.6,96.3,2026-04-01
333,76.7,72.0,2026-04-01
334,86.6,91.3,2026-04-01
335,96.7,76.9,2026-04-01
336,67.9,72.7,2026-04-01
337,71.1,83.5,2026-04-01
338,96.9,70.1,2026-04-01
339,88.2,64.6,2026-04-01
340,81.8,96.9,2026-04-01
341,77.3,71.0,2026-04-01
342,67.1,60.6,2026-04-01
343,68.4,69.6,2026-04-01
344,70.9,62.6,2026-04-01
345,74.0,60.4,2026-04-01
346,80.2,80.4,2026-04-01
347,95.2,82.7,2026-04-01
348,62.5,83.2,2026-04-01
349,88.9,87.3,2026-04-01
350,60.6,84.5,2026-04-01
351,61.3,96.1,2026-04-01
352,94.8,98.0,2026-04-01
353,63.4,61.7,2026-04-01
354,89.7,67.4,2026-04-01
355,99.3,74.3,2026-04-01
356,92.8,85.5,2026-04-01
357,74.4,89.5,2026-04-01
358,95.3,86.5,2026-04-01
359,87.8,65.0,2026-04-01
360,87.9,70.1,2026-04-01
361,91.3,74.5,2026-04-01
362,80.2,93.8,2026-04-01
363,71.8,90.6,2026-04-01
364,97.5,97.2,2026-04-01
365,73.5,76.1,2026-04-01
366,90.5,99.2,2026-04-01
367,61.0,85.0,2026-04-01
368,81.5,60.9,2026-04-01
369,65.2,86.0,2026-04-01
370,97.7,86.4,2026-04-01
371,68.3,69.7,2026-04-01
372,71.2,76.6,2026-04-01
373,76.8,67.3,2026-04-01
374,67.9,67.1,2026-04-01
375,88.5,63.4,2026-04-01
376,69.6,93.0,2026-04-01
377,71.1,78.6,2026-04-01
378,97.8,88.4,2026-04-01
379,71.9,86.2,2026-04-01
380,82.9,87.7,2026-04-01
381,64.6,65.9,2026-04-01
382,77.4,84.3,2026-04-01
383,70.7,88.2,2026-04-01
384,87.0,81.3,2026-04-01
385,66.3,75.7,2026-04-01
386,76.8,81.0,2026-04-01
387,68.7,69.2,2026-04-01
388,68.5,67.0,2026-04-01
389,76.8,91.0,2026-04-01
390,96.3,66.8,2026-04-01
391,81.3,81.9,2026-04-01
392,90.9,91.3,2026-04-01
393,72.7,93.9,2026-04-01
394,64.7,99.1,2026-04-01
395,99.3,64.1,2026-04-01
396,83.0,83.9,2026-04-01
397,93.9,82.5,2026-04-01
398,81.0,91.8,2026-04-01
399,79.1,77.6,2026-04-01
400,72.2,84.1,2026-04-01
401,82.1,84.9,2026-04-01
402,69.1,73.8,2026-04-01
403,87.7,99.5,2026-04-01
404,96.8,72.2,2026-04-01
405,82.6,75.1,2026-04-01
406,99.7,66.9,2026-04-01
407,97.4,97.3,2026-04-01
408,76.1,70.4,2026-04-01
409,81.2,66.3,2026-04-01
410,99.6,62.9,2026-04-01
411,80.0,86.9,2026-04-01
412,74.9,67.8,2026-04-01
413,98.2,91.1,2026-04-01
414,99.1,66.0,2026-04-01
415,67.1,64.9,2026-04-01
416,85.6,95.6,2026-04-01
417,75.0,78.4,2026-04-01
418,85.0,80.7,2026-04-01
419,67.1,96.7,2026-04-01
420,79.0,63.0,2026-04-01
421,70.2,98.3,2026-04-01
422,81.9,88.2,2026-04-01
423,68.1,72.9,2026-04-01
424,70.0,79.1,2026-04-01
425,73.7,97.9,2026-04-01
426,82.7,70.0,2026-04-01
427,62.3,80.2,2026-04-01
428,92.5,91.7,2026-04-01
429,99.7,67.7,2026-04-01
430,71.2,63.6,2026-04-01
431,61.9,60.3,2026-04-01
432,62.7,76.1,2026-04-01
433,80.8,74.4,2026-04-01
434,80.2,90.4,2026-04-01
435,68.8,65.2,2026-04-01
436,62.4,96.9,2026-04-01
437,62.1,71.8,2026-04-01
438,64.3,71.9,2026-04-01
439,98.2,68.2,2026-04-01
440,75.7,71.6,2026-04-01
441,94.7,95.7,2026-04-01
442,76.5,70.2,2026-04-01
443,97.4,82.4,2026-04-01
444,83.6,95.0,2026-04-01
445,92.1,91.3,2026-04-01
446,64.8,88.2,2026-04-01
447,81.1,96.9,2026-04-01
448,67.2,67.1,2026-04-01
449,87.8,68.2,2026-04-01
450,87.1,83.2,2026-04-01
451,70.6,68.5,2026-04-01
452,64.2,78.5,2026-04-01
453,91.6,61.9,2026-04-01
454,64.0,99.8,2026-04-01
455,87.5,95.6,2026-04-01
456,64.1,88.6,2026-04-01
457,81.3,88.6,2026-04-01
458,74.6,68.8,2026-04-01
459,63.1,70.1,2026-04-01
460,72.5,80.3,2026-04-01
461,71.2,85.5,2026-04-01
462,97.3,84.6,2026-04-01
463,77.5,90.5,2026-04-01
464,97.4,87.0,2026-04-01
465,63.3,62.3,2026-04-01
466,63.3,89.9,2026-04-01
467,67.2,70.4,2026-04-01
468,82.5,80.8,2026-04-01
469,70.9,93.6,2026-04-01
470,61.8,98.2,2026-04-01
471,95.7,70.9,2026-04-01
472,61.0,74.2,2026-04-01
473,80.2,91.0,2026-04-01
474,76.5,74.1,2026-04-01
475,91.7,70.2,2026-04-01
476,97.9,65.0,2026-04-01
477,75.6,67.7,2026-04-01
478,88.2,89.9,2026-04-01
479,60.9,76.3,2026-04-01
480,89.0,96.7,2026-04-01
481,89.1,60.7,2026-04-01
482,67.7,60.9,2026-04-01
483,61.8,83.0,2026-04-01
484,91.5,87.2,2026-04-01
485,64.1,93.5,2026-04-01
486,93.7,69.1,2026-04-01
487,62.7,63.3,2026-04-01
488,77.4,87.2,2026-04-01
489,87.0,66.2,2026-04-01
490,64.1,74.3,2026-04-01
491,60.2,67.1,2026-04-01
492,97.2,71.3,2026-04-01
493,75.4,97.8,2026-04-01
494,72.6,77.9,2026-04-01
495,81.1,84.3,2026-04-01
496,62.8,94.5,2026-04-01
497,66.0,81.5,2026-04-01
498,94.2,89.1,2026-04-01
499,86.4,93.4,2026-04-01
500,78.4,93.3,2026-04-01
501,78.1,97.0,2026-04-01
502,85.5,94.6,2026-04-01
503,66.1,95.2,2026-04-01
504,71.2,62.6,2026-04-01
505,83.3,99.4,2026-04-01
506,94.1,67.1,2026-04-01
507,72.8,61.0,2026-04-01
508,83.8,96.5,2026-04-01
509,76.0,65.5,2026-04-01
510,70.1,63.9,2026-04-01
511,95.2,92.2,2026-04-01
512,94.3,90.6,2026-04-01
513,83.7,62.9,2026-04-01
514,60.3,66.4,2026-04-01
515,85.7,64.2,2026-04-01
516,96.9,80.8,2026-04-01
517,63.1,77.3,2026-04-01
518,90.7,84.9,2026-04-01
519,69.7,80.0,2026-04-01
520,91.0,79.4,2026-04-01
521,96.5,88.8,2026-04-01
522,78.2,90.2,2026-04-01
523,72.5,86.5,2026-04-01
524,97.3,85.0,2026-04-01
525,77.3,98.7,2026-04-01
526,79.5,74.7,2026-04-01
527,78.1,87.5,2026-04-01
528,70.6,86.1,2026-04-01
529,95.2,88.5,2026-04-01
530,69.0,62.2,2026-04-01
531,82.3,96.3,2026-04-01
532,62.9,65.1,2026-04-01
533,85.1,61.4,2026-04-01
534,98.6,69.7,2026-04-01
535,80.3,93.2,2026-04-01
536,77.1,99.3,2026-04-01
537,96.8,71.4,2026-04-01
538,73.9,70.4,2026-04-01
539,73.4,70.6,2026-04-01
540,91.9,98.8,2026-04-01
541,66.9,83.9,2026-04-01
542,83.1,66.0,2026-04-01
543,78.9,77.8,2026-04-01
544,76.2,71.4,2026-04-01
545,74.5,91.9,2026-04-01
546,90.9,68.2,2026-04-01
547,94.7,94.9,2026-04-01
548,89.0,80.3,2026-04-01
549,96.0,97.9,2026-04-01
550,66.4,60.6,2026-04-01
551,95.6,92.8,2026-04-01
552,84.1,61.9,2026-04-01
553,66.6,69.4,2026-04-01
554,86.8,96.4,2026-04-01
555,78.3,98.5,2026-04-01
556,70.0,94.1,2026-04-01
557,70.5,99.5,2026-04-01
558,83.0,75.5,2026-04-01
559,77.0,68.3,2026-04-01
560,85.0,94.1,2026-04-01
561,82.6,69.0,2026-04-01
562,92.0,68.3,2026-04-01
563,67.6,80.7,2026-04-01
564,99.4,73.6,2026-04-01
565,63.3,70.5,2026-04-01
566,98.2,82.7,2026-04-01
567,82.4,72.9,2026-04-01
568,98.7,73.5,2026-04-01
569,81.3,78.1,2026-04-01
570,90.4,93.8,2026-04-01
571,95.7,72.6,2026-04-01
572,86.6,74.4,2026-04-01
573,93.6,76.5,2026-04-01
574,89.9,87.8,2026-04-01
575,97.0,77.0,2026-04-01
576,71.6,88.7,2026-04-01
577,73.8,63.0,2026-04-01
578,67.2,69.1,2026-04-01
579,66.4,72.6,2026-04-01
580,69.5,70.4,2026-04-01
581,67.0,79.5,2026-04-01
582,73.0,60.7,2026-04-01
583,97.1,88.2,2026-04-01
584,82.2,81.0,2026-04-01
585,79.4,83.5,2026-04-01
586,87.0,85.0,2026-04-01
587,61.0,78.5,2026-04-01
588,78.4,70.4,2026-04-01
589,97.3,72.5,2026-04-01
590,72.1,61.1,2026-04-01
591,63.0,81.2,2026-04-01
592,76.1,88.4,2026-04-01
593,63.1,71.4,2026-04-01
594,89.6,95.2,2026-04-01
595,81.4,81.3,2026-04-01
596,66.1,92.1,2026-04-01
597,92.6,90.7,2026-04-01
598,76.5,82.6,2026-04-01
599,70.0,98.6,2026-04-01
600,84.8,90.8,2026-04-01
601,75.5,94.1,2026-04-01
602,96.5,64.0,2026-04-01
603,88.7,82.3,2026-04-01
604,90.4,96.6,2026-04-01
605,80.2,91.5,2026-04-01
606,92.0,76.9,2026-04-01
607,66.5,76.7,2026-04-01
608,78.5,99.0,2026-04-01
609,72.5,63.7,2026-04-01
610,91.8,83.2,2026-04-01
611,88.1,95.3,2026-04-01
612,97.4,60.8,2026-04-01
613,86.4,91.0,2026-04-01
614,62.5,84.7,2026-04-01
615,63.2,74.5,2026-04-01
616,95.6,88.8,2026-04-01
617,84.4,99.0,2026-04-01
618,64.3,63.3,2026-04-01
619,89.4,96.2,2026-04-01
620,95.8,72.4,2026-04-01
621,78.0,92.9,2026-04-01
622,60.5,84.1,2026-04-01
623,90.6,90.8,2026-04-01
624,70.2,98.3,2026-04-01
625,68.5,96.9,2026-04-01
626,79.9,90.1,2026-04-01
627,62.1,89.1,2026-04-01
628,71.1,62.2,2026-04-01
629,91.1,67.0,2026-04-01
630,70.6,66.4,2026-04-01
631,62.0,63.6,2026-04-01
632,63.1,86.9,2026-04-01
633,77.5,91.5,2026-04-01
634,70.5,82.8,2026-04-01
635,89.1,97.8,2026-04-01
636,94.3,70.9,2026-04-01
637,62.5,72.9,2026-04-01
638,75.1,79.0,2026-04-01
639,86.5,72.8,2026-04-01
640,64.8,75.4,2026-04-01
641,98.2,76.6,2026-04-01
642,94.5,79.1,2026-04-01
643,83.0,65.2,2026-04-01
644,61.6,73.4,2026-04-01
645,61.7,87.3,2026-04-01
646,73.8,81.4,2026-04-01
647,93.6,99.7,2026-04-01
648,78.6,99.9,2026-04-01
649,78.2,84.5,2026-04-01
650,72.1,98.7,2026-04-01
651,68.2,93.7,2026-04-01
652,62.6,85.3,2026-04-01
653,93.6,99.5,2026-04-01
654,94.7,87.4,2026-04-01
655,71.4,90.3,2026-04-01
656,98.8,62.9,2026-04-01
657,73.9,79.1,2026-04-01
658,69.6,70.4,2026-04-01
659,80.9,87.1,2026-04-01
660,84.7,69.4,2026-04-01
661,62.8,84.7,2026-04-01
662,63.9,84.0,2026-04-01
663,85.8,65.5,2026-04-01
664,91.4,80.4,2026-04-01
665,74.6,84.3,2026-04-01
666,94.0,79.7,2026-04-01
667,77.9,84.3,2026-04-01
668,92.9,79.3,2026-04-01
669,71.0,67.1,2026-04-01
670,69.2,66.2,2026-04-01
671,76.9,87.0,2026-04-01
672,98.7,72.5,2026-04-01
673,94.7,91.4,2026-04-01
674,65.6,85.1,2026-04-01
675,95.5,73.0,2026-04-01
676,77.8,98.8,2026-04-01
677,82.5,66.0,2026-04-01
678,97.9,61.6,2026-04-01
679,78.4,69.7,2026-04-01
680,70.0,68.6,2026-04-01
681,73.7,96.2,2026-04-01
682,75.1,74.8,2026-04-01
683,89.0,73.1,2026-04-01
684,78.0,63.4,2026-04-01
685,64.3,78.2,2026-04-01
686,75.1,67.9,2026-04-01
687,82.3,61.9,2026-04-01
688,73.9,97.9,2026-04-01
689,77.0,99.5,2026-04-01
690,93.7,76.9,2026-04-01
691,74.5,77.6,2026-04-01
692,91.6,60.4,2026-04-01
693,80.1,66.5,2026-04-01
694,67.7,83.9,2026-04-01
695,64.2,92.1,2026-04-01
696,62.2,73.2,2026-04-01
697,82.0,71.8,2026-04-01
698,80.1,78.4,2026-04-01
699,93.0,74.3,2026-04-01
700,88.8,75.0,2026-04-01
701,88.0,94.8,2026-04-01
702,91.7,63.1,2026-04-01
703,76.2,66.1,2026-04-01
704,78.0,85.3,2026-04-01
705,71.3,63.6,2026-04-01
706,96.7,86.2,2026-04-01
707,93.7,71.5,2026-04-01
708,93.2,66.7,2026-04-01
709,75.6,87.5,2026-04-01
710,99.3,89.1,2026-04-01
711,68.4,72.5,2026-04-01
712,87.8,90.0,2026-04-01
713,86.9,92.1,2026-04-01
714,69.2,87.8,2026-04-01
715,92.3,80.7,2026-04-01
716,79.4,78.8,2026-04-01
717,74.5,95.0,2026-04-01
718,82.7,68.9,2026-04-01
719,81.2,77.3,2026-04-01
720,98.3,62.1,2026-04-01
721,93.1,90.1,2026-04-01
722,66.7,63.2,2026-04-01
723,74.0,86.7,2026-04-01
724,95.8,74.1,2026-04-01
725,84.2,74.4,2026-04-01
726,93.2,71.2,2026-04-01
727,76.3,74.6,2026-04-01
728,99.8,78.4,2026-04-01
729,78.1,96.6,2026-04-01
730,91.7,74.7,2026-04-01
731,91.8,68.7,2026-04-01
732,88.8,98.7,2026-04-01
733,68.7,65.3,2026-04-01
734,64.9,82.6,2026-04-01
735,89.5,81.8,2026-04-01
736,76.0,87.3,2026-04-01
737,76.8,67.3,2026-04-01
738,86.2,91.6,2026-04-01
739,61.3,85.8,2026-04-01
740,81.1,99.2,2026-04-01
741,79.7,76.1,2026-04-01
742,84.5,92.0,2026-04-01
743,71.2,89.6,2026-04-01
744,78.2,76.7,2026-04-01
745,95.3,89.4,2026-04-01
746,81.5,86.2,2026-04-01
747,63.8,79.9,2026-04-01
748,82.5,88.5,2026-04-01
749,98.8,82.0,2026-04-01
750,98.3,68.7,2026-04-01
751,95.9,91.9,2026-04-01
752,97.4,86.2,2026-04-01
753,88.4,97.0,2026-04-01
754,96.6,70.2,2026-04-01
755,66.6,78.9,2026-04-01
756,70.8,71.5,2026-04-01
757,86.7,90.3,2026-04-01
758,76.1,60.6,2026-04-01
759,87.9,64.4,2026-04-01
760,78.9,78.5,2026-04-01
761,73.7,99.1,2026-04-01
762,97.1,90.2,2026-04-01
763,66.9,78.2,2026-04-01
764,85.6,83.3,2026-04-01
765,60.2,88.3,2026-04-01
766,71.9,71.2,2026-04-01
767,80.6,95.8,2026-04-01
768,71.8,88.7,2026-04-01
769,86.9,85.2,2026-04-01
770,94.9,92.5,2026-04-01
771,84.6,85.7,2026-04-01
772,68.3,95.6,2026-04-01
773,88.4,76.8,2026-04-01
774,91.1,95.8,2026-04-01
775,86.7,73.9,2026-04-01
776,61.8,82.4,2026-04-01
777,83.1,95.0,2026-04-01
778,87.8,99.5,2026-04-01
779,81.7,69.1,2026-04-01
780,67.8,60.1,2026-04-01
781,69.9,93.9,2026-04-01
782,92.0,74.7,2026-04-01
783,98.2,87.5,2026-04-01
784,65.0,87.2,2026-04-01
785,98.6,69.9,2026-04-01
786,69.7,79.3,2026-04-01
787,83.7,62.4,2026-04-01
788,75.2,90.2,2026-04-01
789,65.1,90.0,2026-04-01
790,83.7,82.4,2026-04-01
791,88.4,95.1,2026-04-01
792,98.0,87.9,2026-04-01
793,81.8,72.8,2026-04-01
794,67.3,67.3,2026-04-01
795,83.7,87.3,2026-04-01
796,68.2,76.7,2026-04-01
797,91.0,86.8,2026-04-01
798,79.2,90.3,2026-04-01
799,62.4,96.9,2026-04-01
800,73.1,98.4,2026-04-01
801,67.7,82.2,2026-04-01
802,90.9,95.5,2026-04-01
803,75.1,69.2,2026-04-01
804,65.7,83.7,2026-04-01
805,60.0,87.1,2026-04-01
806,75.8,81.8,2026-04-01
807,90.9,67.3,2026-04-01
808,92.0,61.0,2026-04-01
809,67.1,65.3,2026-04-01
810,62.9,62.4,2026-04-01
811,77.0,85.6,2026-04-01
812,89.5,79.1,2026-04-01
813,80.6,85.4,2026-04-01
814,71.0,66.2,2026-04-01
815,65.7,78.3,2026-04-01
816,83.6,88.9,2026-04-01
817,95.9,66.7,2026-04-01
818,98.2,91.1,2026-04-01
819,86.2,69.8,2026-04-01
820,84.6,76.7,2026-04-01
821,80.5,70.4,2026-04-01
822,88.7,73.2,2026-04-01
823,75.8,89.9,2026-04-01
824,76.9,68.1,2026-04-01
825,80.5,75.5,2026-04-01
826,68.3,90.1,2026-04-01
827,72.7,66.7,2026-04-01
828,78.0,88.0,2026-04-01
829,76.7,91.3,2026-04-01
830,61.9,65.1,2026-04-01
831,69.0,99.1,2026-04-01
832,67.5,81.3,2026-04-01
833,79.8,70.1,2026-04-01
834,87.8,99.3,2026-04-01
835,88.6,97.5,2026-04-01
836,97.3,66.0,2026-04-01
837,65.3,89.7,2026-04-01
838,78.4,86.1,2026-04-01
839,77.0,95.3,2026-04-01
840,64.1,76.0,2026-04-01
841,81.6,62.3,2026-04-01
842,68.9,76.7,2026-04-01
843,65.3,74.9,2026-04-01
844,73.4,69.0,2026-04-01
845,89.3,77.0,2026-04-01
846,67.3,93.4,2026-04-01
847,96.4,75.6,2026-04-01
848,65.7,75.0,2026-04-01
849,92.4,62.2,2026-04-01
850,80.0,77.7,2026-04-01
851,95.8,71.9,2026-04-01
852,97.1,69.2,2026-04-01
853,97.4,73.2,2026-04-01
854,70.2,71.9,2026-04-01
855,89.5,69.9,2026-04-01
856,94.4,86.3,2026-04-01
857,78.4,83.9,2026-04-01
858,72.7,73.4,2026-04-01
859,84.8,79.9,2026-04-01
860,85.5,94.0,2026-04-01
861,65.2,64.7,2026-04-01
862,90.4,76.5,2026-04-01
863,90.0,65.5,2026-04-01
864,81.2,81.5,2026-04-01
865,72.0,65.1,2026-04-01
866,68.0,93.2,2026-04-01
867,70.0,83.1,2026-04-01
868,91.5,73.8,2026-04-01
869,98.0,75.4,2026-04-01
870,94.0,93.8,2026-04-01
871,71.6,75.1,2026-04-01
872,83.6,91.3,2026-04-01
873,79.0,83.4,2026-04-01
874,72.4,71.2,2026-04-01
875,67.0,76.3,2026-04-01
876,74.4,87.5,2026-04-01
877,74.5,93.9,2026-04-01
878,91.6,68.5,2026-04-01
879,66.0,94.4,2026-04-01
880,74.6,66.8,2026-04-01
881,99.1,79.6,2026-04-01
882,71.0,80.8,2026-04-01
883,63.0,61.5,2026-04-01
884,64.6,64.2,2026-04-01
885,63.9,71.3,2026-04-01
886,97.2,60.3,2026-04-01
887,73.5,92.1,2026-04-01
888,73.3,63.4,2026-04-01
889,97.5,98.4,2026-04-01
890,81.5,90.0,2026-04-01
891,92.3,75.6,2026-04-01
892,96.3,80.3,2026-04-01
893,61.9,98.6,2026-04-01
894,68.3,78.0,2026-04-01
895,64.3,68.5,2026-04-01
896,79.5,93.4,2026-04-01
897,92.5,76.5,2026-04-01
898,92.2,92.2,2026-04-01
899,88.7,95.0,2026-04-01
900,86.3,87.6,2026-04-01
901,92.0,91.5,2026-04-01
902,89.2,63.5,2026-04-01
903,80.4,64.5,2026-04-01
904,66.1,95.4,2026-04-01
905,83.6,82.7,2026-04-01
906,83.3,65.2,2026-04-01
907,64.8,72.2,2026-04-01
908,96.7,73.7,2026-04-01
909,68.7,92.7,2026-04-01
910,78.7,71.9,2026-04-01
911,90.7,78.2,2026-04-01
912,72.7,70.7,2026-04-01
913,86.5,88.4,2026-04-01
914,76.8,81.7,2026-04-01
915,82.2,63.4,2026-04-01
916,71.0,98.0,2026-04-01
917,93.3,73.0,2026-04-01
918,69.0,84.9,2026-04-01
919,98.0,84.6,2026-04-01
920,87.7,66.2,2026-04-01
921,84.3,77.9,2026-04-01
922,74.7,82.3,2026-04-01
923,76.2,60.5,2026-04-01
924,80.7,73.9,2026-04-01
925,71.9,79.3,2026-04-01
926,69.0,62.1,2026-04-01
927,62.9,79.9,2026-04-01
928,81.5,74.4,2026-04-01
929,90.8,96.1,2026-04-01
930,92.6,91.7,2026-04-01
931,93.0,64.7,2026-04-01
932,65.6,68.1,2026-04-01
933,86.1,87.9,2026-04-01
934,93.8,71.7,2026-04-01
935,69.9,89.4,2026-04-01
936,83.0,78.1,2026-04-01
937,95.8,73.2,2026-04-01
938,66.9,63.5,2026-04-01
939,66.3,86.8,2026-04-01
940,84.7,78.9,2026-04-01
941,97.5,79.9,2026-04-01
942,92.8,87.6,2026-04-01
943,63.0,83.1,2026-04-01
944,74.5,68.9,2026-04-01
945,64.9,70.5,2026-04-01
946,60.4,94.8,2026-04-01
947,88.8,98.2,2026-04-01
948,89.9,63.8,2026-04-01
949,82.9,87.4,2026-04-01
950,63.8,90.8,2026-04-01
951,74.6,82.3,2026-04-01
952,68.6,72.5,2026-04-01
953,64.7,80.9,2026-04-01
954,94.7,60.4,2026-04-01
955,85.2,86.4,2026-04-01
956,99.5,95.6,2026-04-01
957,83.6,89.3,2026-04-01
958,93.0,85.2,2026-04-01
959,85.6,61.4,2026-04-01
960,91.7,94.2,2026-04-01
961,95.6,90.4,2026-04-01
962,92.1,86.7,2026-04-01
963,87.7,87.0,2026-04-01
964,61.1,64.1,2026-04-01
965,80.2,71.4,2026-04-01
966,78.4,72.2,2026-04-01
967,88.8,70.9,2026-04-01
968,78.4,73.3,2026-04-01
969,62.9,86.8,2026-04-01
970,82.6,83.8,2026-04-01
971,66.6,72.5,2026-04-01
972,69.9,80.9,2026-04-01
973,72.8,65.5,2026-04-01
974,93.8,85.3,2026-04-01
975,85.8,73.6,2026-04-01
976,66.8,69.1,2026-04-01
977,72.7,85.8,2026-04-01
978,97.7,87.0,2026-04-01
979,69.4,91.3,2026-04-01
980,71.4,61.7,2026-04-01
981,69.1,72.8,2026-04-01
982,67.4,66.6,2026-04-01
983,88.8,62.7,2026-04-01
984,85.5,90.4,2026-04-01
985,66.3,64.5,2026-04-01
986,75.9,81.7,2026-04-01
987,62.9,85.7,2026-04-01
988,79.4,76.7,2026-04-01
989,87.8,81.5,2026-04-01
990,65.0,76.1,2026-04-01
991,70.0,82.3,2026-04-01
992,62.2,97.8,2026-04-01
993,75.0,87.7,2026-04-01
994,88.8,68.9,2026-04-01
995,66.9,82.8,2026-04-01
996,74.9,78.3,2026-04-01
997,82.2,64.6,2026-04-01
998,82.7,67.1,2026-04-01
999,94.1,83.7,2026-04-01
1000,80.3,97.2,2026-04-01
1001,93.8,95.7,2026-04-01
1002,68.9,62.8,2026-04-01
1003,67.3,86.6,2026-04-01
1004,79.5,95.7,2026-04-01
1005,82.7,70.2,2026-04-01
1006,60.2,93.8,2026-04-01
1007,70.1,75.2,2026-04-01
1008,86.6,88.4,2026-04-01
1009,81.7,92.7,2026-04-01
1010,87.9,86.5,2026-04-01
1011,74.2,60.0,2026-04-01
1012,80.6,82.0,2026-04-01
1013,85.7,75.9,2026-04-01
1014,67.2,87.1,2026-04-01
1015,87.4,95.0,2026-04-01
1016,84.4,75.4,2026-04-01
1017,73.1,85.4,2026-04-01
1018,62.5,74.6,2026-04-01
1019,90.7,67.5,2026-04-01
1020,97.4,99.5,2026-04-01
1021,98.8,83.5,2026-04-01
1022,98.0,63.2,2026-04-01
1023,86.1,63.5,2026-04-01
1024,86.6,93.4,2026-04-01
1025,92.8,82.6,2026-04-01
1026,87.3,74.6,2026-04-01
1027,91.8,92.2,2026-04-01
1028,91.4,97.8,2026-04-01
1029,96.3,78.5,2026-04-01
1030,80.7,98.7,2026-04-01
1031,96.8,95.2,2026-04-01
1032,98.2,74.9,2026-04-01
1033,75.8,62.7,2026-04-01
1034,69.2,81.1,2026-04-01
1035,69.6,90.3,2026-04-01
1036,60.5,66.8,2026-04-01
1037,98.1,88.3,2026-04-01
1038,75.2,90.0,2026-04-01
1039,98.1,61.3,2026-04-01
1040,92.7,62.6,2026-04-01
1041,68.0,60.4,2026-04-01
1042,73.2,75.9,2026-04-01
1043,77.1,95.7,2026-04-01
1044,83.9,86.2,2026-04-01
1045,81.3,90.3,2026-04-01
1046,61.0,69.6,2026-04-01
1047,96.2,87.4,2026-04-01
1048,82.7,65.5,2026-04-01
1049,91.5,97.0,2026-04-01
1050,69.6,79.7,2026-04-01
1051,89.4,78.8,2026-04-01
1052,72.1,77.8,2026-04-01
1053,94.2,92.7,2026-04-01
1054,71.7,93.4,2026-04-01
1055,67.2,87.1,2026-04-01
1056,92.0,70.2,2026-04-01
1057,76.8,68.5,2026-04-01
1058,80.2,96.7,2026-04-01
1059,97.3,96.9,2026-04-01
1060,72.3,72.5,2026-04-01
1061,98.8,76.1,2026-04-01
1062,80.3,94.5,2026-04-01
1063,74.7,98.3,2026-04-01
1064,62.2,72.0,2026-04-01
1065,82.7,88.5,2026-04-01
1066,87.2,94.6,2026-04-01
1067,70.3,78.0,2026-04-01
1068,86.7,93.4,2026-04-01
1069,95.7,65.0,2026-04-01
1070,94.5,75.9,2026-04-01
1071,60.7,90.6,2026-04-01
1072,92.8,79.8,2026-04-01
1073,86.8,82.4,2026-04-01
1074,95.8,93.9,2026-04-01
1075,80.7,61.9,2026-04-01
1076,93.8,72.0,2026-04-01
1077,77.1,85.5,2026-04-01
1078,78.5,67.6,2026-04-01
1079,63.5,93.7,2026-04-01
1080,74.1,67.4,2026-04-01
1081,95.6,86.4,2026-04-01
1082,68.1,81.1,2026-04-01
1083,97.8,60.7,2026-04-01
1084,64.6,81.1,2026-04-01
1085,92.1,72.9,2026-04-01
1086,77.5,74.1,2026-04-01
1087,65.6,82.4,2026-04-01
1088,65.5,86.3,2026-04-01
1089,85.7,88.5,2026-04-01
1090,66.9,81.5,2026-04-01
1091,76.6,63.6,2026-04-01
1092,99.1,64.1,2026-04-01
1093,73.6,92.3,2026-04-01
1094,64.1,79.7,2026-04-01
1095,64.3,76.0,2026-04-01
1096,60.2,70.3,2026-04-01
1097,65.3,94.2,2026-04-01
1098,64.6,96.7,2026-04-01
1099,95.8,96.2,2026-04-01
1100,72.8,65.4,2026-04-01
1101,96.2,73.5,2026-04-01
1102,79.9,66.1,2026-04-01
1103,85.1,89.6,2026-04-01
1104,97.9,76.0,2026-04-01
1105,60.1,91.3,2026-04-01
1106,62.9,94.6,2026-04-01
1107,89.1,84.0,2026-04-01
1108,88.6,97.3,2026-04-01
1109,62.4,78.6,2026-04-01
1110,81.7,85.1,2026-04-01
1111,88.0,64.4,2026-04-01
1112,99.7,70.9,2026-04-01
1113,88.6,73.4,2026-04-01
1114,84.2,70.7,2026-04-01
1115,65.8,64.6,2026-04-01
1116,80.4,89.9,2026-04-01
1117,90.6,74.4,2026-04-01
1118,69.8,75.1,2026-04-01
1119,73.6,79.1,2026-04-01
1120,71.0,74.5,2026-04-01
1121,82.0,76.5,2026-04-01
1122,73.9,88.7,2026-04-01
1123,94.9,78.5,2026-04-01
1124,86.1,86.1,2026-04-01
1125,92.9,88.8,2026-04-01
1126,68.3,62.9,2026-04-01
1127,95.1,82.7,2026-04-01
1128,93.6,72.1,2026-04-01
1129,82.3,64.8,2026-04-01
1130,90.4,96.6,2026-04-01
1131,94.8,66.4,2026-04-01
1132,81.5,80.5,2026-04-01
1133,70.4,66.7,2026-04-01
1134,74.7,82.3,2026-04-01
1135,72.5,69.7,2026-04-01
1136,70.1,82.3,2026-04-01
1137,82.6,83.4,2026-04-01
1138,78.1,80.4,2026-04-01
1139,82.4,75.4,2026-04-01
1140,87.1,96.5,2026-04-01
1141,88.4,76.1,2026-04-01
1142,85.0,91.0,2026-04-01
1143,73.2,67.8,2026-04-01
1144,73.1,87.9,2026-04-01
1145,94.2,80.2,2026-04-01
1146,95.0,77.9,2026-04-01
1147,79.4,74.9,2026-04-01
1148,90.8,82.0,2026-04-01
1149,69.0,79.4,2026-04-01
1150,76.9,87.8,2026-04-01
1151,89.2,62.0,2026-04-01
1152,86.7,73.7,2026-04-01
1153,85.5,99.5,2026-04-01
1154,96.2,97.9,2026-04-01
1155,88.2,97.5,2026-04-01
1156,66.2,77.9,2026-04-01
1157,66.2,81.7,2026-04-01
1158,69.4,98.1,2026-04-01
1159,80.3,87.6,2026-04-01
1160,97.7,80.2,2026-04-01
1161,75.1,77.6,2026-04-01
1162,80.5,61.4,2026-04-01
1163,91.9,89.8,2026-04-01
1164,99.5,90.1,2026-04-01
1165,76.8,68.8,2026-04-01
1166,77.0,64.5,2026-04-01
1167,79.3,65.4,2026-04-01
1168,76.2,65.5,2026-04-01
1169,77.1,62.1,2026-04-01
1170,79.2,91.1,2026-04-01
1171,81.4,68.1,2026-04-01
1172,89.5,72.9,2026-04-01
1173,97.4,86.6,2026-04-01
1174,65.3,80.6,2026-04-01
1175,65.0,70.2,2026-04-01
1176,62.4,78.7,2026-04-01
1177,63.1,87.3,2026-04-01
1178,77.7,71.0,2026-04-01
1179,75.9,67.2,2026-04-01
1180,87.8,78.1,2026-04-01
1181,86.3,72.1,2026-04-01
1182,86.2,80.4,2026-04-01
1183,83.2,92.2,2026-04-01
1184,65.9,61.1,2026-04-01
1185,71.0,60.9,2026-04-01
1186,60.6,75.3,2026-04-01
1187,73.4,71.7,2026-04-01
1188,67.3,60.7,2026-04-01
1189,85.2,90.4,2026-04-01
1190,90.5,76.2,2026-04-01
1191,78.7,81.8,2026-04-01
1192,91.4,71.1,2026-04-01
1193,98.0,69.3,2026-04-01
1194,82.8,65.5,2026-04-01
1195,98.0,88.4,2026-04-01
1196,63.1,69.0,2026-04-01
1197,89.7,92.9,2026-04-01
1198,71.1,95.8,2026-04-01
1199,96.7,60.7,2026-04-01
1200,62.5,99.5,2026-04-01
1201,61.5,92.1,2026-04-01
1202,84.6,66.6,2026-04-01
1203,97.2,87.2,2026-04-01
1204,65.4,70.2,2026-04-01
1205,93.9,78.2,2026-04-01
1206,60.2,74.1,2026-04-01
1207,62.5,64.3,2026-04-01
1208,69.8,87.8,2026-04-01
1209,66.3,70.4,2026-04-01
1210,96.1,88.3,2026-04-01
1211,82.7,94.9,2026-04-01
1212,89.0,79.8,2026-04-01
1213,96.4,66.0,2026-04-01
1214,64.2,88.5,2026-04-01
1215,93.6,94.3,2026-04-01
1216,66.2,66.7,2026-04-01
1217,68.8,61.2,2026-04-01
1218,99.3,69.2,2026-04-01
1219,98.4,89.3,2026-04-01
1220,96.8,88.5,2026-04-01
1221,77.8,76.4,2026-04-01
1222,84.3,99.9,2026-04-01
1223,62.6,80.6,2026-04-01
1224,72.9,88.2,2026-04-01
1225,92.7,92.8,2026-04-01
1226,90.8,85.3,2026-04-01
1227,84.4,96.2,2026-04-01
1228,73.9,87.2,2026-04-01
1229,65.5,69.0,2026-04-01
1230,65.1,90.0,2026-04-01
1231,89.1,66.3,2026-04-01
1232,83.2,99.3,2026-04-01
1233,79.1,86.7,2026-04-01
1234,61.6,61.3,2026-04-01
1235,88.8,73.3,2026-04-01
1236,92.6,65.7,2026-04-01
1237,76.9,72.9,2026-04-01
1238,98.7,70.1,2026-04-01
1239,77.3,93.9,2026-04-01
1240,77.6,80.9,2026-04-01
1241,72.4,97.0,2026-04-01
1242,67.0,88.3,2026-04-01
1243,91.9,92.3,2026-04-01
1244,71.8,76.7,2026-04-01
1245,79.5,83.7,2026-04-01
1246,89.9,66.8,2026-04-01
1247,76.1,72.2,2026-04-01
1248,97.1,87.9,2026-04-01
1249,83.3,74.8,2026-04-01
1250,85.7,77.3,2026-04-01
1251,63.5,98.0,2026-04-01
1252,65.5,79.2,2026-04-01
1253,67.2,84.0,2026-04-01
1254,91.7,60.6,2026-04-01
1255,88.8,93.6,2026-04-01
1256,79.8,81.5,2026-04-01
1257,75.0,89.0,2026-04-01
1258,91.4,92.1,2026-04-01
1259,97.6,67.6,2026-04-01
1260,62.6,78.1,2026-04-01
1261,93.1,64.1,2026-04-01
1262,82.1,87.6,2026-04-01
1263,60.7,63.4,2026-04-01
1264,81.6,66.3,2026-04-01
1265,63.1,64.0,2026-04-01
1266,71.1,88.7,2026-04-01
1267,86.9,88.5,2026-04-01
1268,79.4,94.9,2026-04-01
1269,64.3,71.5,2026-04-01
1270,64.1,77.3,2026-04-01
1271,99.9,86.0,2026-04-01
1272,63.3,85.9,2026-04-01
1273,98.0,76.3,2026-04-01
1274,86.0,86.5,2026-04-01
1275,67.2,68.1,2026-04-01
1276,73.8,60.9,2026-04-01
1277,85.4,67.7,2026-04-01
1278,87.4,87.2,2026-04-01
1279,92.0,80.7,2026-04-01
1280,91.7,70.3,2026-04-01
1281,70.2,67.8,2026-04-01
1282,92.7,74.3,2026-04-01
1283,93.4,76.9,2026-04-01
1284,93.8,69.5,2026-04-01
1285,71.4,70.9,2026-04-01
1286,62.6,98.1,2026-04-01
1287,76.6,65.4,2026-04-01
1288,87.0,83.8,2026-04-01
1289,83.6,90.2,2026-04-01
1290,74.6,65.6,2026-04-01
1291,98.9,69.7,2026-04-01
1292,60.4,63.2,2026-04-01
1293,65.1,72.3,2026-04-01
1294,74.9,74.1,2026-04-01
1295,87.1,82.3,2026-04-01
1296,87.2,74.4,2026-04-01
1297,73.9,80.4,2026-04-01
1298,88.3,65.9,2026-04-01
1299,69.4,96.0,2026-04-01
1300,95.5,78.3,2026-04-01
1301,77.5,94.5,2026-04-01
1302,91.1,86.3,2026-04-01
1303,86.4,73.2,2026-04-01
1304,76.4,93.8,2026-04-01
1305,87.4,79.6,2026-04-01
1306,83.5,72.1,2026-04-01
1307,76.0,65.3,2026-04-01
1308,83.0,88.5,2026-04-01
1309,88.1,85.3,2026-04-01
1310,85.5,94.4,2026-04-01
1311,90.0,97.0,2026-04-01
1312,71.2,80.2,2026-04-01
1313,77.7,62.2,2026-04-01
1314,65.6,63.1,2026-04-01
1315,89.2,85.7,2026-04-01
1316,84.5,67.6,2026-04-01
1317,80.6,62.5,2026-04-01
1318,91.4,69.7,2026-04-01
1319,61.1,86.1,2026-04-01
1320,91.8,64.4,2026-04-01
1321,79.5,79.1,2026-04-01
1322,77.1,94.3,2026-04-01
1323,96.5,80.1,2026-04-01
1324,63.9,73.5,2026-04-01
1325,91.6,95.9,2026-04-01
1326,89.8,95.1,2026-04-01
1327,84.3,63.9,2026-04-01
1328,68.5,72.4,2026-04-01
1329,61.0,91.8,2026-04-01
1330,91.7,75.3,2026-04-01
1331,77.3,92.7,2026-04-01
1332,94.7,69.7,2026-04-01
1333,90.2,61.4,2026-04-01
1334,70.9,63.3,2026-04-01
1335,68.4,64.9,2026-04-01
1336,87.8,79.5,2026-04-01
1337,60.7,69.3,2026-04-01
1338,67.2,98.3,2026-04-01
1339,62.0,79.8,2026-04-01
1340,63.9,80.3,2026-04-01
1341,71.2,96.5,2026-04-01
1342,73.7,76.7,2026-04-01
1343,86.5,95.6,2026-04-01
1344,84.1,64.2,2026-04-01
1345,85.1,81.0,2026-04-01
1346,98.9,63.0,2026-04-01
1347,76.9,85.9,2026-04-01
1348,63.5,65.3,2026-04-01
1349,69.5,73.1,2026-04-01
1350,65.8,68.4,2026-04-01
1351,72.1,93.1,2026-04-01
1352,67.6,69.0,2026-04-01
1353,62.1,83.6,2026-04-01
1354,65.6,92.7,2026-04-01
1355,80.8,70.6,2026-04-01
1356,81.4,66.1,2026-04-01
1357,77.1,98.6,2026-04-01
1358,89.3,88.9,2026-04-01
1359,93.4,80.1,2026-04-01
1360,95.7,69.2,2026-04-01
1361,93.0,61.5,2026-04-01
1362,95.3,88.5,2026-04-01
1363,98.5,95.8,2026-04-01
1364,66.0,92.4,2026-04-01
1365,95.3,86.8,2026-04-01
1366,89.4,73.0,2026-04-01
1367,73.0,65.0,2026-04-01
1368,86.3,87.6,2026-04-01
1369,90.5,80.1,2026-04-01
1370,98.7,65.1,2026-04-01
1371,66.4,93.7,2026-04-01
1372,96.9,99.2,2026-04-01
1373,85.7,86.0,2026-04-01
1374,90.3,60.4,2026-04-01
1375,98.4,90.4,2026-04-01
1376,60.5,85.1,2026-04-01
1377,88.8,86.5,2026-04-01
1378,84.5,99.9,2026-04-01
1379,82.3,61.7,2026-04-01
1380,99.2,65.3,2026-04-01
1381,87.7,79.7,2026-04-01
1382,81.7,80.9,2026-04-01
1383,79.5,94.0,2026-04-01
1384,71.1,78.7,2026-04-01
1385,83.0,82.6,2026-04-01
1386,65.8,65.9,2026-04-01
1387,92.7,65.5,2026-04-01
1388,98.2,84.6,2026-04-01
1389,66.6,71.4,2026-04-01
1390,88.9,73.4,2026-04-01
1391,64.8,67.1,2026-04-01
1392,81.0,74.5,2026-04-01
1393,92.9,85.4,2026-04-01
1394,79.8,78.1,2026-04-01
1395,83.6,67.8,2026-04-01
1396,97.4,83.4,2026-04-01
1397,62.2,99.9,2026-04-01
1398,80.9,76.8,2026-04-01
1399,71.8,94.2,2026-04-01
1400,99.7,98.6,2026-04-01
1401,84.5,88.0,2026-04-01
1402,81.3,72.3,2026-04-01
1403,65.5,66.2,2026-04-01
1404,92.9,65.3,2026-04-01
1405,77.1,88.8,2026-04-01
1406,69.1,72.5,2026-04-01
1407,73.2,61.4,2026-04-01
1408,66.0,69.0,2026-04-01
1409,77.3,75.6,2026-04-01
1410,91.8,68.8,2026-04-01
1411,73.6,60.9,2026-04-01
1412,71.9,94.0,2026-04-01
1413,64.9,92.7,2026-04-01
1414,84.7,63.1,2026-04-01
1415,76.1,60.6,2026-04-01
1416,80.8,75.1,2026-04-01
1417,95.5,77.1,2026-04-01
1418,98.9,73.0,2026-04-01
1419,95.6,84.9,2026-04-01
1420,76.4,93.4,2026-04-01
1421,97.9,75.5,2026-04-01
1422,74.3,77.1,2026-04-01
1423,75.4,76.8,2026-04-01
1424,78.3,71.4,2026-04-01
1425,67.5,72.1,2026-04-01
1426,84.3,83.3,2026-04-01
1427,79.3,78.1,2026-04-01
1428,85.4,65.2,2026-04-01
1429,65.0,65.1,2026-04-01
1430,97.2,89.0,2026-04-01
1431,83.7,82.8,2026-04-01
1432,67.8,92.8,2026-04-01
1433,79.3,86.0,2026-04-01
1434,90.1,86.6,2026-04-01
1435,81.3,79.7,2026-04-01
1436,83.6,66.9,2026-04-01
1437,72.8,89.1,2026-04-01
1438,65.5,63.4,2026-04-01
1439,62.9,89.6,2026-04-01
1440,96.6,71.4,2026-04-01
1441,70.5,64.8,2026-04-01
1442,75.7,79.7,2026-04-01
1443,92.0,98.3,2026-04-01
1444,68.4,64.7,2026-04-01
1445,66.6,98.5,2026-04-01
1446,85.6,95.0,2026-04-01
1447,65.7,83.1,2026-04-01
1448,83.9,69.7,2026-04-01
1449,92.8,96.3,2026-04-01
1450,82.6,72.9,2026-04-01
1451,89.7,98.5,2026-04-01
1452,96.4,78.5,2026-04-01
1453,82.5,83.1,2026-04-01
1454,70.8,91.4,2026-04-01
1455,82.6,78.9,2026-04-01
1456,79.4,99.1,2026-04-01
1457,70.7,66.6,2026-04-01
1458,94.4,86.6,2026-04-01
1459,95.0,93.4,2026-04-01
1460,85.1,80.9,2026-04-01
1461,76.3,95.0,2026-04-01
1462,90.4,81.8,2026-04-01
1463,67.1,77.0,2026-04-01
1464,73.9,66.2,2026-04-01
1465,80.8,69.1,2026-04-01
1466,75.7,91.4,2026-04-01
1467,70.7,77.7,2026-04-01
1468,73.3,82.5,2026-04-01
1469,80.8,89.1,2026-04-01
1470,65.8,74.3,2026-04-01
1471,69.0,84.2,2026-04-01
1472,85.3,70.3,2026-04-01
1473,61.2,93.3,2026-04-01
1474,81.3,70.3,2026-04-01
1475,82.0,74.9,2026-04-01
1476,63.2,71.0,2026-04-01
1477,77.6,74.0,2026-04-01
1478,77.0,88.2,2026-04-01
1479,92.0,69.9,2026-04-01
1480,89.6,71.1,2026-04-01
1481,93.1,90.3,2026-04-01
1482,60.1,86.0,2026-04-01
1483,63.8,77.4,2026-04-01
1484,68.3,78.8,2026-04-01
1485,88.9,60.3,2026-04-01
1486,88.8,70.8,2026-04-01
1487,97.4,79.5,2026-04-01
1488,99.1,67.4,2026-04-01
1489,94.9,66.3,2026-04-01
1490,71.1,69.5,2026-04-01
1491,62.4,89.8,2026-04-01
1492,96.3,98.7,2026-04-01
1493,63.1,60.7,2026-04-01
1494,89.5,92.1,2026-04-01
1495,66.9,64.6,2026-04-01
1496,86.1,97.8,2026-04-01
1497,71.0,77.0,2026-04-01
1498,67.5,88.9,2026-04-01
1499,90.5,93.8,2026-04-01
1500,81.5,96.6,2026-04-01
1501,74.2,86.3,2026-04-01
1502,69.9,90.8,2026-04-01
1503,88.0,94.1,2026-04-01
1504,68.5,60.8,2026-04-01
1505,70.1,96.4,2026-04-01
1506,97.8,71.1,2026-04-01
1507,83.8,96.3,2026-04-01
1508,83.7,63.4,2026-04-01
1509,90.5,90.5,2026-04-01
1510,74.0,62.1,2026-04-01
1511,65.3,78.1,2026-04-01
1512,63.9,63.6,2026-04-01
1513,60.1,67.3,2026-04-01
1514,85.4,89.0,2026-04-01
1515,75.5,74.6,2026-04-01
1516,75.7,81.9,2026-04-01
1517,76.4,93.6,2026-04-01
1518,62.1,71.5,2026-04-01
1519,93.4,70.0,2026-04-01
1520,69.6,88.6,2026-04-01
1521,91.9,62.3,2026-04-01
1522,81.3,62.4,2026-04-01
1523,77.8,75.3,2026-04-01
1524,82.1,95.9,2026-04-01
1525,86.9,63.5,2026-04-01
1526,89.1,67.8,2026-04-01
1527,80.2,83.2,2026-04-01
1528,61.6,84.4,2026-04-01
1529,74.2,75.8,2026-04-01
1530,82.2,80.6,2026-04-01
1531,63.0,92.8,2026-04-01
1532,87.3,74.2,2026-04-01
1533,92.8,99.6,2026-04-01
1534,81.8,95.6,2026-04-01
1535,75.1,74.1,2026-04-01
1536,96.6,73.6,2026-04-01
1537,85.5,82.7,2026-04-01
1538,93.9,78.1,2026-04-01
1539,65.6,74.1,2026-04-01
1540,62.5,72.2,2026-04-01
1541,99.2,90.5,2026-04-01
1542,85.2,85.6,2026-04-01
1543,71.7,97.1,2026-04-01
1544,92.6,70.8,2026-04-01
1545,70.2,62.2,2026-04-01
1546,73.0,81.8,2026-04-01
1547,70.5,76.3,2026-04-01
1548,81.3,78.9,2026-04-01
1549,60.5,65.9,2026-04-01
1550,64.5,75.0,2026-04-01
1551,72.0,80.3,2026-04-01
1552,73.4,63.0,2026-04-01
1553,62.2,89.8,2026-04-01
1554,87.9,92.7,2026-04-01
1555,90.8,65.0,2026-04-01
1556,66.6,60.7,2026-04-01
1557,91.0,86.9,2026-04-01
1558,79.1,93.7,2026-04-01
1559,68.5,78.5,2026-04-01
1560,98.8,73.6,2026-04-01
1561,78.6,95.0,2026-04-01
1562,64.0,66.0,2026-04-01
1563,68.7,73.0,2026-04-01
1564,72.7,85.0,2026-04-01
1565,67.9,91.0,2026-04-01
1566,63.4,91.3,2026-04-01
1567,97.5,90.8,2026-04-01
1568,67.0,64.7,2026-04-01
1569,91.7,75.5,2026-04-01
1570,61.0,76.0,2026-04-01
1571,78.8,79.5,2026-04-01
1572,90.4,96.7,2026-04-01
1573,84.1,90.0,2026-04-01
1574,88.9,77.7,2026-04-01
1575,94.3,72.0,2026-04-01
1576,71.5,80.1,2026-04-01
1577,88.0,98.3,2026-04-01
1578,74.5,72.7,2026-04-01
1579,72.3,80.1,2026-04-01
1580,69.1,94.3,2026-04-01
1581,81.4,79.8,2026-04-01
1582,83.2,82.1,2026-04-01
1583,73.9,71.4,2026-04-01
1584,74.8,61.2,2026-04-01
1585,99.8,67.5,2026-04-01
1586,65.5,70.4,2026-04-01
1587,99.1,85.1,2026-04-01
1588,89.7,70.1,2026-04-01
1589,88.6,80.3,2026-04-01
1590,84.4,89.3,2026-04-01
1591,76.3,87.7,2026-04-01
1592,75.7,83.7,2026-04-01
1593,70.3,64.6,2026-04-01
1594,62.1,84.5,2026-04-01
1595,83.7,79.2,2026-04-01
1596,82.0,67.9,2026-04-01
1597,66.3,80.6,2026-04-01
1598,88.0,67.7,2026-04-01
1599,68.0,89.1,2026-04-01
1600,71.9,74.7,2026-04-01
1601,74.2,66.5,2026-04-01
1602,91.7,73.5,2026-04-01
1603,85.8,81.6,2026-04-01
1604,82.1,71.8,2026-04-01
1605,88.8,91.6,2026-04-01
1606,80.3,65.1,2026-04-01
1607,64.5,80.3,2026-04-01
1608,76.1,84.9,2026-04-01
1609,61.1,97.3,2026-04-01
1610,67.4,78.5,2026-04-01
1611,64.1,74.6,2026-04-01
1612,91.0,73.1,2026-04-01
1613,91.0,96.5,2026-04-01
1614,80.6,68.5,2026-04-01
1615,78.0,90.2,2026-04-01
1616,95.5,99.2,2026-04-01
1617,73.4,95.5,2026-04-01
1618,64.7,76.0,2026-04-01
1619,91.5,75.0,2026-04-01
1620,91.6,83.5,2026-04-01
1621,85.8,96.6,2026-04-01
1622,77.4,83.9,2026-04-01
1623,84.8,88.9,2026-04-01
1624,69.2,89.0,2026-04-01
1625,89.8,74.4,2026-04-01
1626,67.8,92.3,2026-04-01
1627,83.9,94.5,2026-04-01
1628,90.0,78.6,2026-04-01
1629,84.4,92.6,2026-04-01
1630,76.7,89.6,2026-04-01
1631,69.0,80.9,2026-04-01
1632,62.1,71.8,2026-04-01
1633,91.5,72.7,2026-04-01
1634,70.7,81.4,2026-04-01
1635,60.3,88.4,2026-04-01
1636,75.9,61.1,2026-04-01
1637,66.2,96.8,2026-04-01
1638,87.2,79.3,2026-04-01
1639,62.9,73.7,2026-04-01
1640,71.1,61.7,2026-04-01
1641,84.9,82.2,2026-04-01
1642,63.0,97.1,2026-04-01
1643,89.5,81.3,2026-04-01
1644,75.5,69.4,2026-04-01
1645,69.9,73.2,2026-04-01
1646,75.5,80.3,2026-04-01
1647,84.5,89.3,2026-04-01
1648,68.6,88.4,2026-04-01
1649,99.1,72.6,2026-04-01
1650,63.4,92.9,2026-04-01
1651,96.2,95.0,2026-04-01
1652,93.3,91.7,2026-04-01
1653,96.4,80.7,2026-04-01
1654,75.8,75.3,2026-04-01
1655,89.3,93.9,2026-04-01
1656,97.8,91.0,2026-04-01
1657,94.8,97.7,2026-04-01
1658,75.3,85.5,2026-04-01
1659,93.8,96.0,2026-04-01
1660,76.5,78.5,2026-04-01
1661,78.6,88.4,2026-04-01
1662,88.4,70.9,2026-04-01
1663,60.2,70.0,2026-04-01
1664,65.5,63.4,2026-04-01
1665,66.5,71.8,2026-04-01
1666,73.9,64.9,2026-04-01
1667,94.4,77.4,2026-04-01
1668,90.4,75.6,2026-04-01
1669,62.2,83.3,2026-04-01
1670,87.4,87.7,2026-04-01
1671,82.0,85.9,2026-04-01
1672,66.2,92.9,2026-04-01
1673,96.5,68.1,2026-04-01
1674,75.2,88.7,2026-04-01
1675,60.2,89.1,2026-04-01
1676,73.9,73.5,2026-04-01
1677,71.0,77.8,2026-04-01
1678,80.7,79.5,2026-04-01
1679,72.1,87.4,2026-04-01
1680,63.1,61.6,2026-04-01
1681,61.5,83.6,2026-04-01
1682,81.6,89.0,2026-04-01
1683,81.9,78.1,2026-04-01
1684,80.8,80.4,2026-04-01
1685,93.5,84.3,2026-04-01
1686,67.4,88.6,2026-04-01
1687,76.6,86.9,2026-04-01
1688,76.3,70.7,2026-04-01
1689,99.0,85.1,2026-04-01
1690,68.8,85.5,2026-04-01
1691,68.3,90.4,2026-04-01
1692,83.7,91.0,2026-04-01
1693,64.4,82.3,2026-04-01
1694,87.4,77.0,2026-04-01
1695,87.6,67.9,2026-04-01
1696,75.4,82.7,2026-04-01
1697,74.3,90.1,2026-04-01
1698,69.4,90.9,2026-04-01
1699,71.4,62.0,2026-04-01
1700,62.9,62.3,2026-04-01
1701,72.0,87.0,2026-04-01
1702,69.0,99.9,2026-04-01
1703,74.6,92.3,2026-04-01
1704,72.2,91.9,2026-04-01
1705,73.8,90.9,2026-04-01
1706,65.4,78.6,2026-04-01
1707,93.6,68.8,2026-04-01
1708,69.4,73.9,2026-04-01
1709,91.7,93.9,2026-04-01
1710,90.9,74.5,2026-04-01
1711,89.5,99.5,2026-04-01
1712,61.4,61.8,2026-04-01
1713,64.9,92.0,2026-04-01
1714,72.1,68.0,2026-04-01
1715,79.7,67.5,2026-04-01
1716,66.4,85.9,2026-04-01
1717,71.2,85.2,2026-04-01
1718,92.0,74.6,2026-04-01
1719,83.5,68.1,2026-04-01
1720,98.5,64.5,2026-04-01
1721,98.2,86.4,2026-04-01
1722,61.5,99.3,2026-04-01
1723,95.4,90.4,2026-04-01
1724,94.5,70.7,2026-04-01
1725,60.5,94.3,2026-04-01
1726,85.8,94.7,2026-04-01
1727,76.2,83.1,2026-04-01
1728,76.9,75.1,2026-04-01
1729,70.6,70.4,2026-04-01
1730,87.9,60.4,2026-04-01
1731,76.7,93.3,2026-04-01
1732,80.7,68.7,2026-04-01
1733,97.4,90.1,2026-04-01
1734,74.3,98.2,2026-04-01
1735,76.8,96.5,2026-04-01
1736,76.0,73.8,2026-04-01
1737,83.7,80.2,2026-04-01
1738,83.9,80.0,2026-04-01
1739,85.4,73.5,2026-04-01
1740,90.8,94.9,2026-04-01
1741,99.4,77.2,2026-04-01
1742,71.8,66.8,2026-04-01
1743,83.6,62.2,2026-04-01
1744,79.1,98.2,2026-04-01
1745,68.9,72.8,2026-04-01
1746,86.9,72.9,2026-04-01
1747,63.0,89.5,2026-04-01
1748,62.4,85.2,2026-04-01
1749,78.6,87.0,2026-04-01
1750,99.4,62.5,2026-04-01
1751,67.8,89.0,2026-04-01
1752,96.0,95.9,2026-04-01
1753,95.1,65.6,2026-04-01
1754,83.1,65.3,2026-04-01
1755,92.8,81.5,2026-04-01
1756,89.1,91.1,2026-04-01
1757,62.4,94.1,2026-04-01
1758,95.0,99.1,2026-04-01
1759,79.4,79.4,2026-04-01
1760,63.7,88.5,2026-04-01
1761,91.0,95.6,2026-04-01
1762,81.9,79.0,2026-04-01
1763,92.8,83.2,2026-04-01
1764,78.2,92.7,2026-04-01
1765,75.2,68.9,2026-04-01
1766,92.3,69.8,2026-04-01
1767,99.5,86.9,2026-04-01
1768,72.8,87.0,2026-04-01
1769,87.1,91.7,2026-04-01
1770,72.2,79.4,2026-04-01
1771,63.7,71.0,2026-04-01
1772,63.3,99.6,2026-04-01
1773,73.6,81.4,2026-04-01
1774,77.5,81.8,2026-04-01
1775,94.6,61.6,2026-04-01
1776,95.8,82.7,2026-04-01
1777,66.4,64.6,2026-04-01
1778,88.3,67.4,2026-04-01
1779,66.9,67.7,2026-04-01
1780,81.7,66.1,2026-04-01
1781,69.0,94.7,2026-04-01
1782,77.4,63.7,2026-04-01
1783,66.6,74.9,2026-04-01
1784,64.7,98.9,2026-04-01
1785,94.8,65.5,2026-04-01
1786,82.6,67.7,2026-04-01
1787,89.3,91.6,2026-04-01
1788,64.8,71.8,2026-04-01
1789,89.1,80.6,2026-04-01
1790,88.8,69.0,2026-04-01
1791,79.9,80.9,2026-04-01
1792,68.7,99.0,2026-04-01
1793,73.9,87.6,2026-04-01
1794,89.8,96.2,2026-04-01
1795,80.0,98.7,2026-04-01
1796,72.0,98.5,2026-04-01
1797,61.8,92.4,2026-04-01
1798,90.3,80.1,2026-04-01
1799,73.5,74.6,2026-04-01
1800,90.7,82.3,2026-04-01
1801,62.2,68.1,2026-04-01
1802,63.1,94.8,2026-04-01
1803,60.3,80.0,2026-04-01
1804,80.1,69.0,2026-04-01
1805,67.1,74.2,2026-04-01
1806,85.6,74.2,2026-04-01
1807,65.7,77.1,2026-04-01
1808,60.4,94.2,2026-04-01
1809,81.9,76.5,2026-04-01
1810,99.5,64.4,2026-04-01
1811,70.1,76.0,2026-04-01
1812,92.2,84.4,2026-04-01
1813,99.4,93.3,2026-04-01
1814,90.4,70.7,2026-04-01
1815,94.4,69.9,2026-04-01
1816,96.3,87.5,2026-04-01
1817,69.4,65.1,2026-04-01
1818,93.5,88.2,2026-04-01
1819,71.5,67.6,2026-04-01
1820,79.0,99.6,2026-04-01
1821,64.2,62.6,2026-04-01
1822,96.0,87.2,2026-04-01
1823,91.9,90.1,2026-04-01
1824,87.2,75.4,2026-04-01
1825,85.3,63.5,2026-04-01
1826,96.6,63.7,2026-04-01
1827,86.9,72.8,2026-04-01
1828,68.4,93.6,2026-04-01
1829,86.5,73.9,2026-04-01
1830,96.6,61.8,2026-04-01
1831,81.6,84.1,2026-04-01
1832,84.5,93.3,2026-04-01
1833,71.4,71.3,2026-04-01
1834,91.9,75.9,2026-04-01
1835,85.0,69.5,2026-04-01
1836,79.1,87.5,2026-04-01
1837,77.8,75.2,2026-04-01
1838,87.9,86.8,2026-04-01
1839,88.8,69.4,2026-04-01
1840,87.1,70.9,2026-04-01
1841,61.4,71.8,2026-04-01
1842,96.5,89.0,2026-04-01
1843,70.7,76.7,2026-04-01
1844,64.7,77.1,2026-04-01
1845,61.2,71.6,2026-04-01
1846,81.4,72.4,2026-04-01
1847,89.8,69.5,2026-04-01
1848,80.8,62.8,2026-04-01
1849,88.0,95.4,2026-04-01
1850,89.9,66.6,2026-04-01
1851,69.9,84.2,2026-04-01
1852,88.8,88.2,2026-04-01
1853,69.3,64.9,2026-04-01
1854,61.1,68.1,2026-04-01
1855,76.9,74.1,2026-04-01
1856,83.0,71.5,2026-04-01
1857,68.0,98.3,2026-04-01
1858,92.2,91.7,2026-04-01
1859,61.9,68.4,2026-04-01
1860,93.2,85.5,2026-04-01
1861,77.3,74.3,2026-04-01
1862,87.3,70.3,2026-04-01
1863,61.3,92.7,2026-04-01
1864,91.5,81.7,2026-04-01
1865,92.9,86.9,2026-04-01
1866,90.4,91.9,2026-04-01
1867,70.6,90.8,2026-04-01
1868,91.5,95.3,2026-04-01
1869,83.4,72.7,2026-04-01
1870,60.7,96.9,2026-04-01
1871,63.6,77.9,2026-04-01
1872,68.2,62.0,2026-04-01
1873,66.3,81.1,2026-04-01
1874,70.1,82.2,2026-04-01
1875,81.0,62.4,2026-04-01
1876,91.5,82.3,2026-04-01
1877,97.5,92.7,2026-04-01
1878,79.6,72.0,2026-04-01
1879,96.6,86.8,2026-04-01
1880,71.1,62.4,2026-04-01
1881,64.8,98.6,2026-04-01
1882,99.6,98.8,2026-04-01
1883,94.0,69.7,2026-04-01
1884,67.7,72.7,2026-04-01
1885,93.1,91.1,2026-04-01
1886,60.4,98.3,2026-04-01
1887,81.1,67.4,2026-04-01
1888,82.4,95.3,2026-04-01
1889,65.2,65.9,2026-04-01
1890,78.5,92.8,2026-04-01
1891,93.9,95.4,2026-04-01
1892,92.4,77.5,2026-04-01
1893,66.9,91.3,2026-04-01
1894,64.9,60.5,2026-04-01
1895,85.6,93.9,2026-04-01
1896,92.6,97.1,2026-04-01
1897,72.9,75.7,2026-04-01
1898,66.0,72.9,2026-04-01
1899,89.8,98.2,2026-04-01
1900,72.5,89.5,2026-04-01
1901,66.7,96.9,2026-04-01
1902,91.6,73.9,2026-04-01
1903,97.0,73.7,2026-04-01
1904,67.6,91.2,2026-04-01
1905,98.0,84.7,2026-04-01
1906,83.2,81.1,2026-04-01
1907,95.7,94.5,2026-04-01
1908,72.8,76.2,2026-04-01
1909,93.5,80.1,2026-04-01
1910,74.6,89.9,2026-04-01
1911,93.0,84.0,2026-04-01
1912,76.6,96.4,2026-04-01
1913,85.4,77.7,2026-04-01
1914,88.5,83.8,2026-04-01
1915,87.7,66.2,2026-04-01
1916,80.5,70.1,2026-04-01
1917,65.1,66.8,2026-04-01
1918,84.9,72.1,2026-04-01
1919,94.2,94.0,2026-04-01
1920,95.9,89.4,2026-04-01
1921,72.4,65.5,2026-04-01
1922,89.0,99.6,2026-04-01
1923,96.4,97.8,2026-04-01
1924,91.2,73.3,2026-04-01
1925,92.4,78.3,2026-04-01
1926,80.6,67.5,2026-04-01
1927,94.2,77.6,2026-04-01
1928,89.7,64.5,2026-04-01
1929,89.6,89.7,2026-04-01
1930,63.7,91.8,2026-04-01
1931,73.6,81.5,2026-04-01
1932,68.0,81.3,2026-04-01
1933,98.9,83.1,2026-04-01
1934,90.9,92.8,2026-04-01
1935,97.8,80.2,2026-04-01
1936,91.5,71.1,2026-04-01
1937,87.6,73.7,2026-04-01
1938,75.7,81.4,2026-04-01
1939,71.2,63.0,2026-04-01
1940,99.6,75.6,2026-04-01
1941,74.7,95.4,2026-04-01
1942,82.2,87.1,2026-04-01
1943,87.0,99.7,2026-04-01
1944,75.6,79.5,2026-04-01
1945,66.7,71.2,2026-04-01
1946,86.9,66.7,2026-04-01
1947,99.7,95.1,2026-04-01
1948,83.7,74.4,2026-04-01
1949,61.7,80.5,2026-04-01
1950,89.4,81.5,2026-04-01
1951,69.5,61.9,2026-04-01
1952,73.1,92.7,2026-04-01
1953,89.7,65.0,2026-04-01
1954,95.8,76.5,2026-04-01
1955,84.9,70.4,2026-04-01
1956,77.7,91.6,2026-04-01
1957,80.0,75.4,2026-04-01
1958,91.6,65.4,2026-04-01
1959,94.2,88.1,2026-04-01
1960,74.8,82.9,2026-04-01
1961,72.2,74.9,2026-04-01
1962,80.0,82.1,2026-04-01
1963,62.3,95.2,2026-04-01
1964,69.2,75.4,2026-04-01
1965,89.9,73.3,2026-04-01
1966,69.6,65.1,2026-04-01
1967,89.6,70.2,2026-04-01
1968,67.5,87.2,2026-04-01
1969,60.5,91.4,2026-04-01
1970,60.2,98.9,2026-04-01
1971,89.9,70.3,2026-04-01
1972,69.6,88.1,2026-04-01
1973,76.3,92.9,2026-04-01
1974,96.9,83.2,2026-04-01
1975,74.5,86.8,2026-04-01
1976,60.7,62.6,2026-04-01
1977,82.8,61.3,2026-04-01
1978,94.4,61.3,2026-04-01
1979,69.6,94.5,2026-04-01
1980,90.6,85.7,2026-04-01
1981,90.1,78.8,2026-04-01
1982,70.7,89.4,2026-04-01
1983,99.0,90.5,2026-04-01
1984,93.4,62.2,2026-04-01
1985,76.2,89.7,2026-04-01
1986,75.3,97.9,2026-04-01
1987,93.1,84.7,2026-04-01
1988,78.9,87.4,2026-04-01
1989,71.6,91.0,2026-04-01
1990,93.4,85.4,2026-04-01
1991,99.8,67.9,2026-04-01
1992,74.6,75.9,2026-04-01
1993,90.3,74.5,2026-04-01
1994,73.8,84.5,2026-04-01
1995,84.7,86.5,2026-04-01
1996,62.5,70.2,2026-04-01
1997,90.6,62.4,2026-04-01
1998,98.4,82.5,2026-04-01
1999,75.7,65.3,2026-04-01
2000,75.9,93.9,2026-04-01
2001,69.7,94.7,2026-04-01
2002,93.2,63.0,2026-04-01
2003,82.4,71.7,2026-04-01
2004,75.0,77.9,2026-04-01
2005,78.5,70.6,2026-04-01
2006,91.9,77.9,2026-04-01
2007,69.0,90.7,2026-04-01
2008,89.8,62.2,2026-04-01
2009,92.9,87.5,2026-04-01
2010,76.1,95.1,2026-04-01
2011,73.7,66.0,2026-04-01
2012,76.0,61.4,2026-04-01
2013,64.8,91.8,2026-04-01
2014,86.5,70.6,2026-04-01
2015,83.4,75.6,2026-04-01
2016,64.8,86.8,2026-04-01
2017,66.5,73.1,2026-04-01
2018,77.2,90.8,2026-04-01
2019,84.3,80.5,2026-04-01
2020,70.4,73.6,2026-04-01
2021,78.1,83.3,2026-04-01
2022,83.5,73.6,2026-04-01
2023,84.5,88.4,2026-04-01
2024,63.3,93.9,2026-04-01
2025,90.8,95.0,2026-04-01
2026,63.0,87.4,2026-04-01
2027,94.5,84.4,2026-04-01
2028,73.0,82.6,2026-04-01
2029,85.3,67.1,2026-04-01
2030,74.3,81.5,2026-04-01
2031,67.3,88.1,2026-04-01
2032,97.3,89.1,2026-04-01
2033,80.4,88.1,2026-04-01
2034,65.4,89.0,2026-04-01
2035,81.7,90.4,2026-04-01
2036,84.2,86.4,2026-04-01
2037,74.7,79.3,2026-04-01
2038,92.9,71.0,2026-04-01
2039,65.5,64.6,2026-04-01
2040,93.2,97.2,2026-04-01
2041,80.5,81.0,2026-04-01
2042,78.7,78.1,2026-04-01
2043,88.8,79.2,2026-04-01
2044,69.5,63.1,2026-04-01
2045,65.6,83.9,2026-04-01
2046,71.3,92.5,2026-04-01
2047,81.4,80.9,2026-04-01
2048,76.8,89.6,2026-04-01
2049,60.1,67.3,2026-04-01
2050,96.7,64.5,2026-04-01
2051,81.5,88.6,2026-04-01
2052,99.9,93.2,2026-04-01
2053,61.5,99.6,2026-04-01
2054,87.3,72.7,2026-04-01
2055,98.4,77.1,2026-04-01
2056,69.1,64.2,2026-04-01
2057,93.6,98.1,2026-04-01
2058,94.0,93.9,2026-04-01
2059,90.2,89.4,2026-04-01
2060,63.3,71.5,2026-04-01
2061,73.7,90.5,2026-04-01
2062,63.7,77.7,2026-04-01
2063,83.0,89.3,2026-04-01
2064,76.3,68.7,2026-04-01
2065,69.3,64.2,2026-04-01
2066,67.5,96.0,2026-04-01
2067,80.4,64.4,2026-04-01
2068,77.7,65.9,2026-04-01
2069,92.0,76.3,2026-04-01
2070,87.5,99.2,2026-04-01
2071,99.6,69.7,2026-04-01
2072,60.2,81.5,2026-04-01
2073,62.2,83.6,2026-04-01
2074,76.2,94.1,2026-04-01
2075,91.0,62.4,2026-04-01
2076,93.7,64.6,2026-04-01
2077,79.2,90.2,2026-04-01
2078,70.3,83.3,2026-04-01
2079,75.3,91.0,2026-04-01
2080,67.4,80.2,2026-04-01
2081,75.0,60.9,2026-04-01
2082,68.0,85.1,2026-04-01
2083,88.2,69.1,2026-04-01
2084,63.7,95.8,2026-04-01
2085,99.1,98.5,2026-04-01
2086,92.0,63.9,2026-04-01
2087,62.2,86.9,2026-04-01
2088,67.9,67.7,2026-04-01
2089,82.1,79.6,2026-04-01
2090,71.3,73.2,2026-04-01
2091,65.0,89.3,2026-04-01
2092,83.4,94.4,2026-04-01
2093,93.6,61.2,2026-04-01
2094,71.3,80.8,2026-04-01
2095,62.9,68.7,2026-04-01
2096,76.7,96.2,2026-04-01
2097,89.4,60.4,2026-04-01
2098,82.6,99.0,2026-04-01
2099,70.7,89.8,2026-04-01
2100,64.6,88.2,2026-04-01
2101,69.2,61.3,2026-04-01
2102,78.6,63.4,2026-04-01
2103,81.3,86.7,2026-04-01
2104,83.0,82.9,2026-04-01
2105,87.9,81.8,2026-04-01
2106,94.9,63.9,2026-04-01
2107,97.3,60.2,2026-04-01
2108,78.5,99.5,2026-04-01
2109,89.3,87.6,2026-04-01
2110,94.2,68.4,2026-04-01
2111,81.4,66.7,2026-04-01
2112,84.8,78.4,2026-04-01
2113,64.1,97.6,2026-04-01
2114,96.4,98.8,2026-04-01
2115,66.1,84.8,2026-04-01
2116,76.6,87.5,2026-04-01
2117,60.6,96.2,2026-04-01
2118,65.7,92.7,2026-04-01
2119,75.6,63.1,2026-04-01
2120,92.5,82.3,2026-04-01
2121,98.0,82.9,2026-04-01
2122,66.4,90.0,2026-04-01
2123,78.5,65.1,2026-04-01
2124,61.6,92.5,2026-04-01
2125,62.1,93.5,2026-04-01
2126,97.6,91.3,2026-04-01
2127,68.0,75.1,2026-04-01
2128,93.9,81.1,2026-04-01
2129,74.4,78.0,2026-04-01
2130,74.6,82.4,2026-04-01
2131,95.8,76.9,2026-04-01
2132,62.3,83.6,2026-04-01
2133,81.1,69.3,2026-04-01
2134,83.9,79.1,2026-04-01
2135,69.1,77.0,2026-04-01
2136,80.4,65.5,2026-04-01
2137,74.6,67.8,2026-04-01
2138,67.3,61.7,2026-04-01
2139,85.8,78.5,2026-04-01
2140,90.5,72.9,2026-04-01
2141,96.0,78.6,2026-04-01
2142,81.6,75.3,2026-04-01
2143,81.5,69.3,2026-04-01
2144,61.7,62.8,2026-04-01
2145,88.1,60.8,2026-04-01
2146,90.2,82.8,2026-04-01
2147,66.9,70.2,2026-04-01
2148,66.0,96.5,2026-04-01
2149,82.6,69.2,2026-04-01
2150,93.9,77.9,2026-04-01
2151,99.7,83.2,2026-04-01
2152,90.1,86.7,2026-04-01
2153,72.8,60.1,2026-04-01
2154,72.9,92.0,2026-04-01
2155,84.3,68.1,2026-04-01
2156,71.6,79.4,2026-04-01
2157,64.1,83.1,2026-04-01
2158,77.3,70.1,2026-04-01
2159,73.3,74.2,2026-04-01
2160,95.5,77.5,2026-04-01
2161,94.9,76.0,2026-04-01
2162,72.4,65.0,2026-04-01
2163,95.4,80.2,2026-04-01
2164,76.5,81.6,2026-04-01
2165,61.4,94.4,2026-04-01
2166,77.6,63.7,2026-04-01
2167,69.2,60.1,2026-04-01
2168,99.8,79.8,2026-04-01
2169,87.4,75.1,2026-04-01
2170,88.9,95.2,2026-04-01
2171,80.8,73.6,2026-04-01
2172,85.7,91.4,2026-04-01
2173,86.6,96.8,2026-04-01
2174,91.1,98.2,2026-04-01
2175,94.6,65.2,2026-04-01
2176,60.4,96.1,2026-04-01
2177,94.9,74.5,2026-04-01
2178,87.5,85.9,2026-04-01
2179,96.4,87.6,2026-04-01
2180,85.0,83.1,2026-04-01
2181,66.9,66.8,2026-04-01
2182,85.1,97.6,2026-04-01
2183,80.0,83.1,2026-04-01
2184,98.7,72.2,2026-04-01
2185,62.3,95.8,2026-04-01
2186,85.1,71.5,2026-04-01
2187,76.5,79.3,2026-04-01
2188,95.6,99.6,2026-04-01
2189,61.1,63.3,2026-04-01
2190,62.9,78.6,2026-04-01
2191,71.0,88.1,2026-04-01
2192,66.4,85.5,2026-04-01
2193,86.0,77.9,2026-04-01
2194,85.3,76.8,2026-04-01
2195,98.0,63.2,2026-04-01
2196,72.6,95.0,2026-04-01
2197,61.6,75.9,2026-04-01
2198,79.4,99.3,2026-04-01
2199,75.8,83.4,2026-04-01
2200,61.7,90.1,2026-04-01
2201,66.0,78.5,2026-04-01
2202,85.3,99.0,2026-04-01
2203,98.1,69.6,2026-04-01
2204,87.6,77.6,2026-04-01
2205,87.6,77.2,2026-04-01
2206,63.5,88.1,2026-04-01
2207,95.3,66.7,2026-04-01
2208,77.0,77.4,2026-04-01
2209,67.0,91.4,2026-04-01
2210,99.7,68.1,2026-04-01
2211,69.6,75.5,2026-04-01
2212,80.6,94.3,2026-04-01
2213,77.5,85.1,2026-04-01
2214,71.6,75.3,2026-04-01
2215,93.2,60.7,2026-04-01
2216,81.5,68.8,2026-04-01
2217,98.5,95.9,2026-04-01
2218,64.8,63.2,2026-04-01
2219,68.3,98.2,2026-04-01
2220,93.5,78.9,2026-04-01
2221,82.8,69.8,2026-04-01
2222,65.2,62.7,2026-04-01
2223,91.8,87.6,2026-04-01
2224,66.9,65.4,2026-04-01
2225,72.7,82.2,2026-04-01
2226,62.3,87.5,2026-04-01
2227,93.1,73.1,2026-04-01
2228,72.5,74.0,2026-04-01
2229,87.8,93.9,2026-04-01
2230,68.1,89.7,2026-04-01
2231,81.3,79.2,2026-04-01
2232,92.4,92.4,2026-04-01
2233,89.9,98.9,2026-04-01
2234,71.3,74.5,2026-04-01
2235,94.5,76.6,2026-04-01
2236,75.8,99.0,2026-04-01
2237,91.8,86.0,2026-04-01
2238,91.3,71.7,2026-04-01
2239,79.7,69.4,2026-04-01
2240,61.4,78.9,2026-04-01
2241,99.7,69.5,2026-04-01
2242,82.4,89.3,2026-04-01
2243,67.1,73.6,2026-04-01
2244,78.4,71.1,2026-04-01
2245,94.8,77.3,2026-04-01
2246,85.4,78.1,2026-04-01
2247,78.7,79.8,2026-04-01
2248,83.8,72.8,2026-04-01
2249,69.3,68.3,2026-04-01
2250,99.6,88.0,2026-04-01
2251,95.3,90.1,2026-04-01
2252,67.0,64.6,2026-04-01
2253,79.2,99.8,2026-04-01
2254,61.5,92.8,2026-04-01
2255,99.6,76.8,2026-04-01
2256,65.5,64.0,2026-04-01
2257,62.0,87.5,2026-04-01
2258,62.2,75.0,2026-04-01
2259,63.5,86.6,2026-04-01
2260,60.8,86.6,2026-04-01
2261,68.6,74.4,2026-04-01
2262,78.2,76.0,2026-04-01
2263,85.3,78.8,2026-04-01
2264,98.0,88.3,2026-04-01
2265,76.7,83.1,2026-04-01
2266,65.8,87.1,2026-04-01
2267,72.6,65.5,2026-04-01
2268,66.1,74.7,2026-04-01
2269,83.6,76.2,2026-04-01
2270,74.1,63.1,2026-04-01
2271,90.5,70.4,2026-04-01
2272,91.9,88.1,2026-04-01
2273,78.4,68.7,2026-04-01
2274,98.0,88.1,2026-04-01
2275,73.3,69.9,2026-04-01
2276,95.5,87.5,2026-04-01
2277,73.7,70.8,2026-04-01
2278,65.7,77.4,2026-04-01
2279,94.2,86.2,2026-04-01
2280,96.5,97.9,2026-04-01
2281,75.3,67.4,2026-04-01
2282,91.1,99.2,2026-04-01
2283,72.7,91.3,2026-04-01
2284,93.6,67.2,2026-04-01
2285,75.4,63.6,2026-04-01
2286,73.1,74.3,2026-04-01
2287,96.5,69.4,2026-04-01
2288,65.1,86.1,2026-04-01
2289,91.5,65.0,2026-04-01
2290,81.4,82.7,2026-04-01
2291,98.2,76.6,2026-04-01
2292,99.6,66.9,2026-04-01
2293,74.5,63.2,2026-04-01
2294,75.6,63.0,2026-04-01
2295,81.6,63.8,2026-04-01
2296,83.5,91.1,2026-04-01
2297,65.6,78.6,2026-04-01
2298,97.8,60.8,2026-04-01
2299,69.6,71.9,2026-04-01
2300,63.4,94.6,2026-04-01
2301,64.8,89.2,2026-04-01
2302,71.4,77.4,2026-04-01
2303,87.7,85.0,2026-04-01
2304,88.3,93.3,2026-04-01
2305,77.2,78.5,2026-04-01
2306,63.8,75.9,2026-04-01
2307,60.7,99.1,2026-04-01
2308,89.8,69.0,2026-04-01
2309,77.5,69.0,2026-04-01
2310,97.6,88.1,2026-04-01
2311,87.5,78.4,2026-04-01
2312,65.8,72.0,2026-04-01
2313,99.7,95.2,2026-04-01
2314,61.4,76.6,2026-04-01
2315,84.6,90.0,2026-04-01
2316,89.1,81.8,2026-04-01
2317,62.9,78.1,2026-04-01
2318,62.8,81.9,2026-04-01
2319,94.9,63.6,2026-04-01
2320,93.7,89.5,2026-04-01
2321,74.1,63.4,2026-04-01
2322,81.2,83.0,2026-04-01
2323,69.3,68.4,2026-04-01
2324,78.9,70.9,2026-04-01
2325,87.3,73.2,2026-04-01
2326,78.8,86.0,2026-04-01
2327,74.5,97.9,2026-04-01
2328,60.3,96.1,2026-04-01
2329,79.8,64.8,2026-04-01
2330,66.3,87.1,2026-04-01
2331,75.7,80.6,2026-04-01
2332,62.8,88.0,2026-04-01
2333,71.3,90.8,2026-04-01
2334,85.7,61.1,2026-04-01
2335,95.4,62.0,2026-04-01
2336,80.4,63.1,2026-04-01
2337,92.8,89.9,2026-04-01
2338,78.0,74.3,2026-04-01
2339,66.5,86.6,2026-04-01
2340,68.2,80.7,2026-04-01
2341,85.5,98.1,2026-04-01
2342,75.1,82.3,2026-04-01
2343,91.2,92.0,2026-04-01
2344,70.1,61.2,2026-04-01
2345,90.5,87.8,2026-04-01
2346,91.5,76.0,2026-04-01
2347,90.6,81.8,2026-04-01
2348,72.8,87.4,2026-04-01
2349,85.4,85.3,2026-04-01
2350,74.8,79.8,2026-04-01
2351,98.1,68.1,2026-04-01
2352,60.9,91.8,2026-04-01
2353,75.2,64.1,2026-04-01
2354,73.2,80.2,2026-04-01
2355,70.2,77.1,2026-04-01
2356,94.9,67.6,2026-04-01
2357,91.1,62.8,2026-04-01
2358,75.6,73.5,2026-04-01
2359,70.1,98.2,2026-04-01
2360,85.7,65.5,2026-04-01
2361,99.4,66.4,2026-04-01
2362,83.7,67.2,2026-04-01
2363,62.8,93.4,2026-04-01
2364,98.7,65.0,2026-04-01
2365,95.7,61.6,2026-04-01
2366,99.5,85.1,2026-04-01
2367,93.9,64.6,2026-04-01
2368,69.8,77.8,2026-04-01
2369,76.5,80.9,2026-04-01
2370,95.3,80.7,2026-04-01
2371,76.3,63.0,2026-04-01
2372,88.0,89.9,2026-04-01
2373,99.7,63.3,2026-04-01
2374,81.6,92.2,2026-04-01
2375,84.6,92.4,2026-04-01
2376,77.8,91.1,2026-04-01
2377,64.6,60.1,2026-04-01
2378,62.3,75.4,2026-04-01
2379,97.3,92.4,2026-04-01
2380,87.9,60.4,2026-04-01
2381,60.6,88.1,2026-04-01
2382,97.0,99.6,2026-04-01
2383,83.5,67.2,2026-04-01
2384,86.7,98.7,2026-04-01
2385,97.3,72.5,2026-04-01
2386,69.8,96.2,2026-04-01
2387,82.1,89.0,2026-04-01
2388,80.2,93.1,2026-04-01
2389,83.1,87.5,2026-04-01
2390,75.1,79.8,2026-04-01
2391,89.6,94.6,2026-04-01
2392,87.9,94.7,2026-04-01
2393,77.7,93.8,2026-04-01
2394,71.6,91.9,2026-04-01
2395,84.8,63.3,2026-04-01
2396,83.3,95.6,2026-04-01
2397,76.6,84.6,2026-04-01
2398,77.7,92.3,2026-04-01
2399,69.6,96.4,2026-04-01
2400,61.8,69.5,2026-04-01
2401,90.9,76.0,2026-04-01
2402,87.7,97.2,2026-04-01
2403,81.4,83.5,2026-04-01
2404,64.5,97.9,2026-04-01
2405,66.9,73.2,2026-04-01
2406,67.1,87.2,2026-04-01
2407,67.1,93.5,2026-04-01
2408,94.4,87.4,2026-04-01
2409,91.2,90.4,2026-04-01
2410,79.3,77.8,2026-04-01
2411,74.5,80.8,2026-04-01
2412,84.4,98.1,2026-04-01
2413,89.8,87.8,2026-04-01
2414,79.7,71.5,2026-04-01
2415,85.3,91.8,2026-04-01
2416,71.7,97.6,2026-04-01
2417,73.0,96.6,2026-04-01
2418,90.8,86.6,2026-04-01
2419,95.7,94.9,2026-04-01
2420,67.5,79.1,2026-04-01
2421,74.5,97.5,2026-04-01
2422,94.0,77.7,2026-04-01
2423,91.7,88.2,2026-04-01
2424,70.8,64.4,2026-04-01
2425,86.8,82.8,2026-04-01
2426,83.9,98.1,2026-04-01
2427,97.5,82.8,2026-04-01
2428,93.8,90.2,2026-04-01
2429,89.1,74.8,2026-04-01
2430,65.9,83.3,2026-04-01
2431,74.4,95.5,2026-04-01
2432,68.8,90.1,2026-04-01
2433,79.8,74.1,2026-04-01
2434,98.8,79.2,2026-04-01
2435,78.3,75.6,2026-04-01
2436,94.7,81.0,2026-04-01
2437,82.1,69.5,2026-04-01
2438,99.9,67.6,2026-04-01
2439,80.7,77.8,2026-04-01
2440,72.7,62.1,2026-04-01
2441,84.6,62.7,2026-04-01
2442,76.4,71.0,2026-04-01
2443,63.5,84.0,2026-04-01
2444,77.1,89.4,2026-04-01
2445,99.6,72.5,2026-04-01
2446,84.3,95.4,2026-04-01
2447,76.1,60.8,2026-04-01
2448,81.7,73.1,2026-04-01
2449,94.8,78.9,2026-04-01
2450,71.7,74.6,2026-04-01
2451,80.0,66.1,2026-04-01
2452,82.4,71.6,2026-04-01
2453,83.2,98.9,2026-04-01
2454,73.6,70.2,2026-04-01
2455,62.9,96.9,2026-04-01
2456,90.0,99.6,2026-04-01
2457,87.1,62.5,2026-04-01
2458,77.5,82.0,2026-04-01
2459,65.4,87.9,2026-04-01
2460,94.8,83.7,2026-04-01
2461,70.9,88.6,2026-04-01
2462,97.5,66.1,2026-04-01
2463,92.0,63.7,2026-04-01
2464,86.5,80.2,2026-04-01
2465,76.5,62.5,2026-04-01
2466,74.1,78.4,2026-04-01
2467,66.9,74.2,2026-04-01
2468,89.8,71.5,2026-04-01
2469,92.5,78.5,2026-04-01
2470,69.9,70.5,2026-04-01
2471,61.9,99.4,2026-04-01
2472,74.0,78.9,2026-04-01
2473,90.9,84.5,2026-04-01
2474,91.7,98.5,2026-04-01
2475,85.1,76.5,2026-04-01
2476,88.2,81.0,2026-04-01
2477,90.2,69.6,2026-04-01
2478,95.2,98.2,2026-04-01
2479,76.5,70.1,2026-04-01
2480,84.2,66.0,2026-04-01
2481,88.6,90.5,2026-04-01
2482,74.5,82.7,2026-04-01
2483,75.2,70.9,2026-04-01
2484,71.5,67.8,2026-04-01
2485,69.7,92.6,2026-04-01
2486,74.5,97.6,2026-04-01
2487,60.1,76.6,2026-04-01
2488,99.8,76.3,2026-04-01
2489,62.2,88.5,2026-04-01
2490,87.3,93.3,2026-04-01
2491,71.1,92.6,2026-04-01
2492,85.3,61.0,2026-04-01
2493,94.1,85.5,2026-04-01
2494,78.0,87.0,2026-04-01
2495,77.9,67.8,2026-04-01
2496,76.3,90.5,2026-04-01
2497,82.8,96.9,2026-04-01
2498,88.3,80.8,2026-04-01
2499,95.3,86.1,2026-04-01
2500,66.3,60.5,2026-04-01
2501,60.3,77.3,2026-04-01
2502,84.1,91.7,2026-04-01
2503,82.6,80.6,2026-04-01
2504,63.2,68.9,2026-04-01
2505,73.4,95.8,2026-04-01
2506,90.1,95.4,2026-04-01
2507,88.4,86.1,2026-04-01
2508,69.5,87.2,2026-04-01
2509,84.7,99.5,2026-04-01
2510,80.7,62.3,2026-04-01
2511,62.6,80.0,2026-04-01
2512,92.9,91.5,2026-04-01
2513,94.6,97.0,2026-04-01
2514,90.4,76.3,2026-04-01
2515,75.6,77.3,2026-04-01
2516,95.1,68.7,2026-04-01
2517,60.2,68.8,2026-04-01
2518,71.0,60.6,2026-04-01
2519,99.2,90.5,2026-04-01
2520,92.7,61.0,2026-04-01
2521,82.3,79.1,2026-04-01
2522,74.4,60.6,2026-04-01
2523,79.4,97.6,2026-04-01
2524,70.8,73.2,2026-04-01
2525,90.6,80.4,2026-04-01
2526,86.9,71.1,2026-04-01
2527,60.3,89.3,2026-04-01
2528,80.8,83.6,2026-04-01
2529,65.5,62.1,2026-04-01
2530,81.3,64.5,2026-04-01
2531,82.2,98.0,2026-04-01
2532,75.1,95.1,2026-04-01
2533,82.3,85.6,2026-04-01
2534,60.0,77.1,2026-04-01
2535,64.0,65.6,2026-04-01
2536,96.3,65.1,2026-04-01
2537,60.2,74.2,2026-04-01
2538,81.9,99.4,2026-04-01
2539,81.8,65.0,2026-04-01
2540,83.8,84.9,2026-04-01
2541,85.2,72.0,2026-04-01
2542,63.1,65.9,2026-04-01
2543,61.2,66.0,2026-04-01
2544,64.3,68.8,2026-04-01
2545,88.8,81.1,2026-04-01
2546,93.4,70.8,2026-04-01
2547,63.0,91.3,2026-04-01
2548,92.6,71.0,2026-04-01
2549,97.1,65.2,2026-04-01
2550,86.3,87.0,2026-04-01
2551,67.6,74.6,2026-04-01
2552,78.6,72.6,2026-04-01
2553,72.7,64.9,2026-04-01
2554,88.2,91.1,2026-04-01
2555,68.5,93.3,2026-04-01
2556,98.0,71.6,2026-04-01
2557,67.7,91.2,2026-04-01
2558,80.5,72.5,2026-04-01
2559,64.9,87.6,2026-04-01
2560,80.9,72.4,2026-04-01
2561,82.9,95.2,2026-04-01
2562,90.6,87.9,2026-04-01
2563,72.3,88.0,2026-04-01
2564,85.9,95.1,2026-04-01
2565,79.7,68.8,2026-04-01
2566,80.3,96.8,2026-04-01
2567,86.0,78.1,2026-04-01
2568,96.5,63.7,2026-04-01
2569,68.5,71.6,2026-04-01
2570,96.5,91.1,2026-04-01
2571,74.4,71.5,2026-04-01
2572,95.0,97.4,2026-04-01
2573,75.5,91.1,2026-04-01
2574,78.8,96.1,2026-04-01
2575,60.3,87.0,2026-04-01
2576,75.6,98.7,2026-04-01
2577,93.1,62.6,2026-04-01
2578,96.9,72.4,2026-04-01
2579,65.9,70.8,2026-04-01
2580,71.4,76.2,2026-04-01
2581,75.3,83.5,2026-04-01
2582,71.4,65.9,2026-04-01
2583,87.0,80.1,2026-04-01
2584,98.2,67.6,2026-04-01
2585,90.3,98.7,2026-04-01
2586,79.1,96.0,2026-04-01
2587,79.7,80.7,2026-04-01
2588,85.2,78.0,2026-04-01
2589,90.9,93.5,2026-04-01
2590,90.6,95.6,2026-04-01
2591,85.5,68.5,2026-04-01
2592,85.0,84.3,2026-04-01
2593,99.7,86.0,2026-04-01
2594,83.6,61.1,2026-04-01
2595,91.7,89.7,2026-04-01
2596,92.6,86.3,2026-04-01
2597,83.0,63.6,2026-04-01
2598,72.7,73.7,2026-04-01
2599,83.6,68.9,2026-04-01
2600,91.0,73.6,2026-04-01
2601,94.9,68.0,2026-04-01
2602,85.1,83.5,2026-04-01
2603,75.9,93.7,2026-04-01
2604,82.3,79.3,2026-04-01
2605,70.6,67.1,2026-04-01
2606,64.6,96.2,2026-04-01
2607,87.0,87.2,2026-04-01
2608,84.7,80.0,2026-04-01
2609,83.9,71.7,2026-04-01
2610,73.6,70.9,2026-04-01
2611,99.9,98.6,2026-04-01
2612,86.4,83.6,2026-04-01
2613,79.7,77.9,2026-04-01
2614,76.6,68.7,2026-04-01
2615,99.4,61.5,2026-04-01
2616,62.8,99.2,2026-04-01
2617,79.3,80.8,2026-04-01
2618,99.2,90.8,2026-04-01
2619,94.0,78.9,2026-04-01
2620,77.6,89.1,2026-04-01
2621,67.8,61.5,2026-04-01
2622,97.1,86.5,2026-04-01
2623,73.6,80.8,2026-04-01
2624,81.3,91.1,2026-04-01
2625,94.2,71.5,2026-04-01
2626,68.7,92.9,2026-04-01
2627,86.6,97.6,2026-04-01
2628,76.3,83.8,2026-04-01
2629,96.3,61.0,2026-04-01
2630,78.8,83.0,2026-04-01
2631,80.3,91.4,2026-04-01
2632,83.7,94.3,2026-04-01
2633,81.3,96.7,2026-04-01
2634,70.6,93.2,2026-04-01
2635,65.3,90.0,2026-04-01
2636,70.0,71.0,2026-04-01
2637,64.9,73.5,2026-04-01
2638,82.0,64.3,2026-04-01
2639,62.2,63.5,2026-04-01
2640,86.7,87.5,2026-04-01
2641,68.7,61.6,2026-04-01
2642,88.8,76.3,2026-04-01
2643,64.5,74.6,2026-04-01
2644,77.5,79.5,2026-04-01
2645,63.2,62.0,2026-04-01
2646,99.0,80.9,2026-04-01
2647,97.0,92.4,2026-04-01
2648,96.5,64.0,2026-04-01
2649,69.4,61.6,2026-04-01
2650,70.1,79.2,2026-04-01
2651,94.6,60.6,2026-04-01
2652,97.0,75.9,2026-04-01
2653,83.8,76.1,2026-04-01
2654,98.3,76.0,2026-04-01
2655,73.6,82.6,2026-04-01
2656,79.1,79.1,2026-04-01
2657,74.7,98.5,2026-04-01
2658,99.9,98.6,2026-04-01
2659,92.2,72.4,2026-04-01
2660,61.4,65.4,2026-04-01
2661,95.2,73.6,2026-04-01
2662,96.8,69.4,2026-04-01
2663,94.7,63.2,2026-04-01
2664,83.2,94.3,2026-04-01
2665,85.8,69.2,2026-04-01
2666,69.8,92.8,2026-04-01
2667,75.7,88.6,2026-04-01
2668,96.5,89.1,2026-04-01
2669,76.9,81.9,2026-04-01
2670,67.5,67.3,2026-04-01
2671,74.6,83.6,2026-04-01
2672,71.0,84.9,2026-04-01
2673,74.8,87.6,2026-04-01
2674,62.2,76.5,2026-04-01
2675,75.8,68.2,2026-04-01
2676,80.7,64.2,2026-04-01
2677,99.2,67.0,2026-04-01
2678,94.1,77.5,2026-04-01
2679,77.8,83.1,2026-04-01
2680,82.6,81.5,2026-04-01
2681,80.9,98.9,2026-04-01
2682,77.0,97.7,2026-04-01
2683,86.6,92.7,2026-04-01
2684,85.6,96.2,2026-04-01
2685,83.4,79.4,2026-04-01
2686,88.3,85.4,2026-04-01
2687,70.0,82.4,2026-04-01
2688,81.5,94.2,2026-04-01
2689,66.6,97.6,2026-04-01
2690,89.5,89.9,2026-04-01
2691,99.0,95.5,2026-04-01
2692,82.5,76.0,2026-04-01
2693,91.5,60.8,2026-04-01
2694,76.8,61.0,2026-04-01
2695,67.6,91.8,2026-04-01
2696,76.7,68.2,2026-04-01
2697,82.3,73.9,2026-04-01
2698,62.4,63.0,2026-04-01
2699,73.4,69.3,2026-04-01
2700,93.8,78.9,2026-04-01
2701,85.9,86.5,2026-04-01
2702,73.9,70.0,2026-04-01
2703,72.5,88.9,2026-04-01
2704,96.4,78.2,2026-04-01
2705,76.5,91.2,2026-04-01
2706,78.4,62.2,2026-04-01
2707,84.7,77.4,2026-04-01
2708,64.9,95.4,2026-04-01
2709,85.2,89.9,2026-04-01
2710,85.4,66.2,2026-04-01
2711,69.7,80.0,2026-04-01
2712,88.5,81.7,2026-04-01
2713,83.3,60.5,2026-04-01
2714,77.3,64.0,2026-04-01
2715,68.2,79.4,2026-04-01
2716,79.3,82.8,2026-04-01
2717,65.5,74.9,2026-04-01
2718,90.6,72.2,2026-04-01
2719,99.1,97.8,2026-04-01
2720,69.6,78.1,2026-04-01
2721,74.8,85.1,2026-04-01
2722,70.3,72.5,2026-04-01
2723,99.6,88.2,2026-04-01
2724,77.8,87.2,2026-04-01
2725,91.3,83.7,2026-04-01
2726,95.9,86.2,2026-04-01
2727,72.1,65.0,2026-04-01
2728,87.9,77.9,2026-04-01
2729,74.0,84.2,2026-04-01
2730,95.9,82.7,2026-04-01
2731,73.3,64.4,2026-04-01
2732,70.3,69.6,2026-04-01
2733,70.3,81.9,2026-04-01
2734,88.1,98.9,2026-04-01
2735,90.7,67.8,2026-04-01
2736,93.6,95.1,2026-04-01
2737,61.8,73.1,2026-04-01
2738,63.1,81.7,2026-04-01
2739,98.6,67.3,2026-04-01
2740,68.0,66.0,2026-04-01
2741,90.7,76.0,2026-04-01
2742,83.2,90.3,2026-04-01
2743,91.9,92.6,2026-04-01
2744,87.2,77.6,2026-04-01
2745,94.4,79.6,2026-04-01
2746,71.5,78.8,2026-04-01
2747,92.5,66.7,2026-04-01
2748,78.4,83.3,2026-04-01
2749,79.3,97.2,2026-04-01
2750,96.3,95.3,2026-04-01
2751,61.5,62.7,2026-04-01
2752,79.7,91.4,2026-04-01
2753,76.2,95.5,2026-04-01
2754,97.7,60.3,2026-04-01
2755,76.2,96.7,2026-04-01
2756,74.9,94.6,2026-04-01
2757,68.1,87.5,2026-04-01
2758,95.3,95.6,2026-04-01
2759,91.6,81.6,2026-04-01
2760,66.4,74.8,2026-04-01
2761,84.4,89.3,2026-04-01
2762,69.0,62.4,2026-04-01
2763,63.4,75.9,2026-04-01
2764,68.4,68.9,2026-04-01
2765,99.3,92.1,2026-04-01
2766,97.9,61.1,2026-04-01
2767,96.3,84.7,2026-04-01
2768,66.0,91.0,2026-04-01
2769,82.6,65.2,2026-04-01
2770,78.5,73.8,2026-04-01
2771,78.4,80.1,2026-04-01
2772,61.2,81.6,2026-04-01
2773,81.3,70.5,2026-04-01
2774,79.4,61.3,2026-04-01
2775,91.5,92.9,2026-04-01
2776,75.0,96.8,2026-04-01
2777,92.7,79.6,2026-04-01
2778,60.2,88.9,2026-04-01
2779,65.9,85.2,2026-04-01
2780,80.5,79.8,2026-04-01
2781,73.8,73.2,2026-04-01
2782,80.8,62.4,2026-04-01
2783,88.7,82.2,2026-04-01
2784,67.0,69.5,2026-04-01
2785,66.6,66.3,2026-04-01
2786,85.8,99.4,2026-04-01
2787,73.5,92.2,2026-04-01
2788,72.3,87.0,2026-04-01
2789,69.6,76.8,2026-04-01
2790,74.5,98.1,2026-04-01
2791,90.5,88.1,2026-04-01
2792,99.3,70.3,2026-04-01
2793,77.0,70.7,2026-04-01
2794,81.0,90.0,2026-04-01
2795,80.3,68.5,2026-04-01
2796,61.8,72.3,2026-04-01
2797,84.2,68.4,2026-04-01
2798,89.9,62.6,2026-04-01
2799,90.7,92.8,2026-04-01
2800,68.0,85.4,2026-04-01
2801,82.4,83.7,2026-04-01
2802,65.2,64.2,2026-04-01
2803,89.1,98.6,2026-04-01
2804,68.8,69.0,2026-04-01
2805,91.2,60.9,2026-04-01
2806,91.2,87.9,2026-04-01
2807,88.8,84.5,2026-04-01
2808,93.8,70.7,2026-04-01
2809,60.3,84.3,2026-04-01
2810,61.2,76.5,2026-04-01
2811,61.1,67.6,2026-04-01
2812,94.9,80.6,2026-04-01
2813,73.9,92.4,2026-04-01
2814,95.9,83.4,2026-04-01
2815,61.6,60.5,2026-04-01
2816,91.0,94.0,2026-04-01
2817,83.4,65.6,2026-04-01
2818,76.4,78.2,2026-04-01
2819,81.1,85.9,2026-04-01
2820,96.0,61.4,2026-04-01
2821,87.8,69.1,2026-04-01
2822,74.9,74.7,2026-04-01
2823,77.5,90.0,2026-04-01
2824,62.8,89.6,2026-04-01
2825,74.4,86.7,2026-04-01
2826,60.7,64.6,2026-04-01
2827,88.8,91.0,2026-04-01
2828,71.5,81.8,2026-04-01
2829,85.9,78.5,2026-04-01
2830,62.4,66.9,2026-04-01
2831,94.6,93.7,2026-04-01
2832,89.8,78.2,2026-04-01
2833,71.0,75.6,2026-04-01
2834,67.7,71.7,2026-04-01
2835,88.0,72.4,2026-04-01
2836,73.9,81.8,2026-04-01
2837,97.2,73.6,2026-04-01
2838,88.4,85.2,2026-04-01
2839,91.7,85.3,2026-04-01
2840,80.2,84.6,2026-04-01
2841,81.5,86.5,2026-04-01
2842,73.2,60.5,2026-04-01
2843,77.3,95.1,2026-04-01
2844,98.4,63.0,2026-04-01
2845,99.3,66.2,2026-04-01
2846,76.9,94.4,2026-04-01
2847,60.5,87.0,2026-04-01
2848,65.7,78.5,2026-04-01
2849,75.1,63.5,2026-04-01
2850,66.2,74.0,2026-04-01
2851,76.5,65.0,2026-04-01
2852,64.7,60.9,2026-04-01
2853,84.0,77.7,2026-04-01
2854,74.8,92.5,2026-04-01
2855,81.5,88.5,2026-04-01
2856,76.2,82.2,2026-04-01
2857,91.7,92.0,2026-04-01
2858,65.0,78.9,2026-04-01
2859,75.3,64.1,2026-04-01
2860,60.3,83.2,2026-04-01
2861,92.7,89.0,2026-04-01
2862,60.4,99.3,2026-04-01
2863,77.2,72.8,2026-04-01
2864,67.4,68.4,2026-04-01
2865,85.1,76.8,2026-04-01
2866,70.4,69.9,2026-04-01
2867,87.6,85.0,2026-04-01
2868,87.5,83.0,2026-04-01
2869,65.2,91.9,2026-04-01
2870,96.2,73.5,2026-04-01
2871,61.8,80.5,2026-04-01
2872,99.3,63.4,2026-04-01
2873,82.9,82.7,2026-04-01
2874,82.5,66.3,2026-04-01
2875,83.5,60.3,2026-04-01
2876,77.4,87.2,2026-04-01
2877,84.4,90.0,2026-04-01
2878,88.5,87.7,2026-04-01
2879,94.7,77.1,2026-04-01
2880,80.6,94.8,2026-04-01
2881,87.5,78.4,2026-04-01
2882,79.9,87.8,2026-04-01
2883,71.6,68.0,2026-04-01
2884,65.0,64.9,2026-04-01
2885,79.6,76.8,2026-04-01
2886,74.9,84.5,2026-04-01
2887,74.2,82.1,2026-04-01
2888,83.3,89.0,2026-04-01
2889,98.7,70.5,2026-04-01
2890,91.1,96.8,2026-04-01
2891,76.7,84.4,2026-04-01
2892,97.0,74.8,2026-04-01
2893,67.4,60.4,2026-04-01
2894,88.5,83.4,2026-04-01
2895,81.5,92.8,2026-04-01
2896,71.9,86.0,2026-04-01
2897,84.0,93.2,2026-04-01
2898,74.5,77.2,2026-04-01
2899,72.9,81.4,2026-04-01
2900,84.9,73.7,2026-04-01
2901,93.2,67.4,2026-04-01
2902,89.1,61.0,2026-04-01
2903,60.0,97.9,2026-04-01
2904,90.4,96.8,2026-04-01
2905,93.6,87.4,2026-04-01
2906,60.9,76.3,2026-04-01
2907,81.9,93.3,2026-04-01
2908,75.9,68.1,2026-04-01
2909,65.2,87.9,2026-04-01
2910,76.6,73.5,2026-04-01
2911,87.9,98.0,2026-04-01
2912,85.4,64.7,2026-04-01
2913,65.6,76.4,2026-04-01
2914,96.4,63.7,2026-04-01
2915,71.8,87.6,2026-04-01
2916,72.1,96.9,2026-04-01
2917,70.6,67.1,2026-04-01
2918,61.6,90.3,2026-04-01
2919,95.7,60.3,2026-04-01
2920,95.1,67.3,2026-04-01
2921,80.2,73.3,2026-04-01
2922,87.7,87.8,2026-04-01
2923,72.2,94.2,2026-04-01
2924,74.2,61.2,2026-04-01
2925,78.8,72.8,2026-04-01
2926,73.1,63.1,2026-04-01
2927,89.7,81.4,2026-04-01
2928,98.0,90.9,2026-04-01
2929,92.4,85.1,2026-04-01
2930,63.2,91.4,2026-04-01
2931,80.1,61.7,2026-04-01
2932,80.1,73.5,2026-04-01
2933,86.1,64.9,2026-04-01
2934,76.4,95.4,2026-04-01
2935,75.4,71.6,2026-04-01
2936,67.7,62.3,2026-04-01
2937,86.7,61.2,2026-04-01
2938,93.1,61.1,2026-04-01
2939,70.0,77.1,2026-04-01
2940,88.7,81.6,2026-04-01
2941,85.4,95.5,2026-04-01
2942,85.1,68.1,2026-04-01
2943,66.4,85.3,2026-04-01
2944,77.0,66.1,2026-04-01
2945,96.8,68.6,2026-04-01
2946,92.8,72.8,2026-04-01
2947,61.2,97.9,2026-04-01
2948,63.0,75.6,2026-04-01
2949,76.6,93.7,2026-04-01
2950,64.5,82.1,2026-04-01
2951,71.5,68.4,2026-04-01
2952,60.4,76.5,2026-04-01
2953,79.7,99.4,2026-04-01
2954,87.9,99.4,2026-04-01
2955,81.6,66.2,2026-04-01
2956,96.0,95.1,2026-04-01
2957,81.7,93.9,2026-04-01
2958,99.0,96.7,2026-04-01
2959,93.8,60.6,2026-04-01
2960,86.9,87.7,2026-04-01
2961,73.7,71.4,2026-04-01
2962,86.0,84.3,2026-04-01
2963,91.5,82.3,2026-04-01
2964,73.3,92.3,2026-04-01
2965,90.2,61.7,2026-04-01
2966,99.4,78.1,2026-04-01
2967,68.4,94.3,2026-04-01
2968,83.9,97.5,2026-04-01
2969,71.8,90.1,2026-04-01
2970,79.3,88.3,2026-04-01
2971,71.9,84.1,2026-04-01
2972,85.4,97.9,2026-04-01
2973,96.3,65.3,2026-04-01
2974,70.2,62.0,2026-04-01
2975,98.9,95.7,2026-04-01
2976,82.3,92.7,2026-04-01
2977,98.7,72.2,2026-04-01
2978,66.3,71.3,2026-04-01
2979,78.6,74.6,2026-04-01
2980,88.0,93.0,2026-04-01
2981,96.5,62.4,2026-04-01
2982,66.2,80.1,2026-04-01
2983,81.4,85.2,2026-04-01
2984,72.9,67.2,2026-04-01
2985,97.8,80.1,2026-04-01
2986,89.9,95.8,2026-04-01
2987,75.4,99.3,2026-04-01
2988,89.6,60.3,2026-04-01
2989,60.6,94.5,2026-04-01
2990,77.4,73.5,2026-04-01
2991,62.6,73.2,2026-04-01
2992,98.1,78.9,2026-04-01
2993,91.0,95.8,2026-04-01
2994,86.9,76.8,2026-04-01
2995,90.4,65.0,2026-04-01
2996,68.3,75.5,2026-04-01
2997,89.9,89.6,2026-04-01
2998,86.1,68.1,2026-04-01
2999,82.5,96.6,2026-04-01
3000,66.8,98.3,2026-04-01
3001,77.4,72.9,2026-04-01
3002,69.5,96.5,2026-04-01
3003,97.3,70.5,2026-04-01
3004,86.0,83.7,2026-04-01
3005,72.5,65.2,2026-04-01
3006,89.9,94.1,2026-04-01
3007,96.7,76.8,2026-04-01
3008,78.3,63.5,2026-04-01
3009,73.0,79.2,2026-04-01
3010,70.1,88.7,2026-04-01
3011,92.6,68.9,2026-04-01
3012,87.1,93.3,2026-04-01
3013,90.4,85.0,2026-04-01
3014,78.3,63.4,2026-04-01
3015,60.1,88.1,2026-04-01
3016,74.0,99.4,2026-04-01
3017,84.7,98.8,2026-04-01
3018,98.6,63.2,2026-04-01
3019,70.4,76.5,2026-04-01
3020,78.7,97.3,2026-04-01
3021,77.3,87.9,2026-04-01
3022,72.7,69.0,2026-04-01
3023,99.3,93.6,2026-04-01
3024,67.4,67.5,2026-04-01
3025,60.4,90.2,2026-04-01
3026,89.8,82.4,2026-04-01
3027,95.1,77.3,2026-04-01
3028,77.9,67.8,2026-04-01
3029,93.1,62.6,2026-04-01
3030,68.1,76.1,2026-04-01
3031,70.5,64.8,2026-04-01
3032,86.9,70.4,2026-04-01
3033,74.2,77.5,2026-04-01
3034,60.7,81.4,2026-04-01
3035,64.8,74.3,2026-04-01
3036,87.5,75.1,2026-04-01
3037,72.7,98.1,2026-04-01
3038,69.5,97.0,2026-04-01
3039,81.1,66.6,2026-04-01
3040,94.2,64.3,2026-04-01
3041,64.9,95.0,2026-04-01
3042,96.2,71.6,2026-04-01
3043,89.6,86.5,2026-04-01
3044,91.2,89.0,2026-04-01
3045,64.0,98.2,2026-04-01
3046,94.1,77.6,2026-04-01
3047,75.5,97.7,2026-04-01
3048,71.9,68.7,2026-04-01
3049,99.4,64.0,2026-04-01
3050,84.9,95.2,2026-04-01
3051,91.4,86.6,2026-04-01
3052,75.6,96.8,2026-04-01
3053,76.0,83.9,2026-04-01
3054,98.6,79.0,2026-04-01
3055,86.5,91.3,2026-04-01
3056,60.6,89.5,2026-04-01
3057,83.6,72.1,2026-04-01
3058,72.9,61.1,2026-04-01
3059,62.7,73.8,2026-04-01
3060,74.6,81.1,2026-04-01
3061,83.9,84.7,2026-04-01
3062,72.5,75.8,2026-04-01
3063,92.5,72.6,2026-04-01
3064,66.0,86.8,2026-04-01
3065,97.9,60.6,2026-04-01
3066,66.5,69.4,2026-04-01
3067,81.4,85.6,2026-04-01
3068,87.3,87.6,2026-04-01
3069,62.5,73.6,2026-04-01
3070,66.3,71.9,2026-04-01
3071,83.2,81.2,2026-04-01
3072,89.1,74.9,2026-04-01
3073,98.0,63.8,2026-04-01
3074,96.6,62.6,2026-04-01
3075,92.6,96.2,2026-04-01
3076,61.4,71.2,2026-04-01
3077,87.0,82.4,2026-04-01
3078,60.9,84.7,2026-04-01
3079,87.1,77.3,2026-04-01
3080,72.4,94.1,2026-04-01
3081,98.6,73.4,2026-04-01
3082,63.9,86.2,2026-04-01
3083,96.9,86.2,2026-04-01
3084,94.3,63.6,2026-04-01
3085,91.4,69.6,2026-04-01
3086,78.7,82.8,2026-04-01
3087,96.9,89.0,2026-04-01
3088,89.3,79.9,2026-04-01
3089,67.9,87.4,2026-04-01
3090,88.3,61.2,2026-04-01
3091,69.7,99.0,2026-04-01
3092,76.8,94.2,2026-04-01
3093,96.1,67.5,2026-04-01
3094,93.6,94.1,2026-04-01
3095,61.4,88.6,2026-04-01
3096,67.8,69.7,2026-04-01
3097,73.6,71.3,2026-04-01
3098,89.4,73.5,2026-04-01
3099,97.4,99.8,2026-04-01
3100,82.8,64.0,2026-04-01
3101,74.5,64.6,2026-04-01
3102,95.2,83.3,2026-04-01
3103,65.2,71.0,2026-04-01
3104,70.3,84.8,2026-04-01
3105,94.5,90.2,2026-04-01
3106,68.9,64.6,2026-04-01
3107,77.8,61.2,2026-04-01
3108,88.0,66.2,2026-04-01
3109,61.4,65.4,2026-04-01
3110,92.2,83.6,2026-04-01
3111,79.6,75.8,2026-04-01
3112,75.7,99.3,2026-04-01
3113,84.0,88.8,2026-04-01
3114,70.1,94.9,2026-04-01
3115,86.1,80.7,2026-04-01
3116,93.4,81.3,2026-04-01
3117,78.1,61.0,2026-04-01
3118,78.4,93.6,2026-04-01
3119,76.4,91.2,2026-04-01
3120,99.1,96.1,2026-04-01
3121,77.6,74.8,2026-04-01
3122,63.2,67.3,2026-04-01
3123,72.8,61.0,2026-04-01
3124,88.8,68.8,2026-04-01
3125,92.9,89.9,2026-04-01
3126,78.7,85.0,2026-04-01
3127,97.2,84.0,2026-04-01
3128,81.7,96.5,2026-04-01
3129,95.8,87.1,2026-04-01
3130,74.0,88.7,2026-04-01
3131,83.8,95.5,2026-04-01
3132,72.2,97.1,2026-04-01
3133,84.1,93.3,2026-04-01
3134,74.3,96.7,2026-04-01
3135,84.6,62.1,2026-04-01
3136,67.4,77.1,2026-04-01
3137,60.1,75.8,2026-04-01
3138,79.0,75.9,2026-04-01
3139,85.4,68.3,2026-04-01
3140,69.9,67.0,2026-04-01
3141,93.4,60.2,2026-04-01
3142,92.7,98.8,2026-04-01
3143,99.1,62.8,2026-04-01
3144,93.3,98.2,2026-04-01
3145,83.2,60.4,2026-04-01
3146,72.1,97.3,2026-04-01
3147,90.6,83.1,2026-04-01
3148,70.1,77.2,2026-04-01
3149,95.8,98.4,2026-04-01
3150,98.6,63.2,2026-04-01
3151,64.2,71.6,2026-04-01
3152,93.8,79.2,2026-04-01
3153,94.0,90.7,2026-04-01
3154,87.4,63.6,2026-04-01
3155,68.1,65.4,2026-04-01
3156,85.1,81.6,2026-04-01
3157,93.0,77.0,2026-04-01
3158,93.0,97.6,2026-04-01
3159,80.5,76.9,2026-04-01
3160,95.6,98.8,2026-04-01
3161,80.9,96.4,2026-04-01
3162,64.9,99.3,2026-04-01
3163,67.6,73.7,2026-04-01
3164,93.9,82.5,2026-04-01
3165,73.0,97.8,2026-04-01
3166,61.1,94.3,2026-04-01
3167,84.3,97.6,2026-04-01
3168,74.1,92.3,2026-04-01
3169,97.2,93.1,2026-04-01
3170,60.1,84.6,2026-04-01
3171,62.2,83.8,2026-04-01
3172,85.0,81.5,2026-04-01
3173,91.6,77.4,2026-04-01
3174,76.5,78.3,2026-04-01
3175,82.5,88.4,2026-04-01
3176,89.9,91.4,2026-04-01
3177,84.9,69.0,2026-04-01
3178,60.8,70.7,2026-04-01
3179,78.7,63.0,2026-04-01
3180,82.9,76.5,2026-04-01
3181,67.3,91.6,2026-04-01
3182,76.9,86.4,2026-04-01
3183,63.3,83.3,2026-04-01
3184,79.9,93.0,2026-04-01
3185,89.1,83.2,2026-04-01
3186,76.4,98.5,2026-04-01
3187,77.0,81.4,2026-04-01
3188,91.7,96.1,2026-04-01
3189,82.0,82.1,2026-04-01
3190,60.0,76.3,2026-04-01
3191,69.0,93.2,2026-04-01
3192,88.5,62.6,2026-04-01
3193,94.7,71.6,2026-04-01
3194,86.4,93.2,2026-04-01
3195,92.9,81.7,2026-04-01
3196,64.1,77.1,2026-04-01
3197,81.9,82.5,2026-04-01
3198,60.4,69.6,2026-04-01
3199,91.2,95.3,2026-04-01
3200,92.3,65.6,2026-04-01
3201,98.8,78.1,2026-04-01
3202,71.6,66.6,2026-04-01
3203,75.1,95.2,2026-04-01
3204,82.8,61.6,2026-04-01
3205,64.1,95.7,2026-04-01
3206,87.1,79.8,2026-04-01
3207,76.1,87.6,2026-04-01
3208,94.1,78.4,2026-04-01
3209,97.0,71.9,2026-04-01
3210,75.0,85.8,2026-04-01
3211,65.7,81.8,2026-04-01
3212,71.4,98.7,2026-04-01
3213,92.0,94.5,2026-04-01
3214,61.2,98.8,2026-04-01
3215,60.3,66.8,2026-04-01
3216,98.6,65.4,2026-04-01
3217,80.0,92.4,2026-04-01
3218,62.4,68.8,2026-04-01
3219,69.7,95.5,2026-04-01
3220,68.2,99.5,2026-04-01
3221,91.9,84.4,2026-04-01
3222,85.1,72.9,2026-04-01
3223,69.8,80.3,2026-04-01
3224,82.9,90.3,2026-04-01
3225,87.6,74.8,2026-04-01
3226,70.0,60.6,2026-04-01
3227,99.8,64.8,2026-04-01
3228,78.0,89.0,2026-04-01
3229,88.5,92.6,2026-04-01
3230,69.1,95.7,2026-04-01
3231,97.9,89.0,2026-04-01
3232,80.9,93.3,2026-04-01
3233,85.7,86.7,2026-04-01
3234,88.1,91.9,2026-04-01
3235,92.3,64.8,2026-04-01
3236,64.9,66.7,2026-04-01
3237,80.3,98.2,2026-04-01
3238,62.1,63.4,2026-04-01
3239,79.3,65.7,2026-04-01
3240,93.3,60.8,2026-04-01
3241,82.5,90.0,2026-04-01
3242,77.5,71.3,2026-04-01
3243,83.7,63.3,2026-04-01
3244,83.4,86.4,2026-04-01
3245,62.1,67.6,2026-04-01
3246,74.5,87.5,2026-04-01
3247,68.4,82.8,2026-04-01
3248,63.8,97.3,2026-04-01
3249,74.0,70.0,2026-04-01
3250,85.2,78.2,2026-04-01
3251,68.8,84.8,2026-04-01
3252,82.1,74.8,2026-04-01
3253,79.4,60.5,2026-04-01
3254,64.4,87.3,2026-04-01
3255,72.1,88.7,2026-04-01
3256,80.7,91.5,2026-04-01
3257,66.3,95.3,2026-04-01
3258,97.1,67.5,2026-04-01
3259,90.2,80.9,2026-04-01
3260,89.5,76.7,2026-04-01
3261,68.0,64.1,2026-04-01
3262,97.3,65.0,2026-04-01
3263,94.6,87.2,2026-04-01
3264,91.4,88.7,2026-04-01
3265,82.8,71.4,2026-04-01
3266,76.8,72.5,2026-04-01
3267,65.5,91.2,2026-04-01
3268,95.4,71.3,2026-04-01
3269,73.1,85.0,2026-04-01
3270,70.4,71.6,2026-04-01
3271,79.8,72.1,2026-04-01
3272,64.0,93.7,2026-04-01
3273,86.1,72.3,2026-04-01
3274,91.5,76.0,2026-04-01
3275,66.2,98.3,2026-04-01
3276,86.2,87.2,2026-04-01
3277,76.8,77.0,2026-04-01
3278,85.1,73.0,2026-04-01
3279,97.8,93.7,2026-04-01
3280,82.3,78.7,2026-04-01
3281,63.7,69.1,2026-04-01
3282,60.6,79.3,2026-04-01
3283,70.6,81.9,2026-04-01
3284,96.8,69.8,2026-04-01
3285,90.6,98.7,2026-04-01
3286,81.0,87.8,2026-04-01
3287,79.9,90.3,2026-04-01
3288,84.5,62.2,2026-04-01
3289,99.5,63.8,2026-04-01
3290,64.1,69.8,2026-04-01
3291,61.8,76.2,2026-04-01
3292,86.1,83.7,2026-04-01
3293,89.6,70.8,2026-04-01
3294,99.2,73.4,2026-04-01
3295,66.1,85.7,2026-04-01
3296,78.9,62.5,2026-04-01
3297,87.2,69.3,2026-04-01
3298,99.7,62.0,2026-04-01
3299,66.0,69.4,2026-04-01
3300,62.5,89.0,2026-04-01
3301,76.3,64.3,2026-04-01
3302,83.6,95.8,2026-04-01
3303,92.5,88.7,2026-04-01
3304,86.8,61.3,2026-04-01
3305,80.9,76.3,2026-04-01
3306,98.5,65.2,2026-04-01
3307,82.1,85.4,2026-04-01
3308,98.1,65.0,2026-04-01
3309,89.5,87.4,2026-04-01
3310,69.1,99.2,2026-04-01
3311,73.7,63.3,2026-04-01
3312,86.6,61.0,2026-04-01
3313,96.8,71.8,2026-04-01
3314,97.0,92.0,2026-04-01
3315,66.2,92.6,2026-04-01
3316,75.5,71.1,2026-04-01
3317,84.0,94.9,2026-04-01
3318,81.4,99.8,2026-04-01
3319,90.4,78.2,2026-04-01
3320,78.5,92.4,2026-04-01
3321,81.1,79.4,2026-04-01
3322,98.4,95.6,2026-04-01
3323,65.3,71.4,2026-04-01
3324,68.8,70.9,2026-04-01
3325,75.6,85.9,2026-04-01
3326,82.9,79.6,2026-04-01
3327,71.0,67.3,2026-04-01
3328,73.9,92.3,2026-04-01
3329,88.5,81.8,2026-04-01
3330,92.5,95.1,2026-04-01
3331,75.6,67.9,2026-04-01
3332,94.8,72.4,2026-04-01
3333,73.1,90.9,2026-04-01
3334,65.8,86.2,2026-04-01
3335,66.2,71.4,2026-04-01
3336,76.5,71.6,2026-04-01
3337,63.5,72.5,2026-04-01
3338,99.0,86.2,2026-04-01
3339,99.8,68.8,2026-04-01
3340,87.6,78.9,2026-04-01
3341,73.4,64.0,2026-04-01
3342,81.2,96.2,2026-04-01
3343,81.2,72.3,2026-04-01
3344,91.7,88.4,2026-04-01
3345,74.5,99.7,2026-04-01
3346,91.9,73.4,2026-04-01
3347,88.9,87.0,2026-04-01
3348,60.8,61.9,2026-04-01
3349,69.9,73.5,2026-04-01
3350,86.4,83.0,2026-04-01
3351,98.5,90.7,2026-04-01
3352,79.4,75.6,2026-04-01
3353,77.2,62.6,2026-04-01
3354,97.2,90.6,2026-04-01
3355,81.4,87.7,2026-04-01
3356,89.2,62.3,2026-04-01
3357,85.0,66.2,2026-04-01
3358,80.0,63.2,2026-04-01
3359,69.2,78.4,2026-04-01
3360,89.3,68.9,2026-04-01
3361,77.0,72.1,2026-04-01
3362,72.2,98.6,2026-04-01
3363,94.6,91.8,2026-04-01
3364,61.0,79.4,2026-04-01
3365,95.1,74.4,2026-04-01
3366,90.8,60.9,2026-04-01
3367,91.7,81.6,2026-04-01
3368,91.1,62.7,2026-04-01
3369,67.6,71.6,2026-04-01
3370,93.9,81.5,2026-04-01
3371,67.4,77.6,2026-04-01
3372,79.1,72.7,2026-04-01
3373,84.3,95.2,2026-04-01
3374,78.1,90.0,2026-04-01
3375,82.1,72.6,2026-04-01
3376,68.3,90.3,2026-04-01
3377,70.3,91.3,2026-04-01
3378,97.0,92.4,2026-04-01
3379,76.4,81.0,2026-04-01
3380,86.3,70.9,2026-04-01
3381,69.9,60.8,2026-04-01
3382,93.3,91.1,2026-04-01
3383,69.7,77.7,2026-04-01
3384,86.6,62.3,2026-04-01
3385,88.3,90.6,2026-04-01
3386,76.7,81.6,2026-04-01
3387,74.3,83.0,2026-04-01
3388,88.3,90.9,2026-04-01
3389,66.0,83.3,2026-04-01
3390,67.3,68.3,2026-04-01
3391,98.9,93.7,2026-04-01
3392,86.8,99.2,2026-04-01
3393,65.6,69.4,2026-04-01
3394,77.7,87.3,2026-04-01
3395,61.8,94.0,2026-04-01
3396,87.6,92.6,2026-04-01
3397,69.7,61.8,2026-04-01
3398,66.3,70.7,2026-04-01
3399,84.6,64.7,2026-04-01
3400,81.9,95.6,2026-04-01
3401,78.1,60.3,2026-04-01
3402,60.4,63.4,2026-04-01
3403,98.6,95.1,2026-04-01
3404,81.6,93.8,2026-04-01
3405,85.5,64.1,2026-04-01
3406,93.1,63.9,2026-04-01
3407,79.5,72.5,2026-04-01
3408,88.4,85.1,2026-04-01
3409,72.7,73.3,2026-04-01
3410,60.1,83.4,2026-04-01
3411,81.9,95.4,2026-04-01
3412,91.7,76.5,2026-04-01
3413,93.5,89.9,2026-04-01
3414,73.1,88.7,2026-04-01
3415,69.4,94.8,2026-04-01
3416,63.4,68.3,2026-04-01
3417,60.8,99.7,2026-04-01
3418,89.4,80.0,2026-04-01
3419,94.8,61.1,2026-04-01
3420,96.0,85.9,2026-04-01
3421,93.9,94.5,2026-04-01
3422,65.2,76.0,2026-04-01
3423,91.5,96.9,2026-04-01
3424,91.1,80.1,2026-04-01
3425,63.6,88.9,2026-04-01
3426,81.4,96.2,2026-04-01
3427,64.2,94.6,2026-04-01
3428,74.6,86.8,2026-04-01
3429,79.3,80.3,2026-04-01
3430,67.0,75.7,2026-04-01
3431,93.9,94.8,2026-04-01
3432,96.1,69.4,2026-04-01
3433,85.8,94.2,2026-04-01
3434,80.6,78.6,2026-04-01
3435,90.5,64.0,2026-04-01
3436,81.2,74.5,2026-04-01
3437,77.5,81.2,2026-04-01
3438,60.9,82.2,2026-04-01
3439,74.0,99.3,2026-04-01
3440,80.7,61.5,2026-04-01
3441,85.9,96.0,2026-04-01
3442,66.5,85.1,2026-04-01
3443,66.7,89.2,2026-04-01
3444,64.2,61.2,2026-04-01
3445,64.7,88.6,2026-04-01
3446,66.6,76.3,2026-04-01
3447,99.1,99.1,2026-04-01
3448,91.5,83.2,2026-04-01
3449,66.3,78.6,2026-04-01
3450,68.1,97.2,2026-04-01
3451,88.5,66.8,2026-04-01
3452,86.2,63.0,2026-04-01
3453,86.3,74.1,2026-04-01
3454,68.6,65.2,2026-04-01
3455,78.0,63.4,2026-04-01
3456,64.5,72.5,2026-04-01
3457,78.9,67.1,2026-04-01
3458,83.8,72.7,2026-04-01
3459,83.1,93.6,2026-04-01
3460,90.2,66.2,2026-04-01
3461,63.7,92.2,2026-04-01
3462,69.9,87.5,2026-04-01
3463,95.8,82.4,2026-04-01
3464,73.5,86.4,2026-04-01
3465,63.6,92.0,2026-04-01
3466,77.4,88.7,2026-04-01
3467,83.3,76.6,2026-04-01
3468,83.9,93.1,2026-04-01
3469,88.4,95.7,2026-04-01
3470,95.8,70.5,2026-04-01
3471,82.1,71.5,2026-04-01
3472,79.2,97.4,2026-04-01
3473,94.6,69.9,2026-04-01
3474,77.9,75.7,2026-04-01
3475,99.0,63.6,2026-04-01
3476,97.7,84.7,2026-04-01
3477,65.9,94.4,2026-04-01
3478,74.5,77.4,2026-04-01
3479,96.0,72.4,2026-04-01
3480,76.1,60.1,2026-04-01
3481,64.3,97.7,2026-04-01
3482,95.7,70.2,2026-04-01
3483,83.3,72.3,2026-04-01
3484,75.2,73.2,2026-04-01
3485,99.0,84.9,2026-04-01
3486,73.6,82.1,2026-04-01
3487,69.2,93.6,2026-04-01
3488,74.0,75.4,2026-04-01
3489,95.5,95.1,2026-04-01
3490,92.2,98.8,2026-04-01
3491,93.2,98.2,2026-04-01
3492,62.6,82.5,2026-04-01
3493,74.6,75.9,2026-04-01
3494,84.8,89.0,2026-04-01
3495,70.0,64.7,2026-04-01
3496,80.0,63.0,2026-04-01
3497,90.3,74.4,2026-04-01
3498,99.3,66.9,2026-04-01
3499,90.6,69.6,2026-04-01
3500,77.9,84.4,2026-04-01
3501,97.3,83.0,2026-04-01
3502,86.3,87.3,2026-04-01
3503,83.2,83.0,2026-04-01
3504,64.6,79.9,2026-04-01
3505,89.4,62.7,2026-04-01
3506,97.6,77.4,2026-04-01
3507,89.4,92.7,2026-04-01
3508,66.8,68.6,2026-04-01
3509,92.2,62.1,2026-04-01
3510,82.5,73.3,2026-04-01
3511,85.0,71.8,2026-04-01
3512,82.6,72.0,2026-04-01
3513,87.3,72.5,2026-04-01
3514,87.5,65.7,2026-04-01
3515,96.9,69.2,2026-04-01
3516,99.9,69.2,2026-04-01
3517,94.8,61.6,2026-04-01
3518,70.7,77.5,2026-04-01
3519,85.7,68.9,2026-04-01
3520,84.8,82.6,2026-04-01
3521,63.0,66.0,2026-04-01
3522,81.8,90.7,2026-04-01
3523,97.1,97.5,2026-04-01
3524,86.5,72.3,2026-04-01
3525,86.5,66.9,2026-04-01
3526,78.9,66.4,2026-04-01
3527,92.1,80.2,2026-04-01
3528,61.0,94.7,2026-04-01
3529,91.2,91.9,2026-04-01
3530,71.9,75.8,2026-04-01
3531,89.2,74.7,2026-04-01
3532,96.2,66.4,2026-04-01
3533,64.1,77.9,2026-04-01
3534,88.3,82.9,2026-04-01
3535,75.0,65.4,2026-04-01
3536,65.2,89.8,2026-04-01
3537,73.6,80.7,2026-04-01
3538,66.6,96.6,2026-04-01
3539,82.5,86.5,2026-04-01
3540,62.5,68.7,2026-04-01
3541,89.0,87.0,2026-04-01
3542,85.8,95.6,2026-04-01
3543,72.9,71.9,2026-04-01
3544,83.7,71.7,2026-04-01
3545,67.2,70.0,2026-04-01
3546,83.3,71.0,2026-04-01
3547,69.3,92.2,2026-04-01
3548,63.7,71.6,2026-04-01
3549,83.5,86.1,2026-04-01
3550,96.8,79.6,2026-04-01
3551,96.6,82.4,2026-04-01
3552,85.0,65.3,2026-04-01
3553,64.7,97.6,2026-04-01
3554,65.8,78.1,2026-04-01
3555,84.7,87.3,2026-04-01
3556,88.8,84.6,2026-04-01
3557,68.0,85.4,2026-04-01
3558,87.6,65.2,2026-04-01
3559,77.1,61.5,2026-04-01
3560,97.8,79.3,2026-04-01
3561,83.0,65.8,2026-04-01
3562,81.1,95.8,2026-04-01
3563,94.4,73.0,2026-04-01
3564,81.8,74.3,2026-04-01
3565,66.5,93.7,2026-04-01
3566,76.0,83.0,2026-04-01
3567,62.1,60.6,2026-04-01
3568,95.8,75.2,2026-04-01
3569,69.8,91.3,2026-04-01
3570,69.3,93.6,2026-04-01
3571,72.4,78.9,2026-04-01
3572,87.9,68.8,2026-04-01
3573,62.9,99.0,2026-04-01
3574,75.5,71.2,2026-04-01
3575,72.6,74.1,2026-04-01
3576,82.1,83.3,2026-04-01
3577,68.9,92.7,2026-04-01
3578,80.8,76.0,2026-04-01
3579,96.7,84.5,2026-04-01
3580,96.5,63.0,2026-04-01
3581,78.1,86.6,2026-04-01
3582,70.3,97.8,2026-04-01
3583,97.4,96.7,2026-04-01
3584,80.3,76.9,2026-04-01
3585,78.2,60.1,2026-04-01
3586,80.0,66.7,2026-04-01
3587,90.3,92.9,2026-04-01
3588,96.1,90.4,2026-04-01
3589,94.4,66.8,2026-04-01
3590,71.3,60.1,2026-04-01
3591,95.4,92.2,2026-04-01
3592,88.8,68.6,2026-04-01
3593,82.8,92.9,2026-04-01
3594,71.7,72.6,2026-04-01
3595,62.4,73.2,2026-04-01
3596,62.1,93.5,2026-04-01
3597,69.8,69.9,2026-04-01
3598,77.7,91.1,2026-04-01
3599,94.8,74.2,2026-04-01
3600,60.3,94.7,2026-04-01
3601,66.0,69.2,2026-04-01
3602,88.6,69.0,2026-04-01
3603,89.0,76.2,2026-04-01
3604,84.6,73.3,2026-04-01
3605,62.4,61.3,2026-04-01
3606,97.1,86.9,2026-04-01
3607,96.6,69.3,2026-04-01
3608,89.6,71.8,2026-04-01
3609,64.8,93.0,2026-04-01
3610,98.6,84.4,2026-04-01
3611,79.8,96.0,2026-04-01
3612,62.0,86.2,2026-04-01
3613,67.4,95.9,2026-04-01
3614,87.7,72.9,2026-04-01
3615,98.3,77.3,2026-04-01
3616,99.7,75.8,2026-04-01
3617,69.3,76.2,2026-04-01
3618,70.8,66.7,2026-04-01
3619,75.6,96.1,2026-04-01
3620,60.6,86.8,2026-04-01
3621,62.6,65.9,2026-04-01
3622,88.5,92.5,2026-04-01
3623,72.3,62.3,2026-04-01
3624,77.4,89.7,2026-04-01
3625,91.9,74.1,2026-04-01
3626,91.8,62.6,2026-04-01
3627,98.4,63.0,2026-04-01
3628,84.6,91.8,2026-04-01
3629,61.0,70.2,2026-04-01
3630,81.8,86.6,2026-04-01
3631,63.0,64.0,2026-04-01
3632,97.8,76.8,2026-04-01
3633,98.4,85.0,2026-04-01
3634,71.0,65.8,2026-04-01
3635,74.5,86.7,2026-04-01
3636,62.3,91.2,2026-04-01
3637,65.7,95.8,2026-04-01
3638,69.2,78.2,2026-04-01
3639,72.0,91.1,2026-04-01
3640,73.0,80.9,2026-04-01
3641,83.8,94.3,2026-04-01
3642,95.4,82.1,2026-04-01
3643,67.7,97.4,2026-04-01
3644,75.1,86.8,2026-04-01
3645,78.1,85.3,2026-04-01
3646,95.9,71.2,2026-04-01
3647,92.0,86.6,2026-04-01
3648,86.6,80.6,2026-04-01
3649,81.7,63.9,2026-04-01
3650,93.1,92.5,2026-04-01
3651,99.1,78.0,2026-04-01
3652,96.4,89.8,2026-04-01
3653,90.3,74.3,2026-04-01
3654,84.4,65.2,2026-04-01
3655,73.6,67.5,2026-04-01
3656,91.2,61.2,2026-04-01
3657,70.9,79.5,2026-04-01
3658,70.0,63.0,2026-04-01
3659,72.7,81.9,2026-04-01
3660,67.6,86.6,2026-04-01
3661,66.8,69.9,2026-04-01
3662,80.5,86.2,2026-04-01
3663,83.4,75.9,2026-04-01
3664,91.6,87.8,2026-04-01
3665,98.2,87.5,2026-04-01
3666,83.7,91.0,2026-04-01
3667,79.0,94.8,2026-04-01
3668,86.2,63.6,2026-04-01
3669,72.6,89.7,2026-04-01
3670,64.8,62.7,2026-04-01
3671,78.9,64.5,2026-04-01
3672,74.5,92.5,2026-04-01
3673,67.4,76.2,2026-04-01
3674,79.7,96.0,2026-04-01
3675,63.9,81.6,2026-04-01
3676,71.4,81.6,2026-04-01
3677,98.2,70.1,2026-04-01
3678,71.3,80.5,2026-04-01
3679,71.3,69.7,2026-04-01
3680,74.3,98.7,2026-04-01
3681,92.1,88.5,2026-04-01
3682,93.3,64.4,2026-04-01
3683,85.0,81.1,2026-04-01
3684,68.7,72.2,2026-04-01
3685,93.4,68.7,2026-04-01
3686,82.4,69.3,2026-04-01
3687,89.0,88.0,2026-04-01
3688,89.9,79.6,2026-04-01
3689,77.0,68.4,2026-04-01
3690,67.0,91.1,2026-04-01
3691,85.2,82.5,2026-04-01
3692,61.6,64.5,2026-04-01
3693,82.6,71.6,2026-04-01
3694,81.4,74.4,2026-04-01
3695,62.2,90.5,2026-04-01
3696,84.8,67.0,2026-04-01
3697,77.8,68.2,2026-04-01
3698,69.4,80.5,2026-04-01
3699,65.3,63.2,2026-04-01
3700,70.4,63.5,2026-04-01
3701,63.7,66.9,2026-04-01
3702,92.4,62.6,2026-04-01
3703,80.2,88.5,2026-04-01
3704,62.1,74.7,2026-04-01
3705,68.6,84.4,2026-04-01
3706,71.5,98.5,2026-04-01
3707,80.9,67.9,2026-04-01
3708,86.6,64.7,2026-04-01
3709,74.4,70.5,2026-04-01
3710,92.0,94.3,2026-04-01
3711,64.4,96.6,2026-04-01
3712,64.7,77.2,2026-04-01
3713,90.5,87.0,2026-04-01
3714,91.4,82.6,2026-04-01
3715,72.6,86.1,2026-04-01
3716,65.0,91.6,2026-04-01
3717,70.7,90.8,2026-04-01
3718,63.0,91.5,2026-04-01
3719,94.5,85.6,2026-04-01
3720,83.0,82.1,2026-04-01
3721,71.3,63.9,2026-04-01
3722,64.8,92.4,2026-04-01
3723,72.7,70.9,2026-04-01
3724,94.8,64.7,2026-04-01
3725,91.4,92.2,2026-04-01
3726,76.9,91.6,2026-04-01
3727,86.7,84.2,2026-04-01
3728,94.7,61.7,2026-04-01
3729,76.6,80.7,2026-04-01
3730,77.1,68.3,2026-04-01
3731,77.0,69.2,2026-04-01
3732,77.0,84.8,2026-04-01
3733,79.0,68.1,2026-04-01
3734,71.1,97.9,2026-04-01
3735,77.8,91.4,2026-04-01
3736,65.7,80.6,2026-04-01
3737,64.6,71.1,2026-04-01
3738,63.4,89.0,2026-04-01
3739,62.2,60.2,2026-04-01
3740,63.5,79.5,2026-04-01
3741,92.8,95.2,2026-04-01
3742,95.1,78.2,2026-04-01
3743,78.0,62.6,2026-04-01
3744,68.4,83.5,2026-04-01
3745,93.6,84.6,2026-04-01
3746,84.7,95.1,2026-04-01
3747,94.7,68.3,2026-04-01
3748,99.5,93.5,2026-04-01
3749,88.8,64.8,2026-04-01
3750,96.7,88.2,2026-04-01
3751,96.3,65.8,2026-04-01
3752,83.3,92.1,2026-04-01
3753,81.4,92.6,2026-04-01
3754,89.9,89.2,2026-04-01
3755,76.2,98.0,2026-04-01
3756,83.9,77.9,2026-04-01
3757,92.5,80.7,2026-04-01
3758,70.3,93.5,2026-04-01
3759,79.4,95.4,2026-04-01
3760,76.1,91.8,2026-04-01
3761,86.3,81.6,2026-04-01
3762,93.2,71.1,2026-04-01
3763,69.6,71.2,2026-04-01
3764,76.8,61.7,2026-04-01
3765,86.7,97.1,2026-04-01
3766,95.1,83.2,2026-04-01
3767,88.0,65.1,2026-04-01
3768,83.9,72.4,2026-04-01
3769,70.2,74.5,2026-04-01
3770,73.4,64.8,2026-04-01
3771,69.4,98.7,2026-04-01
3772,75.8,89.3,2026-04-01
3773,74.3,79.1,2026-04-01
3774,63.2,61.9,2026-04-01
3775,65.8,88.7,2026-04-01
3776,82.9,75.2,2026-04-01
3777,66.7,81.4,2026-04-01
3778,63.4,60.7,2026-04-01
3779,67.5,97.5,2026-04-01
3780,61.5,99.2,2026-04-01
3781,98.7,74.1,2026-04-01
3782,70.5,93.3,2026-04-01
3783,86.2,96.7,2026-04-01
3784,70.4,88.9,2026-04-01
3785,91.1,79.3,2026-04-01
3786,94.6,72.0,2026-04-01
3787,68.6,82.6,2026-04-01
3788,95.0,93.8,2026-04-01
3789,93.1,72.6,2026-04-01
3790,65.7,93.6,2026-04-01
3791,72.4,73.2,2026-04-01
3792,64.4,66.2,2026-04-01
3793,84.1,80.9,2026-04-01
3794,90.6,82.9,2026-04-01
3795,88.9,92.3,2026-04-01
3796,65.7,70.2,2026-04-01
3797,89.4,65.7,2026-04-01
3798,89.4,66.6,2026-04-01
3799,88.0,80.6,2026-04-01
3800,62.2,98.0,2026-04-01
3801,75.6,86.9,2026-04-01
3802,72.8,72.0,2026-04-01
3803,69.8,95.5,2026-04-01
3804,87.3,62.0,2026-04-01
3805,88.2,72.9,2026-04-01
3806,78.6,99.8,2026-04-01
3807,61.5,65.9,2026-04-01
3808,88.4,83.0,2026-04-01
3809,76.9,82.1,2026-04-01
3810,98.0,98.7,2026-04-01
3811,75.1,75.0,2026-04-01
3812,77.9,72.3,2026-04-01
3813,79.8,67.5,2026-04-01
3814,67.6,90.9,2026-04-01
3815,97.3,69.9,2026-04-01
3816,67.2,81.5,2026-04-01
3817,64.0,90.7,2026-04-01
3818,76.8,73.4,2026-04-01
3819,77.1,80.3,2026-04-01
3820,96.2,88.4,2026-04-01
3821,81.3,93.1,2026-04-01
3822,97.5,74.6,2026-04-01
3823,80.0,92.4,2026-04-01
3824,84.1,99.7,2026-04-01
3825,77.9,89.2,2026-04-01
3826,87.5,98.8,2026-04-01
3827,83.9,68.1,2026-04-01
3828,81.2,89.5,2026-04-01
3829,79.0,90.8,2026-04-01
3830,74.3,74.5,2026-04-01
3831,93.0,74.6,2026-04-01
3832,92.0,83.5,2026-04-01
3833,95.3,85.3,2026-04-01
3834,90.0,99.7,2026-04-01
3835,96.8,89.4,2026-04-01
3836,74.7,95.5,2026-04-01
3837,88.2,77.6,2026-04-01
3838,69.7,94.4,2026-04-01
3839,91.2,77.7,2026-04-01
3840,69.5,88.8,2026-04-01
3841,87.6,82.0,2026-04-01
3842,66.3,78.6,2026-04-01
3843,81.0,60.0,2026-04-01
3844,64.2,91.4,2026-04-01
3845,63.6,90.0,2026-04-01
3846,84.7,68.1,2026-04-01
3847,68.0,76.1,2026-04-01
3848,89.4,93.7,2026-04-01
3849,62.4,90.5,2026-04-01
3850,83.0,92.9,2026-04-01
3851,74.0,85.9,2026-04-01
3852,75.3,93.6,2026-04-01
3853,95.1,65.1,2026-04-01
3854,96.8,91.3,2026-04-01
3855,72.9,65.6,2026-04-01
3856,88.3,77.1,2026-04-01
3857,65.6,96.4,2026-04-01
3858,90.8,83.6,2026-04-01
3859,97.7,65.5,2026-04-01
3860,65.2,91.8,2026-04-01
3861,79.4,77.5,2026-04-01
3862,83.2,82.4,2026-04-01
3863,90.6,82.4,2026-04-01
3864,79.9,98.6,2026-04-01
3865,81.5,75.4,2026-04-01
3866,73.1,88.5,2026-04-01
3867,76.3,61.6,2026-04-01
3868,60.4,72.0,2026-04-01
3869,96.5,85.2,2026-04-01
3870,65.7,63.4,2026-04-01
3871,92.5,81.0,2026-04-01
3872,84.5,84.2,2026-04-01
3873,83.5,69.3,2026-04-01
3874,71.6,75.3,2026-04-01
3875,94.1,79.0,2026-04-01
3876,84.4,89.1,2026-04-01
3877,88.5,82.9,2026-04-01
3878,89.7,62.3,2026-04-01
3879,95.5,95.6,2026-04-01
3880,95.0,71.8,2026-04-01
3881,78.5,74.0,2026-04-01
3882,71.7,74.4,2026-04-01
3883,62.9,74.9,2026-04-01
3884,94.7,90.3,2026-04-01
3885,91.0,78.0,2026-04-01
3886,89.3,67.0,2026-04-01
3887,73.2,89.9,2026-04-01
3888,77.5,77.0,2026-04-01
3889,88.2,92.9,2026-04-01
3890,62.6,94.5,2026-04-01
3891,81.2,74.8,2026-04-01
3892,86.5,75.1,2026-04-01
3893,80.6,67.9,2026-04-01
3894,85.1,87.6,2026-04-01
3895,98.0,80.6,2026-04-01
3896,67.6,68.1,2026-04-01
3897,61.0,87.2,2026-04-01
3898,65.6,81.3,2026-04-01
3899,88.2,74.3,2026-04-01
3900,73.6,76.0,2026-04-01
3901,97.2,82.2,2026-04-01
3902,92.6,72.2,2026-04-01
3903,82.0,84.0,2026-04-01
3904,69.3,93.6,2026-04-01
3905,64.0,63.7,2026-04-01
3906,72.6,99.2,2026-04-01
3907,71.3,79.5,2026-04-01
3908,80.1,71.4,2026-04-01
3909,79.1,90.4,2026-04-01
3910,66.5,87.8,2026-04-01
3911,73.2,92.4,2026-04-01
3912,80.5,95.3,2026-04-01
3913,93.3,79.1,2026-04-01
3914,81.8,84.9,2026-04-01
3915,80.9,80.4,2026-04-01
3916,82.4,96.3,2026-04-01
3917,83.1,88.9,2026-04-01
3918,92.6,77.0,2026-04-01
3919,88.4,97.7,2026-04-01
3920,83.1,91.7,2026-04-01
3921,81.0,82.5,2026-04-01
3922,90.1,61.9,2026-04-01
3923,64.6,84.1,2026-04-01
3924,67.9,62.2,2026-04-01
3925,79.1,72.3,2026-04-01
3926,68.3,98.1,2026-04-01
3927,90.2,60.9,2026-04-01
3928,90.1,68.6,2026-04-01
3929,68.1,74.0,2026-04-01
3930,72.9,82.9,2026-04-01
3931,86.5,70.1,2026-04-01
3932,70.3,94.0,2026-04-01
3933,92.3,67.3,2026-04-01
3934,86.7,86.1,2026-04-01
3935,88.8,92.1,2026-04-01
3936,60.7,60.0,2026-04-01
3937,80.8,68.1,2026-04-01
3938,72.2,87.0,2026-04-01
3939,84.6,62.3,2026-04-01
3940,92.3,71.0,2026-04-01
3941,71.6,93.4,2026-04-01
3942,96.9,60.4,2026-04-01
3943,92.1,83.7,2026-04-01
3944,72.4,86.4,2026-04-01
3945,81.1,95.9,2026-04-01
3946,89.1,78.6,2026-04-01
3947,75.4,94.0,2026-04-01
3948,81.0,89.9,2026-04-01
3949,71.7,86.4,2026-04-01
3950,75.9,77.8,2026-04-01
3951,75.0,62.2,2026-04-01
3952,73.0,71.2,2026-04-01
3953,75.3,99.0,2026-04-01
3954,92.4,71.9,2026-04-01
3955,84.7,85.2,2026-04-01
3956,83.0,66.6,2026-04-01
3957,99.5,95.8,2026-04-01
3958,72.5,67.4,2026-04-01
3959,88.3,92.1,2026-04-01
3960,92.4,81.0,2026-04-01
3961,90.7,63.1,2026-04-01
3962,79.0,88.7,2026-04-01
3963,81.4,99.4,2026-04-01
3964,86.1,72.9,2026-04-01
3965,85.5,76.1,2026-04-01
3966,62.0,62.2,2026-04-01
3967,99.1,85.3,2026-04-01
3968,62.5,76.4,2026-04-01
3969,81.7,81.9,2026-04-01
3970,66.8,89.3,2026-04-01
3971,86.0,92.1,2026-04-01
3972,77.5,72.4,2026-04-01
3973,67.4,61.3,2026-04-01
3974,76.9,64.1,2026-04-01
3975,64.5,88.4,2026-04-01
3976,82.3,62.9,2026-04-01
3977,78.2,87.2,2026-04-01
3978,81.0,72.7,2026-04-01
3979,68.1,60.3,2026-04-01
3980,90.1,80.2,2026-04-01
3981,69.9,65.5,2026-04-01
3982,93.8,85.2,2026-04-01
3983,95.8,70.7,2026-04-01
3984,80.6,64.0,2026-04-01
3985,76.0,88.5,2026-04-01
3986,94.9,95.6,2026-04-01
3987,91.3,76.5,2026-04-01
3988,74.7,82.3,2026-04-01
3989,95.4,99.6,2026-04-01
3990,83.8,83.5,2026-04-01
3991,84.6,91.7,2026-04-01
3992,88.9,97.0,2026-04-01
3993,90.4,81.6,2026-04-01
3994,92.9,64.1,2026-04-01
3995,89.0,99.6,2026-04-01
3996,98.3,92.2,2026-04-01
3997,77.1,86.0,2026-04-01
3998,81.5,97.7,2026-04-01
3999,76.4,66.5,2026-04-01
4000,99.5,91.1,2026-04-01
4001,63.2,83.5,2026-04-01
4002,66.9,93.0,2026-04-01
4003,88.0,61.6,2026-04-01
4004,87.5,66.1,2026-04-01
4005,68.6,68.5,2026-04-01
4006,69.1,84.8,2026-04-01
4007,91.9,88.3,2026-04-01
4008,89.6,72.9,2026-04-01
4009,66.5,64.0,2026-04-01
4010,99.7,99.0,2026-04-01
4011,91.5,82.0,2026-04-01
4012,77.2,93.6,2026-04-01
4013,70.6,65.1,2026-04-01
4014,90.8,80.5,2026-04-01
4015,80.7,98.4,2026-04-01
4016,98.2,92.9,2026-04-01
4017,81.2,69.5,2026-04-01
4018,68.6,87.1,2026-04-01
4019,83.8,79.7,2026-04-01
4020,67.4,83.5,2026-04-01
4021,62.9,96.1,2026-04-01
4022,80.1,91.2,2026-04-01
4023,96.3,71.1,2026-04-01
4024,79.5,70.0,2026-04-01
4025,86.7,83.3,2026-04-01
4026,62.9,63.8,2026-04-01
4027,61.5,66.8,2026-04-01
4028,76.0,90.7,2026-04-01
4029,68.9,89.6,2026-04-01
4030,78.3,67.7,2026-04-01
4031,84.5,98.1,2026-04-01
4032,91.3,84.3,2026-04-01
4033,61.9,92.7,2026-04-01
4034,91.2,91.2,2026-04-01
4035,98.0,96.9,2026-04-01
4036,67.9,99.9,2026-04-01
4037,74.9,71.6,2026-04-01
4038,88.1,82.3,2026-04-01
4039,92.8,71.1,2026-04-01
4040,69.0,81.2,2026-04-01
4041,61.2,90.2,2026-04-01
4042,80.0,76.4,2026-04-01
4043,81.9,83.1,2026-04-01
4044,83.3,61.1,2026-04-01
4045,82.7,79.7,2026-04-01
4046,77.1,97.3,2026-04-01
4047,65.6,95.7,2026-04-01
4048,64.3,97.3,2026-04-01
4049,89.0,60.9,2026-04-01
4050,63.7,86.6,2026-04-01
4051,64.9,74.0,2026-04-01
4052,80.8,65.8,2026-04-01
4053,79.0,72.0,2026-04-01
4054,95.8,88.6,2026-04-01
4055,89.1,73.0,2026-04-01
4056,92.7,77.9,2026-04-01
4057,76.6,68.2,2026-04-01
4058,91.2,65.1,2026-04-01
4059,73.5,99.4,2026-04-01
4060,85.5,72.5,2026-04-01
4061,79.1,72.8,2026-04-01
4062,94.2,93.0,2026-04-01
4063,86.2,76.2,2026-04-01
4064,81.3,82.2,2026-04-01
4065,81.1,81.2,2026-04-01
4066,72.8,98.0,2026-04-01
4067,78.7,85.3,2026-04-01
4068,75.0,73.4,2026-04-01
4069,76.6,62.9,2026-04-01
4070,92.8,82.1,2026-04-01
4071,89.4,66.2,2026-04-01
4072,84.6,81.8,2026-04-01
4073,65.4,95.4,2026-04-01
4074,74.2,77.6,2026-04-01
4075,79.6,86.0,2026-04-01
4076,82.3,77.8,2026-04-01
4077,65.5,62.3,2026-04-01
4078,74.3,64.0,2026-04-01
4079,93.2,96.0,2026-04-01
4080,87.9,67.0,2026-04-01
4081,89.3,76.4,2026-04-01
4082,82.9,64.6,2026-04-01
4083,81.7,77.8,2026-04-01
4084,98.8,90.6,2026-04-01
4085,83.2,76.6,2026-04-01
4086,82.0,94.8,2026-04-01
4087,81.6,64.4,2026-04-01
4088,93.8,97.2,2026-04-01
4089,86.0,72.6,2026-04-01
4090,78.8,96.0,2026-04-01
4091,62.6,94.6,2026-04-01
4092,89.8,98.0,2026-04-01
4093,84.2,99.3,2026-04-01
4094,88.2,71.6,2026-04-01
4095,67.2,98.9,2026-04-01
4096,60.5,63.8,2026-04-01
4097,76.0,68.6,2026-04-01
4098,94.6,74.9,2026-04-01
4099,67.6,98.6,2026-04-01
4100,86.6,78.5,2026-04-01
4101,68.8,93.2,2026-04-01
4102,91.0,73.6,2026-04-01
4103,74.9,94.5,2026-04-01
4104,98.6,83.1,2026-04-01
4105,96.0,81.1,2026-04-01
4106,91.6,66.4,2026-04-01
4107,95.0,65.8,2026-04-01
4108,78.4,88.2,2026-04-01
4109,61.8,80.1,2026-04-01
4110,84.5,62.0,2026-04-01
4111,89.8,91.7,2026-04-01
4112,94.1,90.7,2026-04-01
4113,83.5,78.4,2026-04-01
4114,80.0,80.3,2026-04-01
4115,70.7,74.1,2026-04-01
4116,69.8,74.8,2026-04-01
4117,82.0,60.7,2026-04-01
4118,72.1,73.7,2026-04-01
4119,71.3,60.2,2026-04-01
4120,64.1,84.4,2026-04-01
4121,82.5,81.6,2026-04-01
4122,67.9,79.9,2026-04-01
4123,89.0,89.9,2026-04-01
4124,95.2,62.3,2026-04-01
4125,99.1,85.0,2026-04-01
4126,84.7,95.4,2026-04-01
4127,93.9,85.4,2026-04-01
4128,62.0,66.7,2026-04-01
4129,97.9,97.7,2026-04-01
4130,93.4,79.5,2026-04-01
4131,92.9,67.6,2026-04-01
4132,83.8,80.8,2026-04-01
4133,96.8,98.6,2026-04-01
4134,79.1,67.1,2026-04-01
4135,88.8,82.0,2026-04-01
4136,82.2,72.5,2026-04-01
4137,92.2,73.0,2026-04-01
4138,88.4,79.0,2026-04-01
4139,88.3,76.2,2026-04-01
4140,97.3,97.3,2026-04-01
4141,90.4,79.7,2026-04-01
4142,75.7,84.5,2026-04-01
4143,95.4,79.8,2026-04-01
4144,89.7,89.1,2026-04-01
4145,72.8,83.9,2026-04-01
4146,93.5,90.8,2026-04-01
4147,90.5,90.9,2026-04-01
4148,93.6,63.5,2026-04-01
4149,85.2,94.1,2026-04-01
4150,91.8,61.2,2026-04-01
4151,76.6,66.5,2026-04-01
4152,60.6,78.4,2026-04-01
4153,80.9,68.5,2026-04-01
4154,71.9,95.3,2026-04-01
4155,65.7,94.1,2026-04-01
4156,67.0,75.4,2026-04-01
4157,80.8,90.7,2026-04-01
4158,67.1,90.3,2026-04-01
4159,90.5,96.8,2026-04-01
4160,98.7,98.0,2026-04-01
4161,81.3,83.9,2026-04-01
4162,63.6,72.6,2026-04-01
4163,92.7,63.2,2026-04-01
4164,79.2,64.2,2026-04-01
4165,89.5,83.1,2026-04-01
4166,61.6,63.0,2026-04-01
4167,88.2,88.7,2026-04-01
4168,89.6,69.2,2026-04-01
4169,80.5,90.7,2026-04-01
4170,90.6,96.9,2026-04-01
4171,99.5,86.8,2026-04-01
4172,81.6,71.1,2026-04-01
4173,94.4,98.3,2026-04-01
4174,91.6,71.3,2026-04-01
4175,93.1,64.0,2026-04-01
4176,69.4,69.3,2026-04-01
4177,68.8,90.8,2026-04-01
4178,83.9,92.1,2026-04-01
4179,81.7,90.8,2026-04-01
4180,63.6,78.0,2026-04-01
4181,77.6,91.0,2026-04-01
4182,86.5,86.6,2026-04-01
4183,83.9,99.0,2026-04-01
4184,81.1,71.0,2026-04-01
4185,72.1,63.0,2026-04-01
4186,85.0,72.7,2026-04-01
4187,89.7,73.7,2026-04-01
4188,67.3,85.2,2026-04-01
4189,96.5,87.3,2026-04-01
4190,65.5,99.7,2026-04-01
4191,85.6,71.6,2026-04-01
4192,85.9,75.5,2026-04-01
4193,71.2,82.8,2026-04-01
4194,93.0,88.4,2026-04-01
4195,93.4,93.4,2026-04-01
4196,86.6,60.6,2026-04-01
4197,78.1,96.4,2026-04-01
4198,85.3,64.5,2026-04-01
4199,81.5,97.2,2026-04-01
4200,63.2,88.0,2026-04-01
4201,71.5,92.6,2026-04-01
4202,63.0,82.3,2026-04-01
4203,77.2,63.4,2026-04-01
4204,86.6,79.2,2026-04-01
4205,71.5,67.2,2026-04-01
4206,81.1,85.7,2026-04-01
4207,99.9,81.3,2026-04-01
4208,67.9,96.5,2026-04-01
4209,92.2,92.0,2026-04-01
4210,63.6,91.1,2026-04-01
4211,60.6,64.7,2026-04-01
4212,72.6,72.8,2026-04-01
4213,73.8,79.2,2026-04-01
4214,64.9,82.8,2026-04-01
4215,77.1,86.2,2026-04-01
4216,69.0,65.4,2026-04-01
4217,84.2,91.7,2026-04-01
4218,75.7,68.5,2026-04-01
4219,92.6,77.7,2026-04-01
4220,74.1,92.8,2026-04-01
4221,98.2,81.8,2026-04-01
4222,92.9,61.9,2026-04-01
4223,81.6,76.7,2026-04-01
4224,99.5,79.0,2026-04-01
4225,77.6,77.1,2026-04-01
4226,70.9,98.1,2026-04-01
4227,79.9,95.1,2026-04-01
4228,76.1,87.1,2026-04-01
4229,77.2,62.1,2026-04-01
4230,63.8,81.8,2026-04-01
4231,97.8,73.4,2026-04-01
4232,99.1,85.5,2026-04-01
4233,94.0,98.0,2026-04-01
4234,85.5,81.8,2026-04-01
4235,80.1,85.6,2026-04-01
4236,67.6,98.6,2026-04-01
4237,99.5,61.4,2026-04-01
4238,94.9,93.2,2026-04-01
4239,73.9,60.4,2026-04-01
4240,76.8,65.9,2026-04-01
4241,84.1,81.0,2026-04-01
4242,77.3,90.3,2026-04-01
4243,78.9,96.6,2026-04-01
4244,60.8,88.9,2026-04-01
4245,83.0,83.8,2026-04-01
4246,86.6,72.4,2026-04-01
4247,99.7,85.3,2026-04-01
4248,94.3,84.9,2026-04-01
4249,98.2,90.3,2026-04-01
4250,91.8,86.4,2026-04-01
4251,86.1,60.1,2026-04-01
4252,65.8,74.7,2026-04-01
4253,71.2,64.4,2026-04-01
4254,79.4,71.7,2026-04-01
4255,89.2,86.9,2026-04-01
4256,78.0,78.8,2026-04-01
4257,83.3,87.5,2026-04-01
4258,97.4,70.9,2026-04-01
4259,93.4,68.2,2026-04-01
4260,64.2,76.4,2026-04-01
4261,93.5,77.1,2026-04-01
4262,69.7,82.6,2026-04-01
4263,83.2,74.1,2026-04-01
4264,76.8,73.4,2026-04-01
4265,92.5,87.0,2026-04-01
4266,67.4,70.1,2026-04-01
4267,75.2,95.5,2026-04-01
4268,88.8,81.3,2026-04-01
4269,75.2,61.2,2026-04-01
4270,83.0,87.4,2026-04-01
4271,81.2,86.3,2026-04-01
4272,60.7,92.9,2026-04-01
4273,80.9,98.6,2026-04-01
4274,76.8,65.9,2026-04-01
4275,70.2,85.5,2026-04-01
4276,65.6,85.0,2026-04-01
4277,70.2,68.6,2026-04-01
4278,93.2,76.6,2026-04-01
4279,92.4,87.2,2026-04-01
4280,66.8,80.5,2026-04-01
4281,68.5,86.4,2026-04-01
4282,64.2,99.4,2026-04-01
4283,87.3,90.7,2026-04-01
4284,90.8,79.9,2026-04-01
4285,74.8,62.4,2026-04-01
4286,77.0,77.8,2026-04-01
4287,61.9,79.8,2026-04-01
4288,76.2,91.6,2026-04-01
4289,67.1,97.1,2026-04-01
4290,80.0,74.9,2026-04-01
4291,99.5,77.7,2026-04-01
4292,60.6,62.6,2026-04-01
4293,88.7,80.9,2026-04-01
4294,90.8,60.6,2026-04-01
4295,99.6,69.2,2026-04-01
4296,88.2,69.1,2026-04-01
4297,67.1,81.0,2026-04-01
4298,96.1,84.1,2026-04-01
4299,80.9,82.6,2026-04-01
4300,69.9,72.6,2026-04-01
4301,75.9,90.3,2026-04-01
4302,64.3,77.5,2026-04-01
4303,60.7,77.5,2026-04-01
4304,91.5,99.0,2026-04-01
4305,81.8,72.1,2026-04-01
4306,85.5,99.3,2026-04-01
4307,73.8,84.7,2026-04-01
4308,94.8,75.8,2026-04-01
4309,73.4,65.7,2026-04-01
4310,92.3,98.5,2026-04-01
4311,63.7,93.1,2026-04-01
4312,97.6,76.8,2026-04-01
4313,71.4,69.1,2026-04-01
4314,64.3,81.1,2026-04-01
4315,83.9,75.8,2026-04-01
4316,92.4,64.1,2026-04-01
4317,65.3,84.3,2026-04-01
4318,95.6,87.5,2026-04-01
4319,89.1,88.8,2026-04-01
4320,73.6,95.0,2026-04-01
4321,70.9,73.1,2026-04-01
4322,61.9,74.0,2026-04-01
4323,90.9,61.0,2026-04-01
4324,76.7,66.8,2026-04-01
4325,70.9,76.3,2026-04-01
4326,95.4,91.4,2026-04-01
4327,63.8,66.4,2026-04-01
4328,92.1,67.8,2026-04-01
4329,68.5,98.7,2026-04-01
4330,65.3,78.7,2026-04-01
4331,98.0,81.3,2026-04-01
4332,93.5,76.6,2026-04-01
4333,68.2,73.1,2026-04-01
4334,88.5,78.7,2026-04-01
4335,71.1,99.3,2026-04-01
4336,97.7,63.2,2026-04-01
4337,92.6,68.2,2026-04-01
4338,60.5,94.3,2026-04-01
4339,60.1,79.0,2026-04-01
4340,76.8,79.2,2026-04-01
4341,83.2,72.1,2026-04-01
4342,98.3,72.6,2026-04-01
4343,97.7,72.2,2026-04-01
4344,80.8,77.7,2026-04-01
4345,75.3,63.5,2026-04-01
4346,84.4,60.2,2026-04-01
4347,91.6,97.5,2026-04-01
4348,70.3,79.5,2026-04-01
4349,81.8,98.3,2026-04-01
4350,72.8,87.7,2026-04-01
4351,86.8,73.2,2026-04-01
4352,61.6,77.9,2026-04-01
4353,83.4,93.9,2026-04-01
4354,74.2,72.6,2026-04-01
4355,66.3,67.0,2026-04-01
4356,74.5,84.9,2026-04-01
4357,99.4,60.6,2026-04-01
4358,63.0,90.2,2026-04-01
4359,82.0,62.4,2026-04-01
4360,82.0,68.6,2026-04-01
4361,79.8,60.9,2026-04-01
4362,67.0,60.4,2026-04-01
4363,93.0,67.6,2026-04-01
4364,66.4,85.4,2026-04-01
4365,66.1,85.9,2026-04-01
4366,64.7,97.9,2026-04-01
4367,87.3,79.4,2026-04-01
4368,94.3,90.0,2026-04-01
4369,91.5,87.7,2026-04-01
4370,76.9,73.4,2026-04-01
4371,90.5,77.9,2026-04-01
4372,77.0,97.3,2026-04-01
4373,95.4,65.3,2026-04-01
4374,95.0,99.7,2026-04-01
4375,66.1,65.0,2026-04-01
4376,66.3,74.0,2026-04-01
4377,89.9,84.6,2026-04-01
4378,64.8,61.5,2026-04-01
4379,85.1,77.0,2026-04-01
4380,95.1,80.0,2026-04-01
4381,68.8,64.5,2026-04-01
4382,99.0,70.0,2026-04-01
4383,62.7,71.8,2026-04-01
4384,91.1,60.2,2026-04-01
4385,77.7,83.8,2026-04-01
4386,65.8,62.4,2026-04-01
4387,82.4,92.3,2026-04-01
4388,74.1,61.9,2026-04-01
4389,98.3,68.8,2026-04-01
4390,90.0,64.9,2026-04-01
4391,98.9,87.8,2026-04-01
4392,77.4,96.6,2026-04-01
4393,80.9,60.5,2026-04-01
4394,62.3,82.9,2026-04-01
4395,63.2,69.1,2026-04-01
4396,85.3,88.6,2026-04-01
4397,95.0,61.4,2026-04-01
4398,76.7,93.6,2026-04-01
4399,85.7,82.4,2026-04-01
4400,64.5,97.2,2026-04-01
4401,70.6,86.3,2026-04-01
4402,67.6,62.7,2026-04-01
4403,63.0,73.0,2026-04-01
4404,63.2,83.7,2026-04-01
4405,91.6,97.6,2026-04-01
4406,67.3,72.5,2026-04-01
4407,83.4,88.2,2026-04-01
4408,66.6,80.8,2026-04-01
4409,66.3,77.6,2026-04-01
4410,78.7,78.7,2026-04-01
4411,74.8,85.7,2026-04-01
4412,98.7,71.3,2026-04-01
4413,93.0,70.8,2026-04-01
4414,86.2,90.5,2026-04-01
4415,91.6,91.7,2026-04-01
4416,60.5,73.8,2026-04-01
4417,63.1,85.8,2026-04-01
4418,89.6,64.2,2026-04-01
4419,69.1,95.5,2026-04-01
4420,98.4,86.3,2026-04-01
4421,93.2,83.4,2026-04-01
4422,72.2,83.4,2026-04-01
4423,65.4,69.4,2026-04-01
4424,69.2,94.4,2026-04-01
4425,88.3,89.6,2026-04-01
4426,91.3,78.8,2026-04-01
4427,96.5,94.8,2026-04-01
4428,73.8,99.6,2026-04-01
4429,98.1,68.8,2026-04-01
4430,70.1,84.8,2026-04-01
4431,95.1,87.6,2026-04-01
4432,97.9,92.0,2026-04-01
4433,86.5,96.2,2026-04-01
4434,91.4,61.6,2026-04-01
4435,88.2,82.0,2026-04-01
4436,92.8,88.1,2026-04-01
4437,92.8,90.9,2026-04-01
4438,66.5,83.2,2026-04-01
4439,79.8,75.7,2026-04-01
4440,88.1,89.8,2026-04-01
4441,82.1,66.6,2026-04-01
4442,81.5,93.5,2026-04-01
4443,91.4,86.1,2026-04-01
4444,83.7,89.5,2026-04-01
4445,89.9,64.0,2026-04-01
4446,96.2,61.9,2026-04-01
4447,61.0,95.5,2026-04-01
4448,85.7,82.4,2026-04-01
4449,81.4,88.4,2026-04-01
4450,93.9,85.7,2026-04-01
4451,79.1,62.1,2026-04-01
4452,91.8,88.5,2026-04-01
4453,76.3,86.7,2026-04-01
4454,81.8,69.8,2026-04-01
4455,64.6,79.7,2026-04-01
4456,72.2,66.5,2026-04-01
4457,93.7,84.0,2026-04-01
4458,64.3,70.8,2026-04-01
4459,83.1,87.5,2026-04-01
4460,74.9,97.8,2026-04-01
4461,68.2,87.2,2026-04-01
4462,94.0,69.5,2026-04-01
4463,75.1,83.8,2026-04-01
4464,61.8,74.0,2026-04-01
4465,84.0,83.4,2026-04-01
4466,61.1,97.7,2026-04-01
4467,80.3,89.7,2026-04-01
4468,81.3,78.2,2026-04-01
4469,79.7,87.0,2026-04-01
4470,79.2,99.5,2026-04-01
4471,87.9,64.8,2026-04-01
4472,78.5,72.2,2026-04-01
4473,96.7,75.5,2026-04-01
4474,67.5,93.1,2026-04-01
4475,61.8,76.8,2026-04-01
4476,99.0,88.6,2026-04-01
4477,95.8,89.4,2026-04-01
4478,75.0,98.8,2026-04-01
4479,67.8,65.7,2026-04-01
4480,88.4,75.6,2026-04-01
4481,60.2,72.3,2026-04-01
4482,84.4,98.7,2026-04-01
4483,71.8,67.8,2026-04-01
4484,74.6,94.0,2026-04-01
4485,79.7,70.2,2026-04-01
4486,86.5,67.7,2026-04-01
4487,84.6,81.1,2026-04-01
4488,87.0,83.7,2026-04-01
4489,73.1,60.2,2026-04-01
4490,97.0,78.6,2026-04-01
4491,71.7,98.1,2026-04-01
4492,82.6,66.0,2026-04-01
4493,69.4,74.7,2026-04-01
4494,95.9,65.5,2026-04-01
4495,98.4,99.8,2026-04-01
4496,87.9,83.6,2026-04-01
4497,79.3,82.0,2026-04-01
4498,82.5,96.8,2026-04-01
4499,75.6,63.3,2026-04-01
4500,78.4,75.6,2026-04-01
4501,98.0,79.5,2026-04-01
4502,82.4,74.1,2026-04-01
4503,71.6,78.5,2026-04-01
4504,89.9,86.6,2026-04-01
4505,98.5,98.2,2026-04-01
4506,71.7,93.7,2026-04-01
4507,73.4,80.1,2026-04-01
4508,84.7,86.0,2026-04-01
4509,90.4,91.9,2026-04-01
4510,71.3,82.7,2026-04-01
4511,72.8,72.5,2026-04-01
4512,71.0,94.2,2026-04-01
4513,85.2,73.9,2026-04-01
4514,75.0,63.3,2026-04-01
4515,77.2,72.3,2026-04-01
4516,72.4,70.7,2026-04-01
4517,75.3,88.7,2026-04-01
4518,70.8,85.2,2026-04-01
4519,86.6,71.9,2026-04-01
4520,96.6,98.0,2026-04-01
4521,75.6,62.8,2026-04-01
4522,95.9,78.5,2026-04-01
4523,76.9,87.1,2026-04-01
4524,95.9,75.3,2026-04-01
4525,88.9,95.7,2026-04-01
4526,83.2,89.4,2026-04-01
4527,71.3,60.7,2026-04-01
4528,77.2,65.8,2026-04-01
4529,96.5,80.9,2026-04-01
4530,99.4,67.4,2026-04-01
4531,95.9,89.7,2026-04-01
4532,94.4,78.2,2026-04-01
4533,70.8,88.7,2026-04-01
4534,61.9,73.2,2026-04-01
4535,90.3,89.2,2026-04-01
4536,88.9,88.3,2026-04-01
4537,69.6,70.1,2026-04-01
4538,65.6,89.0,2026-04-01
4539,88.8,71.5,2026-04-01
4540,65.1,90.4,2026-04-01
4541,93.1,69.7,2026-04-01
4542,79.3,87.7,2026-04-01
4543,68.9,60.6,2026-04-01
4544,95.9,96.8,2026-04-01
4545,62.5,80.7,2026-04-01
4546,82.1,95.2,2026-04-01
4547,64.6,80.6,2026-04-01
4548,78.5,77.9,2026-04-01
4549,97.2,82.1,2026-04-01
4550,82.1,73.1,2026-04-01
4551,79.1,69.1,2026-04-01
4552,68.3,73.9,2026-04-01
4553,91.7,71.0,2026-04-01
4554,78.1,93.8,2026-04-01
4555,84.8,76.9,2026-04-01
4556,62.0,75.5,2026-04-01
4557,70.6,95.5,2026-04-01
4558,95.1,72.5,2026-04-01
4559,67.5,88.2,2026-04-01
4560,87.8,83.3,2026-04-01
4561,91.5,68.0,2026-04-01
4562,62.9,62.9,2026-04-01
4563,78.2,93.8,2026-04-01
4564,64.0,62.2,2026-04-01
4565,94.4,75.0,2026-04-01
4566,87.0,83.8,2026-04-01
4567,91.4,71.7,2026-04-01
4568,71.6,87.5,2026-04-01
4569,68.3,63.2,2026-04-01
4570,61.8,68.9,2026-04-01
4571,78.9,62.6,2026-04-01
4572,78.8,71.9,2026-04-01
4573,79.4,79.4,2026-04-01
4574,82.8,64.2,2026-04-01
4575,78.5,91.3,2026-04-01
4576,84.8,95.5,2026-04-01
4577,88.1,64.6,2026-04-01
4578,63.3,94.4,2026-04-01
4579,96.3,90.0,2026-04-01
4580,64.2,60.3,2026-04-01
4581,97.8,63.2,2026-04-01
4582,85.0,84.7,2026-04-01
4583,80.1,66.6,2026-04-01
4584,88.5,62.4,2026-04-01
4585,60.5,66.9,2026-04-01
4586,79.1,78.0,2026-04-01
4587,62.0,85.4,2026-04-01
4588,78.6,90.2,2026-04-01
4589,60.4,80.7,2026-04-01
4590,82.2,78.2,2026-04-01
4591,99.6,76.2,2026-04-01
4592,70.5,94.7,2026-04-01
4593,89.8,60.1,2026-04-01
4594,82.9,70.7,2026-04-01
4595,78.2,75.8,2026-04-01
4596,89.5,99.4,2026-04-01
4597,77.7,87.5,2026-04-01
4598,96.6,67.7,2026-04-01
4599,79.8,97.0,2026-04-01
4600,71.8,85.9,2026-04-01
4601,95.6,61.4,2026-04-01
4602,93.2,75.5,2026-04-01
4603,87.5,70.5,2026-04-01
4604,63.7,88.8,2026-04-01
4605,77.6,80.2,2026-04-01
4606,88.6,98.6,2026-04-01
4607,64.1,79.0,2026-04-01
4608,88.7,71.1,2026-04-01
4609,98.5,88.1,2026-04-01
4610,97.6,73.9,2026-04-01
4611,60.0,99.7,2026-04-01
4612,77.4,73.2,2026-04-01
4613,75.4,69.7,2026-04-01
4614,97.4,87.1,2026-04-01
4615,86.1,82.8,2026-04-01
4616,71.1,62.7,2026-04-01
4617,79.2,88.1,2026-04-01
4618,75.5,75.0,2026-04-01
4619,65.3,92.1,2026-04-01
4620,95.6,80.8,2026-04-01
4621,67.3,78.4,2026-04-01
4622,86.0,84.0,2026-04-01
4623,69.0,84.5,2026-04-01
4624,61.7,78.6,2026-04-01
4625,90.1,74.5,2026-04-01
4626,62.7,73.4,2026-04-01
4627,71.9,79.6,2026-04-01
4628,89.5,61.2,2026-04-01
4629,87.8,83.8,2026-04-01
4630,87.8,86.0,2026-04-01
4631,83.5,76.3,2026-04-01
4632,98.2,91.1,2026-04-01
4633,64.7,88.9,2026-04-01
4634,61.6,65.0,2026-04-01
4635,70.0,77.3,2026-04-01
4636,80.6,68.9,2026-04-01
4637,97.8,84.3,2026-04-01
4638,89.7,61.7,2026-04-01
4639,89.6,99.5,2026-04-01
4640,64.3,96.2,2026-04-01
4641,78.7,96.3,2026-04-01
4642,79.6,93.7,2026-04-01
4643,94.3,68.8,2026-04-01
4644,88.0,62.6,2026-04-01
4645,62.5,98.6,2026-04-01
4646,92.4,78.8,2026-04-01
4647,99.9,89.8,2026-04-01
4648,82.5,97.2,2026-04-01
4649,73.6,64.5,2026-04-01
4650,86.9,95.8,2026-04-01
4651,82.7,70.7,2026-04-01
4652,96.1,94.1,2026-04-01
4653,98.8,95.9,2026-04-01
4654,62.3,99.3,2026-04-01
4655,94.0,67.1,2026-04-01
4656,98.0,90.0,2026-04-01
4657,63.2,82.7,2026-04-01
4658,90.7,65.0,2026-04-01
4659,71.1,88.8,2026-04-01
4660,90.6,88.1,2026-04-01
4661,77.9,94.9,2026-04-01
4662,94.1,74.1,2026-04-01
4663,87.3,81.7,2026-04-01
4664,74.1,72.9,2026-04-01
4665,97.1,68.2,2026-04-01
4666,89.9,88.3,2026-04-01
4667,97.4,77.8,2026-04-01
4668,93.0,98.6,2026-04-01
4669,94.3,61.0,2026-04-01
4670,79.8,68.7,2026-04-01
4671,87.9,60.6,2026-04-01
4672,75.6,72.4,2026-04-01
4673,69.0,65.0,2026-04-01
4674,96.5,83.5,2026-04-01
4675,69.3,83.4,2026-04-01
4676,98.1,98.5,2026-04-01
4677,76.0,86.0,2026-04-01
4678,97.3,83.5,2026-04-01
4679,92.3,60.5,2026-04-01
4680,63.0,77.9,2026-04-01
4681,74.6,85.0,2026-04-01
4682,83.3,63.4,2026-04-01
4683,67.6,90.6,2026-04-01
4684,70.2,89.8,2026-04-01
4685,62.8,67.5,2026-04-01
4686,85.5,92.2,2026-04-01
4687,88.2,63.2,2026-04-01
4688,90.6,90.1,2026-04-01
4689,79.8,92.8,2026-04-01
4690,67.2,79.8,2026-04-01
4691,85.7,76.8,2026-04-01
4692,91.8,67.9,2026-04-01
4693,64.0,61.5,2026-04-01
4694,85.5,78.6,2026-04-01
4695,89.6,90.6,2026-04-01
4696,75.3,65.8,2026-04-01
4697,65.1,68.0,2026-04-01
4698,60.9,68.7,2026-04-01
4699,86.3,68.1,2026-04-01
4700,62.3,70.3,2026-04-01
4701,76.5,79.9,2026-04-01
4702,96.3,87.6,2026-04-01
4703,96.8,60.9,2026-04-01
4704,84.8,62.1,2026-04-01
4705,78.1,97.8,2026-04-01
4706,67.1,67.2,2026-04-01
4707,71.7,64.6,2026-04-01
4708,65.2,80.1,2026-04-01
4709,81.7,70.4,2026-04-01
4710,79.0,77.0,2026-04-01
4711,65.5,78.7,2026-04-01
4712,66.5,84.8,2026-04-01
4713,86.4,86.0,2026-04-01
4714,82.2,63.5,2026-04-01
4715,72.3,85.3,2026-04-01
4716,75.4,97.0,2026-04-01
4717,96.4,68.7,2026-04-01
4718,94.5,78.1,2026-04-01
4719,83.4,60.6,2026-04-01
4720,93.1,61.4,2026-04-01
4721,75.9,86.5,2026-04-01
4722,60.0,87.2,2026-04-01
4723,89.9,81.4,2026-04-01
4724,72.6,94.3,2026-04-01
4725,86.7,84.3,2026-04-01
4726,67.7,78.7,2026-04-01
4727,81.0,75.0,2026-04-01
4728,84.0,89.8,2026-04-01
4729,71.5,70.2,2026-04-01
4730,68.3,62.4,2026-04-01
4731,88.8,78.5,2026-04-01
4732,64.4,90.6,2026-04-01
4733,88.6,73.4,2026-04-01
4734,66.2,98.2,2026-04-01
4735,80.1,66.5,2026-04-01
4736,61.5,82.0,2026-04-01
4737,66.2,81.1,2026-04-01
4738,88.1,96.0,2026-04-01
4739,82.8,77.0,2026-04-01
4740,83.4,81.9,2026-04-01
4741,76.7,86.8,2026-04-01
4742,93.7,66.1,2026-04-01
4743,85.3,80.5,2026-04-01
4744,65.4,86.6,2026-04-01
4745,70.7,92.4,2026-04-01
4746,81.0,72.1,2026-04-01
4747,97.8,62.8,2026-04-01
4748,65.5,70.6,2026-04-01
4749,62.6,65.1,2026-04-01
4750,74.1,99.0,2026-04-01
4751,79.4,90.2,2026-04-01
4752,85.0,72.7,2026-04-01
4753,68.7,99.1,2026-04-01
4754,71.1,84.4,2026-04-01
4755,98.7,60.7,2026-04-01
4756,97.7,91.9,2026-04-01
4757,85.0,86.1,2026-04-01
4758,96.2,93.6,2026-04-01
4759,64.6,99.1,2026-04-01
4760,71.4,60.4,2026-04-01
4761,95.3,86.3,2026-04-01
4762,89.0,90.6,2026-04-01
4763,76.8,87.9,2026-04-01
4764,98.7,68.5,2026-04-01
4765,85.0,61.1,2026-04-01
4766,83.1,96.1,2026-04-01
4767,99.4,92.3,2026-04-01
4768,80.3,98.1,2026-04-01
4769,87.1,83.3,2026-04-01
4770,86.6,85.8,2026-04-01
4771,67.5,74.2,2026-04-01
4772,68.8,62.6,2026-04-01
4773,79.4,70.7,2026-04-01
4774,97.6,65.1,2026-04-01
4775,95.8,91.4,2026-04-01
4776,71.5,92.4,2026-04-01
4777,76.1,89.1,2026-04-01
4778,66.5,77.0,2026-04-01
4779,66.9,88.5,2026-04-01
4780,69.2,98.6,2026-04-01
4781,93.4,99.6,2026-04-01
4782,93.8,81.0,2026-04-01
4783,92.9,81.9,2026-04-01
4784,76.3,68.8,2026-04-01
4785,89.3,98.2,2026-04-01
4786,83.2,81.2,2026-04-01
4787,83.2,68.0,2026-04-01
4788,93.2,62.0,2026-04-01
4789,76.6,80.9,2026-04-01
4790,78.6,64.5,2026-04-01
4791,61.7,82.4,2026-04-01
4792,88.2,72.5,2026-04-01
4793,96.5,97.7,2026-04-01
4794,77.5,74.4,2026-04-01
4795,70.4,74.0,2026-04-01
4796,70.4,64.3,2026-04-01
4797,75.0,95.0,2026-04-01
4798,64.8,83.7,2026-04-01
4799,82.0,72.6,2026-04-01
4800,88.1,97.4,2026-04-01
4801,73.1,77.9,2026-04-01
4802,79.3,62.8,2026-04-01
4803,76.5,90.9,2026-04-01
4804,97.4,80.8,2026-04-01
4805,73.2,70.6,2026-04-01
4806,64.9,68.7,2026-04-01
4807,64.1,90.3,2026-04-01
4808,85.7,61.0,2026-04-01
4809,98.8,97.6,2026-04-01
4810,68.3,68.3,2026-04-01
4811,66.8,87.8,2026-04-01
4812,65.2,75.1,2026-04-01
4813,95.4,74.0,2026-04-01
4814,61.5,93.8,2026-04-01
4815,72.4,69.9,2026-04-01
4816,68.9,64.4,2026-04-01
4817,71.5,76.2,2026-04-01
4818,95.1,84.1,2026-04-01
4819,71.7,68.3,2026-04-01
4820,69.1,75.9,2026-04-01
4821,62.3,81.5,2026-04-01
4822,93.7,66.1,2026-04-01
4823,79.4,69.5,2026-04-01
4824,87.9,67.8,2026-04-01
4825,97.7,62.2,2026-04-01
4826,84.2,61.3,2026-04-01
4827,77.0,76.1,2026-04-01
4828,77.8,91.3,2026-04-01
4829,73.5,61.6,2026-04-01
4830,91.1,91.1,2026-04-01
4831,73.7,96.4,2026-04-01
4832,82.8,75.6,2026-04-01
4833,88.4,74.8,2026-04-01
4834,86.5,85.2,2026-04-01
4835,71.0,70.5,2026-04-01
4836,83.0,90.2,2026-04-01
4837,73.4,90.3,2026-04-01
4838,77.1,85.6,2026-04-01
4839,60.1,87.2,2026-04-01
4840,61.9,68.4,2026-04-01
4841,81.6,81.3,2026-04-01
4842,68.3,67.2,2026-04-01
4843,87.9,82.3,2026-04-01
4844,86.1,63.5,2026-04-01
4845,97.3,86.5,2026-04-01
4846,78.9,64.9,2026-04-01
4847,78.3,79.5,2026-04-01
4848,89.8,82.5,2026-04-01
4849,68.9,90.9,2026-04-01
4850,77.5,84.6,2026-04-01
4851,96.6,92.9,2026-04-01
4852,81.1,64.7,2026-04-01
4853,64.9,75.9,2026-04-01
4854,79.6,78.6,2026-04-01
4855,88.7,97.8,2026-04-01
4856,88.9,94.7,2026-04-01
4857,69.7,71.6,2026-04-01
4858,68.2,70.9,2026-04-01
4859,88.0,67.0,2026-04-01
4860,92.4,75.4,2026-04-01
4861,69.4,81.1,2026-04-01
4862,99.9,83.6,2026-04-01
4863,70.2,77.9,2026-04-01
4864,67.3,67.8,2026-04-01
4865,72.5,60.3,2026-04-01
4866,61.5,62.0,2026-04-01
4867,60.1,93.7,2026-04-01
4868,62.5,84.6,2026-04-01
4869,78.3,81.3,2026-04-01
4870,72.9,88.0,2026-04-01
4871,98.7,69.6,2026-04-01
4872,96.6,90.5,2026-04-01
4873,75.0,75.6,2026-04-01
4874,84.4,87.7,2026-04-01
4875,66.9,86.5,2026-04-01
4876,82.8,82.9,2026-04-01
4877,88.9,60.6,2026-04-01
4878,61.2,84.0,2026-04-01
4879,64.2,72.3,2026-04-01
4880,96.4,74.7,2026-04-01
4881,63.3,72.8,2026-04-01
4882,69.6,98.3,2026-04-01
4883,93.6,61.0,2026-04-01
4884,71.8,66.3,2026-04-01
4885,73.2,60.2,2026-04-01
4886,66.8,62.0,2026-04-01
4887,74.7,91.8,2026-04-01
4888,84.8,87.6,2026-04-01
4889,63.9,63.4,2026-04-01
4890,92.2,69.3,2026-04-01
4891,63.9,99.3,2026-04-01
4892,79.8,68.1,2026-04-01
4893,64.2,96.1,2026-04-01
4894,77.0,96.7,2026-04-01
4895,63.4,89.4,2026-04-01
4896,72.3,68.0,2026-04-01
4897,68.0,68.0,2026-04-01
4898,81.2,62.4,2026-04-01
4899,99.4,76.7,2026-04-01
4900,92.6,87.3,2026-04-01
4901,78.2,70.0,2026-04-01
4902,93.9,76.1,2026-04-01
4903,99.2,96.2,2026-04-01
4904,74.4,85.7,2026-04-01
4905,96.4,73.5,2026-04-01
4906,95.5,65.1,2026-04-01
4907,83.9,86.1,2026-04-01
4908,90.4,88.3,2026-04-01
4909,78.8,75.9,2026-04-01
4910,71.7,81.5,2026-04-01
4911,74.6,96.1,2026-04-01
4912,99.4,78.1,2026-04-01
4913,74.7,71.8,2026-04-01
4914,88.9,73.8,2026-04-01
4915,65.2,83.0,2026-04-01
4916,75.6,66.1,2026-04-01
4917,73.6,71.6,2026-04-01
4918,74.6,90.9,2026-04-01
4919,74.7,64.0,2026-04-01
4920,82.9,95.7,2026-04-01
4921,74.2,79.2,2026-04-01
4922,70.6,73.8,2026-04-01
4923,97.9,71.5,2026-04-01
4924,91.7,74.6,2026-04-01
4925,71.7,75.1,2026-04-01
4926,76.3,62.3,2026-04-01
4927,66.4,79.0,2026-04-01
4928,82.9,74.9,2026-04-01
4929,94.9,68.7,2026-04-01
4930,95.2,67.6,2026-04-01
4931,77.2,74.7,2026-04-01
4932,82.6,80.6,2026-04-01
4933,97.8,95.7,2026-04-01
4934,93.6,95.9,2026-04-01
4935,89.5,94.7,2026-04-01
4936,97.0,67.1,2026-04-01
4937,85.0,69.5,2026-04-01
4938,97.4,72.7,2026-04-01
4939,85.4,72.0,2026-04-01
4940,84.9,61.5,2026-04-01
4941,70.5,81.3,2026-04-01
4942,75.5,68.9,2026-04-01
4943,95.7,74.6,2026-04-01
4944,69.7,96.6,2026-04-01
4945,80.7,69.1,2026-04-01
4946,93.9,69.3,2026-04-01
4947,79.3,89.9,2026-04-01
4948,66.1,61.1,2026-04-01
4949,77.8,74.1,2026-04-01
4950,89.8,72.5,2026-04-01
4951,81.7,74.7,2026-04-01
4952,63.3,63.9,2026-04-01
4953,87.1,67.5,2026-04-01
4954,86.1,79.9,2026-04-01
4955,74.3,63.7,2026-04-01
4956,60.2,78.7,2026-04-01
4957,78.8,63.7,2026-04-01
4958,64.0,80.0,2026-04-01
4959,77.1,68.6,2026-04-01
4960,71.9,87.9,2026-04-01
4961,79.7,72.4,2026-04-01
4962,69.0,60.2,2026-04-01
4963,75.3,62.4,2026-04-01
4964,87.6,82.5,2026-04-01
4965,95.6,97.8,2026-04-01
4966,95.1,70.7,2026-04-01
4967,83.7,83.1,2026-04-01
4968,98.5,61.8,2026-04-01
4969,81.6,94.2,2026-04-01
4970,69.6,73.1,2026-04-01
4971,97.0,68.0,2026-04-01
4972,92.2,82.5,2026-04-01
4973,69.8,61.7,2026-04-01
4974,66.3,62.5,2026-04-01
4975,60.7,94.3,2026-04-01
4976,90.9,95.1,2026-04-01
4977,70.2,69.9,2026-04-01
4978,87.3,94.3,2026-04-01
4979,91.3,88.8,2026-04-01
4980,98.9,76.0,2026-04-01
4981,75.9,62.2,2026-04-01
4982,91.3,78.9,2026-04-01
4983,94.8,90.3,2026-04-01
4984,96.5,84.4,2026-04-01
4985,78.8,60.1,2026-04-01
4986,70.2,93.8,2026-04-01
4987,81.5,91.0,2026-04-01
4988,90.2,64.4,2026-04-01
4989,96.0,66.7,2026-04-01
4990,99.6,93.5,2026-04-01
4991,61.3,87.7,2026-04-01
4992,65.2,61.5,2026-04-01
4993,62.1,64.0,2026-04-01
4994,88.8,79.0,2026-04-01
4995,92.8,64.7,2026-04-01
4996,99.7,68.6,2026-04-01
4997,60.7,98.1,2026-04-01
4998,77.0,98.5,2026-04-01
4999,91.0,94.8,2026-04-01
5000,82.2,90.9,2026-04-01
5001,82.9,76.6,2026-04-01
5002,63.5,68.0,2026-04-01
5003,72.6,94.8,2026-04-01
5004,80.0,85.7,2026-04-01
5005,80.8,62.8,2026-04-01
5006,84.0,62.2,2026-04-01
5007,86.7,89.6,2026-04-01
5008,67.7,84.5,2026-04-01
5009,82.9,73.8,2026-04-01
5010,64.6,93.6,2026-04-01
5011,93.6,66.2,2026-04-01
5012,84.6,66.5,2026-04-01
5013,64.1,93.7,2026-04-01
5014,60.5,87.7,2026-04-01
5015,87.1,82.4,2026-04-01
5016,71.1,68.0,2026-04-01
5017,60.7,98.0,2026-04-01
5018,96.4,87.9,2026-04-01
5019,81.8,96.1,2026-04-01
5020,66.9,62.2,2026-04-01
5021,95.0,81.5,2026-04-01
5022,90.0,82.6,2026-04-01
5023,84.7,61.1,2026-04-01
5024,84.0,97.9,2026-04-01
5025,83.6,60.7,2026-04-01
5026,77.9,77.4,2026-04-01
5027,66.8,83.7,2026-04-01
5028,79.1,98.6,2026-04-01
5029,72.4,80.1,2026-04-01
5030,98.8,76.2,2026-04-01
5031,84.4,83.7,2026-04-01
5032,62.8,80.5,2026-04-01
5033,76.7,65.4,2026-04-01
5034,75.6,77.5,2026-04-01
5035,77.8,71.3,2026-04-01
5036,98.5,90.9,2026-04-01
5037,66.7,66.3,2026-04-01
5038,95.7,90.7,2026-04-01
5039,87.3,90.2,2026-04-01
5040,89.3,87.7,2026-04-01
5041,69.3,93.8,2026-04-01
5042,63.0,61.6,2026-04-01
5043,84.2,92.4,2026-04-01
5044,91.6,70.3,2026-04-01
5045,89.0,69.4,2026-04-01
5046,98.2,82.6,2026-04-01
5047,63.3,85.0,2026-04-01
5048,94.9,86.4,2026-04-01
5049,67.5,89.6,2026-04-01
5050,99.5,96.8,2026-04-01
5051,95.1,82.3,2026-04-01
5052,97.4,64.7,2026-04-01
5053,99.0,81.3,2026-04-01
5054,85.0,88.3,2026-04-01
5055,70.3,63.5,2026-04-01
5056,90.8,81.9,2026-04-01
5057,65.8,74.8,2026-04-01
5058,81.8,87.4,2026-04-01
5059,62.5,76.6,2026-04-01
5060,89.8,72.6,2026-04-01
5061,80.8,96.0,2026-04-01
5062,75.3,72.9,2026-04-01
5063,85.7,72.5,2026-04-01
5064,80.0,85.6,2026-04-01
5065,77.2,93.1,2026-04-01
5066,86.3,84.2,2026-04-01
5067,84.8,77.7,2026-04-01
5068,72.6,95.3,2026-04-01
5069,69.5,80.5,2026-04-01
5070,81.0,80.6,2026-04-01
5071,76.9,88.7,2026-04-01
5072,67.4,94.7,2026-04-01
5073,77.0,82.8,2026-04-01
5074,77.5,72.9,2026-04-01
5075,85.5,75.5,2026-04-01
5076,96.5,64.6,2026-04-01
5077,95.5,91.5,2026-04-01
5078,99.4,84.8,2026-04-01
5079,72.4,64.8,2026-04-01
5080,73.6,89.8,2026-04-01
5081,76.7,97.9,2026-04-01
5082,96.9,99.4,2026-04-01
5083,65.7,93.3,2026-04-01
5084,75.4,92.9,2026-04-01
5085,68.9,63.9,2026-04-01
5086,80.9,75.3,2026-04-01
5087,90.5,94.1,2026-04-01
5088,70.4,87.1,2026-04-01
5089,81.2,97.3,2026-04-01
5090,61.5,67.7,2026-04-01
5091,68.9,60.9,2026-04-01
5092,83.5,66.5,2026-04-01
5093,77.7,70.1,2026-04-01
5094,97.6,85.6,2026-04-01
5095,99.0,91.1,2026-04-01
5096,91.1,63.3,2026-04-01
5097,63.8,81.4,2026-04-01
5098,62.9,70.6,2026-04-01
5099,97.1,60.5,2026-04-01
5100,92.2,64.0,2026-04-01
5101,99.4,62.5,2026-04-01
5102,80.1,76.3,2026-04-01
5103,85.4,96.1,2026-04-01
5104,96.4,89.2,2026-04-01
5105,74.8,69.6,2026-04-01
5106,79.9,97.9,2026-04-01
5107,61.5,69.2,2026-04-01
5108,62.7,73.2,2026-04-01
5109,87.1,77.3,2026-04-01
5110,95.7,94.9,2026-04-01
5111,89.0,97.1,2026-04-01
5112,61.8,81.7,2026-04-01
5113,93.1,60.2,2026-04-01
5114,95.2,75.6,2026-04-01
5115,71.4,97.5,2026-04-01
5116,69.6,92.1,2026-04-01
5117,71.6,94.9,2026-04-01
5118,87.6,92.6,2026-04-01
5119,73.8,79.2,2026-04-01
5120,68.4,79.0,2026-04-01
5121,67.0,89.3,2026-04-01
5122,92.5,81.7,2026-04-01
5123,86.5,98.5,2026-04-01
5124,88.3,86.7,2026-04-01
5125,75.3,67.7,2026-04-01
5126,72.1,67.2,2026-04-01
5127,84.4,89.2,2026-04-01
5128,97.4,97.3,2026-04-01
5129,76.7,93.7,2026-04-01
5130,88.9,91.2,2026-04-01
5131,91.3,71.1,2026-04-01
5132,76.5,88.0,2026-04-01
5133,96.1,87.1,2026-04-01
5134,61.8,95.4,2026-04-01
5135,74.1,63.1,2026-04-01
5136,75.3,89.3,2026-04-01
5137,67.2,66.3,2026-04-01
5138,82.1,64.8,2026-04-01
5139,85.4,71.9,2026-04-01
5140,87.2,60.7,2026-04-01
5141,90.6,77.5,2026-04-01
5142,64.1,97.9,2026-04-01
5143,82.7,96.4,2026-04-01
5144,90.1,75.1,2026-04-01
5145,88.7,96.2,2026-04-01
5146,71.7,60.9,2026-04-01
5147,74.9,84.7,2026-04-01
5148,90.9,60.7,2026-04-01
5149,80.1,70.4,2026-04-01
5150,87.7,88.7,2026-04-01
5151,72.6,63.9,2026-04-01
5152,60.6,76.6,2026-04-01
5153,74.7,70.6,2026-04-01
5154,98.9,94.6,2026-04-01
5155,61.2,88.1,2026-04-01
5156,95.7,68.4,2026-04-01
5157,85.5,80.2,2026-04-01
5158,79.9,93.6,2026-04-01
5159,72.3,85.5,2026-04-01
5160,97.5,71.0,2026-04-01
5161,97.0,79.5,2026-04-01
5162,95.9,83.4,2026-04-01
5163,85.2,96.2,2026-04-01
5164,82.4,64.5,2026-04-01
5165,90.7,66.5,2026-04-01
5166,64.9,70.1,2026-04-01
5167,98.9,73.5,2026-04-01
5168,70.8,70.6,2026-04-01
5169,66.3,72.1,2026-04-01
5170,83.8,90.9,2026-04-01
5171,88.4,87.4,2026-04-01
5172,95.8,65.3,2026-04-01
5173,97.2,83.4,2026-04-01
5174,67.8,69.2,2026-04-01
5175,77.0,81.2,2026-04-01
5176,77.1,92.9,2026-04-01
5177,90.7,77.0,2026-04-01
5178,90.4,96.0,2026-04-01
5179,69.6,95.4,2026-04-01
5180,60.6,64.8,2026-04-01
5181,65.8,91.1,2026-04-01
5182,76.1,85.3,2026-04-01
5183,92.3,61.5,2026-04-01
5184,98.1,97.5,2026-04-01
5185,89.3,82.6,2026-04-01
5186,96.0,94.2,2026-04-01
5187,69.6,67.1,2026-04-01
5188,93.0,88.8,2026-04-01
5189,84.6,73.0,2026-04-01
5190,96.5,72.2,2026-04-01
5191,81.7,97.9,2026-04-01
5192,86.5,97.3,2026-04-01
5193,70.6,95.3,2026-04-01
5194,98.7,79.6,2026-04-01
5195,92.4,99.7,2026-04-01
5196,76.7,63.2,2026-04-01
5197,98.8,75.2,2026-04-01
5198,62.9,63.1,2026-04-01
5199,70.7,64.8,2026-04-01
5200,99.1,64.4,2026-04-01
5201,99.8,99.2,2026-04-01
5202,69.0,91.9,2026-04-01
5203,88.7,87.5,2026-04-01
5204,77.2,70.2,2026-04-01
5205,68.1,87.1,2026-04-01
5206,92.7,72.8,2026-04-01
5207,67.0,92.6,2026-04-01
5208,85.8,82.1,2026-04-01
5209,84.3,70.4,2026-04-01
5210,91.5,78.6,2026-04-01
5211,95.7,86.6,2026-04-01
5212,66.7,60.3,2026-04-01
5213,98.8,78.7,2026-04-01
5214,95.6,65.4,2026-04-01
5215,76.4,84.0,2026-04-01
5216,86.3,72.2,2026-04-01
5217,75.7,60.2,2026-04-01
5218,72.8,83.6,2026-04-01
5219,84.5,78.0,2026-04-01
5220,89.3,93.4,2026-04-01
5221,65.6,61.9,2026-04-01
5222,88.1,98.0,2026-04-01
5223,65.1,81.6,2026-04-01
5224,68.6,71.0,2026-04-01
5225,71.4,71.1,2026-04-01
5226,84.6,67.8,2026-04-01
5227,71.1,65.2,2026-04-01
5228,68.0,72.3,2026-04-01
5229,81.2,70.0,2026-04-01
5230,95.2,72.1,2026-04-01
5231,82.9,97.1,2026-04-01
5232,81.0,83.8,2026-04-01
5233,95.9,62.9,2026-04-01
5234,94.4,69.8,2026-04-01
5235,74.5,63.4,2026-04-01
5236,96.5,97.6,2026-04-01
5237,90.0,93.2,2026-04-01
5238,97.8,79.0,2026-04-01
5239,60.1,67.2,2026-04-01
5240,89.0,84.6,2026-04-01
5241,72.6,99.3,2026-04-01
5242,84.5,91.7,2026-04-01
5243,79.2,94.9,2026-04-01
5244,82.7,95.7,2026-04-01
5245,87.5,89.2,2026-04-01
5246,73.2,78.5,2026-04-01
5247,83.2,65.7,2026-04-01
5248,96.1,78.2,2026-04-01
5249,67.3,63.4,2026-04-01
5250,99.2,75.3,2026-04-01
5251,95.7,85.2,2026-04-01
5252,99.7,84.2,2026-04-01
5253,99.5,98.1,2026-04-01
5254,64.3,94.2,2026-04-01
5255,84.9,70.3,2026-04-01
5256,95.3,78.6,2026-04-01
5257,76.6,70.8,2026-04-01
5258,62.2,68.1,2026-04-01
5259,60.1,78.7,2026-04-01
5260,87.0,61.6,2026-04-01
5261,68.4,67.2,2026-04-01
5262,90.2,73.2,2026-04-01
5263,68.3,92.0,2026-04-01
5264,93.6,67.1,2026-04-01
5265,76.2,78.1,2026-04-01
5266,76.3,97.4,2026-04-01
5267,75.8,69.7,2026-04-01
5268,61.8,84.1,2026-04-01
5269,77.1,83.6,2026-04-01
5270,65.7,74.7,2026-04-01
5271,76.0,76.9,2026-04-01
5272,91.1,60.8,2026-04-01
5273,61.1,94.0,2026-04-01
5274,61.4,83.5,2026-04-01
5275,93.5,76.3,2026-04-01
5276,86.6,68.5,2026-04-01
5277,71.1,90.2,2026-04-01
5278,63.0,65.4,2026-04-01
5279,60.2,78.8,2026-04-01
5280,96.8,72.8,2026-04-01
5281,71.8,95.6,2026-04-01
5282,65.3,60.1,2026-04-01
5283,80.7,61.7,2026-04-01
5284,63.5,92.5,2026-04-01
5285,94.1,75.4,2026-04-01
5286,97.4,66.0,2026-04-01
5287,83.6,81.1,2026-04-01
5288,66.0,90.7,2026-04-01
5289,86.3,73.1,2026-04-01
5290,99.4,74.6,2026-04-01
5291,85.7,77.5,2026-04-01
5292,90.6,90.0,2026-04-01
5293,74.9,74.0,2026-04-01
5294,77.9,80.3,2026-04-01
5295,61.2,81.5,2026-04-01
5296,76.5,77.2,2026-04-01
5297,89.9,71.9,2026-04-01
5298,86.0,86.7,2026-04-01
5299,74.7,73.8,2026-04-01
5300,98.0,79.2,2026-04-01
5301,88.9,70.3,2026-04-01
5302,77.8,75.5,2026-04-01
5303,96.7,96.9,2026-04-01
5304,72.5,84.7,2026-04-01
5305,98.6,68.5,2026-04-01
5306,72.6,88.4,2026-04-01
5307,76.5,80.4,2026-04-01
5308,92.1,97.1,2026-04-01
5309,83.8,74.5,2026-04-01
5310,74.1,84.2,2026-04-01
5311,92.2,61.8,2026-04-01
5312,69.4,63.2,2026-04-01
5313,77.6,78.9,2026-04-01
5314,95.3,77.0,2026-04-01
5315,93.9,61.9,2026-04-01
5316,61.3,87.0,2026-04-01
5317,74.0,63.4,2026-04-01
5318,98.1,68.1,2026-04-01
5319,99.7,76.1,2026-04-01
5320,80.0,86.9,2026-04-01
5321,72.5,81.3,2026-04-01
5322,74.8,69.3,2026-04-01
5323,64.6,77.6,2026-04-01
5324,87.2,95.7,2026-04-01
5325,99.9,61.3,2026-04-01
5326,80.9,85.5,2026-04-01
5327,83.0,68.8,2026-04-01
5328,85.9,99.2,2026-04-01
5329,99.3,75.2,2026-04-01
5330,84.7,86.3,2026-04-01
5331,78.0,71.1,2026-04-01
5332,82.6,83.5,2026-04-01
5333,96.2,87.1,2026-04-01
5334,92.3,79.0,2026-04-01
5335,81.4,69.9,2026-04-01
5336,83.8,79.2,2026-04-01
5337,91.9,80.1,2026-04-01
5338,61.8,97.7,2026-04-01
5339,77.7,63.7,2026-04-01
5340,79.3,79.2,2026-04-01
5341,88.1,75.0,2026-04-01
5342,73.5,64.1,2026-04-01
5343,98.2,99.3,2026-04-01
5344,89.9,60.0,2026-04-01
5345,69.9,64.4,2026-04-01
5346,83.7,63.2,2026-04-01
5347,81.4,76.5,2026-04-01
5348,77.2,85.3,2026-04-01
5349,78.3,81.7,2026-04-01
5350,92.5,74.5,2026-04-01
5351,80.8,77.2,2026-04-01
5352,83.1,93.4,2026-04-01
5353,67.0,79.7,2026-04-01
5354,69.6,83.2,2026-04-01
5355,81.9,74.3,2026-04-01
5356,86.6,82.7,2026-04-01
5357,73.3,90.1,2026-04-01
5358,95.0,84.7,2026-04-01
5359,69.3,62.7,2026-04-01
5360,95.9,66.0,2026-04-01
5361,76.4,92.6,2026-04-01
5362,63.5,94.9,2026-04-01
5363,76.7,62.5,2026-04-01
5364,94.5,72.8,2026-04-01
5365,95.0,88.7,2026-04-01
5366,84.5,84.9,2026-04-01
5367,69.6,76.2,2026-04-01
5368,80.4,86.8,2026-04-01
5369,87.5,83.1,2026-04-01
5370,72.3,75.3,2026-04-01
5371,80.6,70.5,2026-04-01
5372,95.5,77.3,2026-04-01
5373,61.4,80.9,2026-04-01
5374,74.2,87.0,2026-04-01
5375,90.7,92.9,2026-04-01
5376,96.1,73.9,2026-04-01
5377,82.0,64.2,2026-04-01
5378,92.2,69.2,2026-04-01
5379,98.4,65.1,2026-04-01
5380,99.5,71.8,2026-04-01
5381,92.2,63.7,2026-04-01
5382,90.0,77.7,2026-04-01
5383,83.0,80.5,2026-04-01
5384,92.0,71.3,2026-04-01
5385,72.0,82.9,2026-04-01
5386,88.5,99.3,2026-04-01
5387,88.7,82.9,2026-04-01
5388,98.7,65.3,2026-04-01
5389,90.1,80.4,2026-04-01
5390,95.9,83.7,2026-04-01
5391,70.5,76.5,2026-04-01
5392,99.1,75.7,2026-04-01
5393,88.1,88.6,2026-04-01
5394,63.3,80.0,2026-04-01
5395,70.0,95.7,2026-04-01
5396,60.5,94.9,2026-04-01
5397,79.6,71.7,2026-04-01
5398,66.1,69.9,2026-04-01
5399,81.4,65.5,2026-04-01
5400,84.2,73.8,2026-04-01
5401,69.7,75.7,2026-04-01
5402,76.1,85.7,2026-04-01
5403,60.4,74.1,2026-04-01
5404,92.0,65.0,2026-04-01
5405,77.1,91.8,2026-04-01
5406,72.3,76.9,2026-04-01
5407,88.8,76.2,2026-04-01
5408,72.2,77.7,2026-04-01
5409,67.8,61.1,2026-04-01
5410,95.9,76.7,2026-04-01
5411,81.0,63.4,2026-04-01
5412,88.1,70.9,2026-04-01
5413,84.9,65.2,2026-04-01
5414,74.5,78.0,2026-04-01
5415,88.8,70.5,2026-04-01
5416,61.3,92.9,2026-04-01
5417,89.7,76.7,2026-04-01
5418,80.2,80.9,2026-04-01
5419,96.7,83.1,2026-04-01
5420,84.7,66.5,2026-04-01
5421,85.5,87.5,2026-04-01
5422,96.6,64.3,2026-04-01
5423,99.6,85.9,2026-04-01
5424,99.4,94.5,2026-04-01
5425,60.2,91.2,2026-04-01
5426,73.3,72.7,2026-04-01
5427,84.6,70.5,2026-04-01
5428,97.1,76.3,2026-04-01
5429,80.3,69.3,2026-04-01
5430,88.3,93.0,2026-04-01
5431,97.0,99.4,2026-04-01
5432,87.2,66.1,2026-04-01
5433,74.1,87.1,2026-04-01
5434,94.2,94.8,2026-04-01
5435,60.9,98.8,2026-04-01
5436,70.9,76.2,2026-04-01
5437,89.7,65.5,2026-04-01
5438,64.8,68.6,2026-04-01
5439,85.3,90.5,2026-04-01
5440,84.1,75.5,2026-04-01
5441,78.4,80.6,2026-04-01
5442,99.4,66.6,2026-04-01
5443,67.2,73.9,2026-04-01
5444,72.2,87.1,2026-04-01
5445,85.8,64.5,2026-04-01
5446,73.3,69.6,2026-04-01
5447,89.2,64.2,2026-04-01
5448,60.5,98.9,2026-04-01
5449,80.6,86.4,2026-04-01
5450,71.0,96.5,2026-04-01
5451,93.5,67.6,2026-04-01
5452,79.3,69.8,2026-04-01
5453,92.8,70.2,2026-04-01
5454,77.8,90.7,2026-04-01
5455,87.5,88.9,2026-04-01
5456,89.1,74.6,2026-04-01
5457,90.5,66.8,2026-04-01
5458,99.1,85.1,2026-04-01
5459,60.3,65.8,2026-04-01
5460,95.4,88.4,2026-04-01
5461,80.7,86.9,2026-04-01
5462,94.0,69.6,2026-04-01
5463,92.3,91.1,2026-04-01
5464,99.0,76.4,2026-04-01
5465,84.5,80.9,2026-04-01
5466,74.9,98.7,2026-04-01
5467,75.9,66.3,2026-04-01
5468,62.9,73.2,2026-04-01
5469,61.1,63.0,2026-04-01
5470,79.0,94.5,2026-04-01
5471,91.3,99.5,2026-04-01
5472,73.4,65.8,2026-04-01
5473,80.6,88.1,2026-04-01
5474,89.9,67.6,2026-04-01
5475,92.2,72.4,2026-04-01
5476,85.3,96.3,2026-04-01
5477,94.2,79.2,2026-04-01
5478,96.6,98.4,2026-04-01
5479,98.1,85.3,2026-04-01
5480,77.1,99.3,2026-04-01
5481,81.2,95.9,2026-04-01
5482,70.6,83.2,2026-04-01
5483,77.2,88.5,2026-04-01
5484,70.2,83.7,2026-04-01
5485,90.7,70.0,2026-04-01
5486,62.4,80.4,2026-04-01
5487,62.7,67.9,2026-04-01
5488,64.6,86.1,2026-04-01
5489,79.8,74.4,2026-04-01
5490,74.2,80.9,2026-04-01
5491,84.7,95.9,2026-04-01
5492,92.0,86.0,2026-04-01
5493,64.8,85.5,2026-04-01
5494,82.4,64.3,2026-04-01
5495,68.8,77.4,2026-04-01
5496,94.9,98.7,2026-04-01
5497,75.6,74.7,2026-04-01
5498,70.9,84.6,2026-04-01
5499,60.6,80.6,2026-04-01
5500,97.9,82.8,2026-04-01
5501,97.3,99.3,2026-04-01
5502,74.3,89.8,2026-04-01
5503,68.6,74.7,2026-04-01
5504,71.9,67.3,2026-04-01
5505,97.8,98.5,2026-04-01
5506,69.1,79.6,2026-04-01
5507,72.3,72.8,2026-04-01
5508,61.3,78.5,2026-04-01
5509,60.5,85.0,2026-04-01
5510,99.8,65.7,2026-04-01
5511,85.1,86.5,2026-04-01
5512,65.1,66.3,2026-04-01
5513,81.9,92.9,2026-04-01
5514,71.3,76.9,2026-04-01
5515,84.5,83.4,2026-04-01
5516,61.3,86.1,2026-04-01
5517,87.6,93.0,2026-04-01
5518,95.8,66.4,2026-04-01
5519,97.3,90.7,2026-04-01
5520,77.6,97.1,2026-04-01
5521,74.5,96.5,2026-04-01
5522,97.8,76.5,2026-04-01
5523,63.4,60.6,2026-04-01
5524,70.2,84.8,2026-04-01
5525,60.3,76.4,2026-04-01
5526,98.5,81.8,2026-04-01
5527,84.1,79.4,2026-04-01
5528,64.4,95.3,2026-04-01
5529,91.5,77.8,2026-04-01
5530,87.0,92.3,2026-04-01
5531,91.3,82.4,2026-04-01
5532,60.6,99.3,2026-04-01
5533,75.4,79.4,2026-04-01
5534,67.1,84.7,2026-04-01
5535,88.9,60.1,2026-04-01
5536,92.7,99.4,2026-04-01
5537,80.1,69.0,2026-04-01
5538,91.9,74.8,2026-04-01
5539,61.4,72.1,2026-04-01
5540,63.2,77.7,2026-04-01
5541,80.3,61.7,2026-04-01
5542,62.9,61.3,2026-04-01
5543,81.0,96.4,2026-04-01
5544,98.5,76.8,2026-04-01
5545,72.1,77.7,2026-04-01
5546,63.8,62.0,2026-04-01
5547,77.4,60.8,2026-04-01
5548,62.1,96.8,2026-04-01
5549,94.3,74.6,2026-04-01
5550,85.5,73.7,2026-04-01
5551,75.8,92.3,2026-04-01
5552,90.2,68.3,2026-04-01
5553,73.1,60.3,2026-04-01
5554,60.6,62.9,2026-04-01
5555,81.9,95.8,2026-04-01
5556,94.2,95.8,2026-04-01
5557,63.3,85.6,2026-04-01
5558,86.5,76.9,2026-04-01
5559,99.6,81.0,2026-04-01
5560,63.7,68.4,2026-04-01
5561,92.4,62.4,2026-04-01
5562,64.8,74.6,2026-04-01
5563,61.5,95.3,2026-04-01
5564,93.6,84.2,2026-04-01
5565,62.7,83.0,2026-04-01
5566,97.0,89.8,2026-04-01
5567,78.5,62.3,2026-04-01
5568,91.2,82.5,2026-04-01
5569,82.2,66.8,2026-04-01
5570,91.5,63.6,2026-04-01
5571,84.9,96.7,2026-04-01
5572,78.7,85.5,2026-04-01
5573,65.1,81.3,2026-04-01
5574,80.5,71.9,2026-04-01
5575,67.1,97.6,2026-04-01
5576,68.1,88.3,2026-04-01
5577,89.7,92.9,2026-04-01
5578,94.9,76.9,2026-04-01
5579,64.8,79.4,2026-04-01
5580,89.2,78.1,2026-04-01
5581,92.3,79.5,2026-04-01
5582,78.9,81.9,2026-04-01
5583,87.2,69.6,2026-04-01
5584,67.1,81.5,2026-04-01
5585,65.4,82.3,2026-04-01
5586,92.3,71.5,2026-04-01
5587,76.7,92.2,2026-04-01
5588,87.4,93.0,2026-04-01
5589,86.9,95.9,2026-04-01
5590,72.7,77.2,2026-04-01
5591,76.2,90.3,2026-04-01
5592,66.3,67.3,2026-04-01
5593,64.7,86.9,2026-04-01
5594,89.4,84.0,2026-04-01
5595,91.8,71.5,2026-04-01
5596,97.1,74.1,2026-04-01
5597,85.5,70.2,2026-04-01
5598,87.7,97.3,2026-04-01
5599,63.3,91.7,2026-04-01
5600,62.5,71.6,2026-04-01
5601,73.9,62.4,2026-04-01
5602,85.0,93.1,2026-04-01
5603,62.1,67.9,2026-04-01
5604,73.0,77.0,2026-04-01
5605,86.8,90.8,2026-04-01
5606,99.7,88.7,2026-04-01
5607,69.5,89.0,2026-04-01
5608,89.4,63.8,2026-04-01
5609,89.0,99.0,2026-04-01
5610,98.4,92.5,2026-04-01
5611,83.4,71.8,2026-04-01
5612,61.9,97.5,2026-04-01
5613,77.5,86.1,2026-04-01
5614,97.8,96.7,2026-04-01
5615,98.6,66.7,2026-04-01
5616,92.3,63.4,2026-04-01
5617,76.3,61.9,2026-04-01
5618,96.8,71.6,2026-04-01
5619,76.3,85.1,2026-04-01
5620,93.0,68.4,2026-04-01
5621,77.4,92.8,2026-04-01
5622,99.7,92.9,2026-04-01
5623,60.4,76.9,2026-04-01
5624,96.1,65.1,2026-04-01
5625,70.8,66.0,2026-04-01
5626,63.6,68.5,2026-04-01
5627,97.2,63.5,2026-04-01
5628,65.3,89.8,2026-04-01
5629,79.5,68.3,2026-04-01
5630,76.1,92.7,2026-04-01
5631,74.2,89.1,2026-04-01
5632,76.2,67.1,2026-04-01
5633,73.8,64.2,2026-04-01
5634,60.4,64.1,2026-04-01
5635,82.1,66.8,2026-04-01
5636,68.5,82.5,2026-04-01
5637,97.7,85.0,2026-04-01
5638,76.0,77.4,2026-04-01
5639,92.7,99.4,2026-04-01
5640,93.5,60.5,2026-04-01
5641,73.5,99.2,2026-04-01
5642,70.1,82.1,2026-04-01
5643,73.8,95.8,2026-04-01
5644,92.2,95.4,2026-04-01
5645,61.4,69.1,2026-04-01
5646,85.1,67.8,2026-04-01
5647,92.8,70.4,2026-04-01
5648,98.0,76.6,2026-04-01
5649,75.0,75.4,2026-04-01
5650,70.7,78.0,2026-04-01
5651,66.7,98.5,2026-04-01
5652,76.9,62.5,2026-04-01
5653,96.4,85.2,2026-04-01
5654,73.4,79.4,2026-04-01
5655,96.4,62.9,2026-04-01
5656,66.0,78.7,2026-04-01
5657,65.7,76.1,2026-04-01
5658,77.8,98.4,2026-04-01
5659,60.3,84.0,2026-04-01
5660,66.7,62.2,2026-04-01
5661,72.6,91.6,2026-04-01
5662,82.5,64.3,2026-04-01
5663,62.9,86.4,2026-04-01
5664,60.3,73.0,2026-04-01
5665,70.9,80.2,2026-04-01
5666,80.6,98.6,2026-04-01
5667,73.1,91.9,2026-04-01
5668,61.1,93.7,2026-04-01
5669,94.1,71.6,2026-04-01
5670,63.7,72.5,2026-04-01
5671,87.7,83.8,2026-04-01
5672,95.1,88.8,2026-04-01
5673,76.9,75.1,2026-04-01
5674,65.2,65.7,2026-04-01
5675,75.5,85.9,2026-04-01
5676,99.1,75.9,2026-04-01
5677,84.2,74.2,2026-04-01
5678,92.6,63.9,2026-04-01
5679,80.1,92.7,2026-04-01
5680,83.4,91.3,2026-04-01
5681,72.0,60.5,2026-04-01
5682,70.5,73.9,2026-04-01
5683,86.2,74.1,2026-04-01
5684,82.2,76.7,2026-04-01
5685,71.5,62.5,2026-04-01
5686,69.4,67.3,2026-04-01
5687,97.1,90.4,2026-04-01
5688,67.3,63.8,2026-04-01
5689,66.4,83.9,2026-04-01
5690,88.1,89.0,2026-04-01
5691,66.2,69.3,2026-04-01
5692,72.6,95.7,2026-04-01
5693,81.5,92.9,2026-04-01
5694,62.7,68.0,2026-04-01
5695,92.5,77.0,2026-04-01
5696,88.6,64.2,2026-04-01
5697,80.3,79.5,2026-04-01
5698,62.7,88.6,2026-04-01
5699,99.0,68.5,2026-04-01
5700,90.1,96.1,2026-04-01
5701,95.3,91.5,2026-04-01
5702,64.8,86.8,2026-04-01
5703,92.3,60.2,2026-04-01
5704,83.5,96.1,2026-04-01
5705,72.0,91.6,2026-04-01
5706,78.0,75.6,2026-04-01
5707,87.9,93.9,2026-04-01
5708,98.7,60.2,2026-04-01
5709,72.7,74.9,2026-04-01
5710,80.3,87.0,2026-04-01
5711,70.5,60.2,2026-04-01
5712,62.8,87.1,2026-04-01
5713,88.6,90.4,2026-04-01
5714,78.8,83.9,2026-04-01
5715,65.3,73.0,2026-04-01
5716,70.9,61.5,2026-04-01
5717,88.0,84.1,2026-04-01
5718,99.8,62.4,2026-04-01
5719,77.0,85.8,2026-04-01
5720,91.2,98.2,2026-04-01
5721,69.8,79.4,2026-04-01
5722,89.7,69.4,2026-04-01
5723,86.0,86.9,2026-04-01
5724,65.9,71.0,2026-04-01
5725,84.1,76.2,2026-04-01
5726,89.4,88.4,2026-04-01
5727,81.0,75.7,2026-04-01
5728,94.0,87.1,2026-04-01
5729,65.7,79.2,2026-04-01
5730,81.3,70.2,2026-04-01
5731,79.3,98.2,2026-04-01
5732,70.1,98.1,2026-04-01
5733,62.3,66.5,2026-04-01
5734,92.2,91.6,2026-04-01
5735,63.9,66.9,2026-04-01
5736,86.2,91.9,2026-04-01
5737,76.6,70.5,2026-04-01
5738,96.3,89.4,2026-04-01
5739,72.5,95.0,2026-04-01
5740,82.6,95.2,2026-04-01
5741,63.5,78.5,2026-04-01
5742,78.2,89.0,2026-04-01
5743,93.4,73.6,2026-04-01
5744,82.2,93.2,2026-04-01
5745,68.1,60.4,2026-04-01
5746,86.2,68.7,2026-04-01
5747,92.0,92.2,2026-04-01
5748,66.5,95.4,2026-04-01
5749,93.1,61.2,2026-04-01
5750,72.8,81.5,2026-04-01
5751,69.7,87.8,2026-04-01
5752,74.6,90.8,2026-04-01
5753,67.3,78.5,2026-04-01
5754,81.0,80.4,2026-04-01
5755,64.6,63.3,2026-04-01
5756,99.5,69.8,2026-04-01
5757,66.6,68.5,2026-04-01
5758,87.9,75.4,2026-04-01
5759,80.0,71.1,2026-04-01
5760,98.7,77.6,2026-04-01
5761,85.1,87.7,2026-04-01
5762,70.6,86.4,2026-04-01
5763,96.1,88.8,2026-04-01
5764,71.2,65.0,2026-04-01
5765,79.2,97.5,2026-04-01
5766,77.3,72.1,2026-04-01
5767,90.9,63.0,2026-04-01
5768,66.9,67.6,2026-04-01
5769,85.2,68.3,2026-04-01
5770,67.5,87.9,2026-04-01
5771,85.1,98.1,2026-04-01
5772,76.2,86.5,2026-04-01
5773,60.5,87.5,2026-04-01
5774,65.3,93.5,2026-04-01
5775,98.9,70.6,2026-04-01
5776,67.1,83.1,2026-04-01
5777,96.7,67.3,2026-04-01
5778,93.2,87.9,2026-04-01
5779,95.4,79.9,2026-04-01
5780,83.6,88.6,2026-04-01
5781,78.0,98.1,2026-04-01
5782,62.5,96.5,2026-04-01
5783,63.3,85.3,2026-04-01
5784,85.3,84.8,2026-04-01
5785,98.4,78.6,2026-04-01
5786,95.4,81.8,2026-04-01
5787,94.6,91.1,2026-04-01
5788,75.3,97.6,2026-04-01
5789,69.3,92.9,2026-04-01
5790,73.0,75.2,2026-04-01
5791,74.1,76.5,2026-04-01
5792,78.7,62.8,2026-04-01
5793,81.1,71.6,2026-04-01
5794,61.8,63.7,2026-04-01
5795,91.2,76.1,2026-04-01
5796,66.4,81.0,2026-04-01
5797,80.0,60.7,2026-04-01
5798,99.8,69.3,2026-04-01
5799,71.3,99.5,2026-04-01
5800,84.6,68.6,2026-04-01
5801,72.5,83.1,2026-04-01
5802,87.1,81.7,2026-04-01
5803,91.4,82.3,2026-04-01
5804,80.5,78.6,2026-04-01
5805,86.4,66.7,2026-04-01
5806,94.0,98.5,2026-04-01
5807,65.9,66.1,2026-04-01
5808,90.6,69.0,2026-04-01
5809,62.7,74.0,2026-04-01
5810,82.0,77.7,2026-04-01
5811,84.4,91.0,2026-04-01
5812,69.3,74.5,2026-04-01
5813,93.5,98.3,2026-04-01
5814,64.5,77.5,2026-04-01
5815,85.2,63.4,2026-04-01
5816,60.5,93.3,2026-04-01
5817,81.8,72.8,2026-04-01
5818,68.4,68.2,2026-04-01
5819,66.2,72.6,2026-04-01
5820,95.6,77.6,2026-04-01
5821,87.1,69.2,2026-04-01
5822,62.8,73.3,2026-04-01
5823,73.8,64.8,2026-04-01
5824,91.7,91.5,2026-04-01
5825,61.2,85.1,2026-04-01
5826,74.4,73.2,2026-04-01
5827,71.3,89.7,2026-04-01
5828,98.4,65.1,2026-04-01
5829,70.0,61.1,2026-04-01
5830,82.6,66.0,2026-04-01
5831,86.1,84.0,2026-04-01
5832,63.0,79.2,2026-04-01
5833,82.3,85.5,2026-04-01
5834,97.7,72.8,2026-04-01
5835,61.1,85.1,2026-04-01
5836,60.3,74.3,2026-04-01
5837,79.2,87.8,2026-04-01
5838,96.5,74.9,2026-04-01
5839,85.6,87.6,2026-04-01
5840,77.6,98.3,2026-04-01
5841,61.9,75.6,2026-04-01
5842,72.6,89.8,2026-04-01
5843,90.7,90.9,2026-04-01
5844,91.1,82.2,2026-04-01
5845,91.0,89.6,2026-04-01
5846,68.9,62.9,2026-04-01
5847,84.6,67.5,2026-04-01
5848,87.0,81.9,2026-04-01
5849,93.3,72.7,2026-04-01
5850,74.2,65.9,2026-04-01
5851,70.0,75.6,2026-04-01
5852,98.6,98.2,2026-04-01
5853,66.9,95.0,2026-04-01
5854,78.2,93.9,2026-04-01
5855,72.1,82.3,2026-04-01
5856,72.8,95.4,2026-04-01
5857,91.0,77.9,2026-04-01
5858,61.0,78.9,2026-04-01
5859,92.7,89.1,2026-04-01
5860,67.6,60.3,2026-04-01
5861,78.0,64.0,2026-04-01
5862,60.3,65.7,2026-04-01
5863,64.8,92.4,2026-04-01
5864,82.4,66.9,2026-04-01
5865,60.7,95.0,2026-04-01
5866,82.4,82.9,2026-04-01
5867,64.5,99.7,2026-04-01
5868,90.9,84.9,2026-04-01
5869,97.4,90.2,2026-04-01
5870,67.4,87.3,2026-04-01
5871,70.4,63.1,2026-04-01
5872,88.4,96.2,2026-04-01
5873,83.5,68.7,2026-04-01
5874,94.8,81.0,2026-04-01
5875,63.6,96.6,2026-04-01
5876,83.4,88.3,2026-04-01
5877,76.8,94.5,2026-04-01
5878,77.9,69.6,2026-04-01
5879,74.7,74.8,2026-04-01
5880,85.2,94.0,2026-04-01
5881,89.2,94.9,2026-04-01
5882,67.4,86.0,2026-04-01
5883,73.2,73.1,2026-04-01
5884,84.9,88.5,2026-04-01
5885,71.2,97.9,2026-04-01
5886,85.3,94.5,2026-04-01
5887,65.8,78.8,2026-04-01
5888,81.8,79.9,2026-04-01
5889,92.6,71.8,2026-04-01
5890,83.7,92.8,2026-04-01
5891,85.6,90.4,2026-04-01
5892,83.1,81.1,2026-04-01
5893,76.6,65.2,2026-04-01
5894,75.0,78.2,2026-04-01
5895,78.8,98.5,2026-04-01
5896,98.0,82.5,2026-04-01
5897,83.2,99.8,2026-04-01
5898,78.1,71.7,2026-04-01
5899,99.0,83.1,2026-04-01
5900,71.8,72.0,2026-04-01
5901,64.5,83.6,2026-04-01
5902,89.7,97.7,2026-04-01
5903,71.3,61.2,2026-04-01
5904,90.2,95.8,2026-04-01
5905,80.6,85.4,2026-04-01
5906,60.7,84.8,2026-04-01
5907,81.4,63.5,2026-04-01
5908,61.8,66.4,2026-04-01
5909,77.8,64.6,2026-04-01
5910,97.2,69.4,2026-04-01
5911,61.0,87.0,2026-04-01
5912,97.2,75.0,2026-04-01
5913,78.8,78.1,2026-04-01
5914,97.5,78.5,2026-04-01
5915,94.0,83.7,2026-04-01
5916,98.6,98.8,2026-04-01
5917,82.6,68.3,2026-04-01
5918,73.7,69.4,2026-04-01
5919,81.5,86.9,2026-04-01
5920,78.0,94.1,2026-04-01
5921,87.2,92.2,2026-04-01
5922,86.6,97.1,2026-04-01
5923,72.8,78.2,2026-04-01
5924,78.9,81.8,2026-04-01
5925,75.4,69.4,2026-04-01
5926,83.5,80.0,2026-04-01
5927,88.4,88.0,2026-04-01
5928,67.2,98.7,2026-04-01
5929,88.8,65.3,2026-04-01
5930,86.9,61.5,2026-04-01
5931,85.6,81.1,2026-04-01
5932,81.4,78.3,2026-04-01
5933,94.2,94.5,2026-04-01
5934,65.5,67.3,2026-04-01
5935,69.1,85.1,2026-04-01
5936,88.4,67.8,2026-04-01
5937,85.4,66.4,2026-04-01
5938,62.1,82.8,2026-04-01
5939,64.6,87.7,2026-04-01
5940,78.2,71.9,2026-04-01
5941,63.5,67.0,2026-04-01
5942,71.3,75.5,2026-04-01
5943,79.4,73.3,2026-04-01
5944,90.1,64.8,2026-04-01
5945,76.1,69.5,2026-04-01
5946,67.3,75.5,2026-04-01
5947,98.5,90.8,2026-04-01
5948,91.7,80.6,2026-04-01
5949,69.5,68.5,2026-04-01
5950,74.1,86.6,2026-04-01
5951,95.0,83.2,2026-04-01
5952,84.5,82.6,2026-04-01
5953,72.3,64.8,2026-04-01
5954,81.0,75.9,2026-04-01
5955,83.6,81.4,2026-04-01
5956,69.8,62.0,2026-04-01
5957,95.8,88.3,2026-04-01
5958,74.7,90.9,2026-04-01
5959,74.2,62.9,2026-04-01
5960,84.9,76.6,2026-04-01
5961,65.1,91.2,2026-04-01
5962,96.9,93.2,2026-04-01
5963,92.4,88.2,2026-04-01
5964,79.1,71.3,2026-04-01
5965,66.5,64.6,2026-04-01
5966,73.7,80.8,2026-04-01
5967,61.8,61.7,2026-04-01
5968,99.9,72.5,2026-04-01
5969,96.9,69.7,2026-04-01
5970,85.7,69.1,2026-04-01
5971,77.9,76.9,2026-04-01
5972,85.5,64.4,2026-04-01
5973,69.0,92.4,2026-04-01
5974,87.8,76.5,2026-04-01
5975,62.4,79.3,2026-04-01
5976,87.3,60.9,2026-04-01
5977,79.4,94.1,2026-04-01
5978,96.2,68.7,2026-04-01
5979,77.7,66.2,2026-04-01
5980,78.0,70.5,2026-04-01
5981,78.0,66.5,2026-04-01
5982,64.7,71.8,2026-04-01
5983,95.0,77.2,2026-04-01
5984,74.2,90.2,2026-04-01
5985,96.1,80.2,2026-04-01
5986,90.6,60.0,2026-04-01
5987,96.7,82.2,2026-04-01
5988,65.9,70.7,2026-04-01
5989,99.9,60.8,2026-04-01
5990,73.0,62.5,2026-04-01
5991,94.2,75.5,2026-04-01
5992,79.9,98.4,2026-04-01
5993,66.8,74.8,2026-04-01
5994,89.5,80.2,2026-04-01
5995,64.3,94.0,2026-04-01
5996,75.0,81.0,2026-04-01
5997,91.9,83.9,2026-04-01
5998,90.6,98.0,2026-04-01
5999,87.5,82.7,2026-04-01
6000,78.1,62.7,2026-04-01
6001,83.9,65.0,2026-04-01
6002,85.2,96.0,2026-04-01
6003,61.8,91.5,2026-04-01
6004,78.0,96.7,2026-04-01
6005,66.0,99.5,2026-04-01
6006,81.3,67.7,2026-04-01
6007,60.2,98.1,2026-04-01
6008,66.0,83.4,2026-04-01
6009,94.9,96.7,2026-04-01
6010,62.3,73.1,2026-04-01
6011,83.2,60.1,2026-04-01
6012,83.6,67.0,2026-04-01
6013,64.2,67.8,2026-04-01
6014,96.0,77.1,2026-04-01
6015,63.7,86.6,2026-04-01
6016,90.4,85.9,2026-04-01
6017,75.6,66.3,2026-04-01
6018,92.2,83.1,2026-04-01
6019,98.9,71.7,2026-04-01
6020,92.7,64.9,2026-04-01
6021,65.7,66.3,2026-04-01
6022,72.2,61.6,2026-04-01
6023,64.1,85.3,2026-04-01
6024,80.6,98.0,2026-04-01
6025,64.2,80.7,2026-04-01
6026,60.4,67.4,2026-04-01
6027,79.1,94.0,2026-04-01
6028,82.8,65.9,2026-04-01
6029,77.7,97.3,2026-04-01
6030,82.6,80.8,2026-04-01
6031,63.6,85.7,2026-04-01
6032,82.7,77.7,2026-04-01
6033,64.7,64.8,2026-04-01
6034,65.7,67.3,2026-04-01
6035,94.7,82.8,2026-04-01
6036,73.5,82.8,2026-04-01
6037,66.9,67.3,2026-04-01
6038,94.1,81.4,2026-04-01
6039,68.5,67.7,2026-04-01
6040,60.2,94.2,2026-04-01
6041,77.0,83.3,2026-04-01
6042,61.8,81.2,2026-04-01
6043,78.8,76.6,2026-04-01
6044,75.7,68.0,2026-04-01
6045,98.2,89.1,2026-04-01
6046,77.4,74.4,2026-04-01
6047,85.6,65.4,2026-04-01
6048,80.9,73.5,2026-04-01
6049,65.7,66.3,2026-04-01
6050,82.3,79.0,2026-04-01
6051,91.2,66.7,2026-04-01
6052,98.5,60.2,2026-04-01
6053,92.6,65.7,2026-04-01
6054,99.0,86.2,2026-04-01
6055,88.3,72.1,2026-04-01
6056,68.9,74.5,2026-04-01
6057,96.2,94.7,2026-04-01
6058,61.9,81.2,2026-04-01
6059,99.2,87.5,2026-04-01
6060,75.8,87.7,2026-04-01
6061,91.2,82.4,2026-04-01
6062,97.5,71.1,2026-04-01
6063,91.8,62.5,2026-04-01
6064,85.5,95.4,2026-04-01
6065,60.6,91.7,2026-04-01
6066,71.4,67.9,2026-04-01
6067,87.2,65.1,2026-04-01
6068,84.1,98.3,2026-04-01
6069,67.2,77.2,2026-04-01
6070,87.8,90.8,2026-04-01
6071,82.5,94.6,2026-04-01
6072,67.8,66.2,2026-04-01
6073,89.2,82.5,2026-04-01
6074,92.4,98.1,2026-04-01
6075,64.7,77.4,2026-04-01
6076,72.3,82.4,2026-04-01
6077,68.0,79.4,2026-04-01
6078,92.9,81.9,2026-04-01
6079,75.1,82.3,2026-04-01
6080,81.8,60.7,2026-04-01
6081,70.9,73.8,2026-04-01
6082,90.6,72.0,2026-04-01
6083,77.5,85.3,2026-04-01
6084,87.0,96.2,2026-04-01
6085,94.7,93.7,2026-04-01
6086,95.9,76.6,2026-04-01
6087,65.9,78.1,2026-04-01
6088,74.4,71.7,2026-04-01
6089,71.9,79.4,2026-04-01
6090,88.8,78.4,2026-04-01
6091,93.5,97.0,2026-04-01
6092,65.9,90.5,2026-04-01
6093,87.6,76.2,2026-04-01
6094,79.9,67.1,2026-04-01
6095,69.6,86.5,2026-04-01
6096,64.2,99.0,2026-04-01
6097,87.0,66.2,2026-04-01
6098,95.9,69.7,2026-04-01
6099,61.2,67.0,2026-04-01
6100,63.3,73.2,2026-04-01
6101,69.7,82.9,2026-04-01
6102,63.0,94.0,2026-04-01
6103,87.9,61.8,2026-04-01
6104,68.5,70.4,2026-04-01
6105,63.5,85.0,2026-04-01
6106,89.1,96.3,2026-04-01
6107,87.8,61.8,2026-04-01
6108,92.7,61.9,2026-04-01
6109,62.0,93.7,2026-04-01
6110,73.6,68.0,2026-04-01
6111,75.9,85.0,2026-04-01
6112,79.9,92.1,2026-04-01
6113,80.2,70.3,2026-04-01
6114,90.9,76.6,2026-04-01
6115,85.4,71.2,2026-04-01
6116,93.3,69.2,2026-04-01
6117,89.9,76.5,2026-04-01
6118,74.0,64.1,2026-04-01
6119,82.6,88.1,2026-04-01
6120,82.1,78.1,2026-04-01
6121,83.8,79.8,2026-04-01
6122,79.1,99.6,2026-04-01
6123,72.0,62.1,2026-04-01
6124,65.4,78.5,2026-04-01
6125,72.2,80.6,2026-04-01
6126,72.2,87.1,2026-04-01
6127,64.1,71.8,2026-04-01
6128,65.1,83.1,2026-04-01
6129,99.8,78.4,2026-04-01
6130,63.3,95.6,2026-04-01
6131,79.6,62.7,2026-04-01
6132,80.9,64.3,2026-04-01
6133,86.2,76.6,2026-04-01
6134,63.6,70.3,2026-04-01
6135,68.7,68.9,2026-04-01
6136,90.2,72.9,2026-04-01
6137,78.4,85.5,2026-04-01
6138,92.8,88.8,2026-04-01
6139,90.9,77.8,2026-04-01
6140,74.9,70.4,2026-04-01
6141,99.8,76.6,2026-04-01
6142,71.9,60.2,2026-04-01
6143,67.3,65.3,2026-04-01
6144,95.5,83.0,2026-04-01
6145,97.0,93.5,2026-04-01
6146,62.5,87.2,2026-04-01
6147,75.4,74.2,2026-04-01
6148,99.7,67.1,2026-04-01
6149,92.9,67.8,2026-04-01
6150,94.2,79.0,2026-04-01
6151,68.2,72.1,2026-04-01
6152,64.5,97.0,2026-04-01
6153,99.6,83.6,2026-04-01
6154,60.4,88.1,2026-04-01
6155,98.3,62.6,2026-04-01
6156,63.6,67.1,2026-04-01
6157,88.0,62.1,2026-04-01
6158,63.4,70.7,2026-04-01
6159,70.8,86.8,2026-04-01
6160,74.0,76.8,2026-04-01
6161,73.8,86.3,2026-04-01
6162,69.0,74.0,2026-04-01
6163,62.5,94.6,2026-04-01
6164,65.9,85.0,2026-04-01
6165,74.2,91.3,2026-04-01
6166,90.7,60.1,2026-04-01
6167,98.2,85.2,2026-04-01
6168,81.4,88.8,2026-04-01
6169,67.5,77.0,2026-04-01
6170,72.3,75.0,2026-04-01
6171,93.5,83.6,2026-04-01
6172,61.1,80.4,2026-04-01
6173,90.3,63.9,2026-04-01
6174,69.3,61.0,2026-04-01
6175,88.4,93.4,2026-04-01
6176,98.6,61.2,2026-04-01
6177,66.8,78.3,2026-04-01
6178,78.6,79.6,2026-04-01
6179,74.7,80.7,2026-04-01
6180,93.3,60.2,2026-04-01
6181,70.9,98.6,2026-04-01
6182,60.7,63.9,2026-04-01
6183,87.5,62.4,2026-04-01
6184,60.6,99.7,2026-04-01
6185,83.2,66.9,2026-04-01
6186,93.3,69.7,2026-04-01
6187,81.0,63.9,2026-04-01
6188,81.2,92.4,2026-04-01
6189,68.7,90.2,2026-04-01
6190,80.0,71.0,2026-04-01
6191,73.8,85.5,2026-04-01
6192,66.9,91.2,2026-04-01
6193,67.4,85.2,2026-04-01
6194,82.1,60.9,2026-04-01
6195,88.9,85.8,2026-04-01
6196,91.1,80.5,2026-04-01
6197,88.0,71.2,2026-04-01
6198,98.2,87.1,2026-04-01
6199,60.8,84.0,2026-04-01
6200,78.0,84.5,2026-04-01
6201,89.8,65.1,2026-04-01
6202,73.4,95.1,2026-04-01
6203,93.6,96.7,2026-04-01
6204,78.6,95.6,2026-04-01
6205,68.8,60.6,2026-04-01
6206,90.0,91.6,2026-04-01
6207,77.8,65.5,2026-04-01
6208,76.9,94.7,2026-04-01
6209,66.0,83.7,2026-04-01
6210,91.6,97.1,2026-04-01
6211,83.7,70.2,2026-04-01
6212,92.9,86.2,2026-04-01
6213,83.0,95.0,2026-04-01
6214,65.1,64.6,2026-04-01
6215,85.6,81.3,2026-04-01
6216,62.7,88.7,2026-04-01
6217,96.0,76.6,2026-04-01
6218,77.0,97.9,2026-04-01
6219,97.5,65.7,2026-04-01
6220,68.4,70.1,2026-04-01
6221,90.0,65.4,2026-04-01
6222,86.8,98.1,2026-04-01
6223,87.4,91.0,2026-04-01
6224,60.5,71.8,2026-04-01
6225,64.1,64.1,2026-04-01
6226,89.8,65.9,2026-04-01
6227,94.1,99.0,2026-04-01
6228,90.6,82.0,2026-04-01
6229,92.4,88.7,2026-04-01
6230,95.0,81.7,2026-04-01
6231,90.8,99.2,2026-04-01
6232,85.5,65.9,2026-04-01
6233,85.0,64.1,2026-04-01
6234,61.2,85.7,2026-04-01
6235,70.3,82.4,2026-04-01
6236,76.7,86.8,2026-04-01
6237,71.9,98.9,2026-04-01
6238,90.7,73.0,2026-04-01
6239,85.4,72.6,2026-04-01
6240,84.4,91.3,2026-04-01
6241,98.2,63.5,2026-04-01
6242,78.8,74.9,2026-04-01
6243,80.5,69.5,2026-04-01
6244,95.5,90.0,2026-04-01
6245,98.1,63.3,2026-04-01
6246,82.2,70.1,2026-04-01
6247,77.1,62.9,2026-04-01
6248,61.0,99.4,2026-04-01
6249,69.7,82.0,2026-04-01
6250,61.3,70.2,2026-04-01
6251,67.0,90.7,2026-04-01
6252,72.5,89.5,2026-04-01
6253,88.1,69.6,2026-04-01
6254,61.2,92.9,2026-04-01
6255,82.9,74.2,2026-04-01
6256,68.7,80.4,2026-04-01
6257,76.5,70.9,2026-04-01
6258,74.8,91.3,2026-04-01
6259,60.2,78.6,2026-04-01
6260,86.9,77.4,2026-04-01
6261,85.8,69.0,2026-04-01
6262,93.3,95.1,2026-04-01
6263,87.8,82.8,2026-04-01
6264,91.3,69.8,2026-04-01
6265,91.3,86.8,2026-04-01
6266,98.0,80.4,2026-04-01
6267,95.0,83.3,2026-04-01
6268,84.4,95.6,2026-04-01
6269,83.8,76.4,2026-04-01
6270,91.2,62.5,2026-04-01
6271,86.3,87.7,2026-04-01
6272,91.4,76.8,2026-04-01
6273,85.4,92.1,2026-04-01
6274,82.4,71.4,2026-04-01
6275,74.1,90.8,2026-04-01
6276,93.2,98.8,2026-04-01
6277,96.7,67.9,2026-04-01
6278,94.6,70.1,2026-04-01
6279,88.6,80.9,2026-04-01
6280,79.6,60.7,2026-04-01
6281,80.9,90.4,2026-04-01
6282,69.2,73.2,2026-04-01
6283,74.3,98.9,2026-04-01
6284,86.6,77.3,2026-04-01
6285,64.7,93.4,2026-04-01
6286,66.2,88.2,2026-04-01
6287,86.4,77.3,2026-04-01
6288,92.9,79.2,2026-04-01
6289,97.0,79.2,2026-04-01
6290,72.1,86.2,2026-04-01
6291,70.7,79.9,2026-04-01
6292,83.1,71.7,2026-04-01
6293,64.8,98.8,2026-04-01
6294,92.1,81.4,2026-04-01
6295,95.2,92.2,2026-04-01
6296,97.5,94.8,2026-04-01
6297,75.2,84.4,2026-04-01
6298,99.8,65.2,2026-04-01
6299,69.7,99.1,2026-04-01
6300,69.1,66.8,2026-04-01
6301,82.7,66.1,2026-04-01
6302,89.0,91.4,2026-04-01
6303,76.5,70.3,2026-04-01
6304,92.5,60.3,2026-04-01
6305,62.6,83.8,2026-04-01
6306,63.5,81.9,2026-04-01
6307,63.7,63.2,2026-04-01
6308,67.0,65.7,2026-04-01
6309,66.8,89.5,2026-04-01
6310,88.8,75.5,2026-04-01
6311,87.9,63.3,2026-04-01
6312,81.9,92.9,2026-04-01
6313,91.2,96.3,2026-04-01
6314,64.0,92.1,2026-04-01
6315,81.8,63.4,2026-04-01
6316,96.4,82.2,2026-04-01
6317,62.1,94.3,2026-04-01
6318,74.4,74.0,2026-04-01
6319,79.6,85.2,2026-04-01
6320,68.8,99.6,2026-04-01
6321,64.4,96.4,2026-04-01
6322,77.4,75.0,2026-04-01
6323,71.0,85.3,2026-04-01
6324,73.9,71.3,2026-04-01
6325,64.2,62.8,2026-04-01
6326,61.5,86.3,2026-04-01
6327,87.2,79.7,2026-04-01
6328,72.1,88.3,2026-04-01
6329,66.0,65.8,2026-04-01
6330,67.9,75.3,2026-04-01
6331,73.2,66.3,2026-04-01
6332,87.7,66.0,2026-04-01
6333,69.7,63.1,2026-04-01
6334,78.6,69.7,2026-04-01
6335,88.8,79.2,2026-04-01
6336,89.2,65.7,2026-04-01
6337,75.8,87.8,2026-04-01
6338,72.2,91.3,2026-04-01
6339,95.7,82.4,2026-04-01
6340,82.9,64.0,2026-04-01
6341,67.9,98.3,2026-04-01
6342,66.9,73.1,2026-04-01
6343,67.4,69.0,2026-04-01
6344,96.9,96.8,2026-04-01
6345,86.3,86.2,2026-04-01
6346,94.7,70.0,2026-04-01
6347,77.7,67.9,2026-04-01
6348,79.0,84.1,2026-04-01
6349,83.5,63.7,2026-04-01
6350,77.4,64.1,2026-04-01
6351,78.2,70.1,2026-04-01
6352,92.3,95.4,2026-04-01
6353,65.0,94.1,2026-04-01
6354,81.8,69.0,2026-04-01
6355,97.4,73.2,2026-04-01
6356,94.6,66.1,2026-04-01
6357,79.0,85.1,2026-04-01
6358,84.3,75.9,2026-04-01
6359,66.3,74.2,2026-04-01
6360,67.0,67.6,2026-04-01
6361,74.9,90.6,2026-04-01
6362,70.2,88.1,2026-04-01
6363,81.7,92.2,2026-04-01
6364,70.2,72.6,2026-04-01
6365,79.4,78.4,2026-04-01
6366,67.6,60.4,2026-04-01
6367,62.2,64.1,2026-04-01
6368,96.6,72.3,2026-04-01
6369,75.9,75.5,2026-04-01
6370,92.7,89.2,2026-04-01
6371,61.6,72.3,2026-04-01
6372,98.6,69.4,2026-04-01
6373,64.9,93.8,2026-04-01
6374,96.8,96.3,2026-04-01
6375,65.5,71.8,2026-04-01
6376,69.3,97.3,2026-04-01
6377,75.0,98.8,2026-04-01
6378,68.6,71.2,2026-04-01
6379,98.6,72.8,2026-04-01
6380,79.1,89.3,2026-04-01
6381,98.2,67.3,2026-04-01
6382,65.2,67.3,2026-04-01
6383,87.1,91.6,2026-04-01
6384,85.5,72.0,2026-04-01
6385,67.8,80.6,2026-04-01
6386,92.3,70.2,2026-04-01
6387,69.4,83.9,2026-04-01
6388,96.8,96.6,2026-04-01
6389,77.2,61.9,2026-04-01
6390,84.0,90.4,2026-04-01
6391,73.6,76.3,2026-04-01
6392,63.3,62.0,2026-04-01
6393,97.9,94.4,2026-04-01
6394,81.2,94.4,2026-04-01
6395,82.5,68.0,2026-04-01
6396,80.4,87.9,2026-04-01
6397,84.8,63.6,2026-04-01
6398,96.8,96.1,2026-04-01
6399,62.8,81.2,2026-04-01
6400,68.9,62.4,2026-04-01
6401,84.4,60.8,2026-04-01
6402,80.3,97.9,2026-04-01
6403,84.4,90.4,2026-04-01
6404,99.6,89.6,2026-04-01
6405,98.8,91.6,2026-04-01
6406,90.2,79.7,2026-04-01
6407,84.7,88.4,2026-04-01
6408,77.3,64.9,2026-04-01
6409,93.2,86.6,2026-04-01
6410,89.9,97.9,2026-04-01
6411,90.2,77.6,2026-04-01
6412,79.5,71.2,2026-04-01
6413,95.6,83.8,2026-04-01
6414,64.6,76.7,2026-04-01
6415,65.1,93.4,2026-04-01
6416,73.7,74.9,2026-04-01
6417,60.8,91.1,2026-04-01
6418,62.8,61.6,2026-04-01
6419,64.3,84.9,2026-04-01
6420,68.1,75.5,2026-04-01
6421,89.9,81.0,2026-04-01
6422,66.0,89.6,2026-04-01
6423,91.0,65.5,2026-04-01
6424,61.0,94.5,2026-04-01
6425,84.1,85.3,2026-04-01
6426,84.3,72.1,2026-04-01
6427,90.6,64.2,2026-04-01
6428,84.1,81.6,2026-04-01
6429,61.7,71.9,2026-04-01
6430,85.4,84.8,2026-04-01
6431,96.8,92.1,2026-04-01
6432,71.3,85.1,2026-04-01
6433,80.3,79.5,2026-04-01
6434,67.9,99.7,2026-04-01
6435,64.4,80.7,2026-04-01
6436,95.6,68.4,2026-04-01
6437,62.4,89.5,2026-04-01
6438,76.1,95.7,2026-04-01
6439,81.8,68.9,2026-04-01
6440,83.8,82.1,2026-04-01
6441,68.5,68.0,2026-04-01
6442,76.8,74.6,2026-04-01
6443,75.0,61.2,2026-04-01
6444,92.3,92.4,2026-04-01
6445,89.4,90.8,2026-04-01
6446,76.1,74.4,2026-04-01
6447,75.4,88.7,2026-04-01
6448,89.6,65.7,2026-04-01
6449,72.1,67.5,2026-04-01
6450,78.5,82.6,2026-04-01
6451,61.7,65.8,2026-04-01
6452,94.7,87.4,2026-04-01
6453,82.3,64.6,2026-04-01
6454,82.5,65.1,2026-04-01
6455,72.9,68.7,2026-04-01
6456,88.5,72.8,2026-04-01
6457,84.2,82.7,2026-04-01
6458,79.0,81.1,2026-04-01
6459,64.7,80.1,2026-04-01
6460,96.8,73.3,2026-04-01
6461,69.5,85.7,2026-04-01
6462,65.7,75.5,2026-04-01
6463,86.7,88.1,2026-04-01
6464,69.7,95.0,2026-04-01
6465,92.4,75.3,2026-04-01
6466,69.9,92.6,2026-04-01
6467,94.8,82.2,2026-04-01
6468,97.9,65.5,2026-04-01
6469,98.6,70.8,2026-04-01
6470,88.4,91.4,2026-04-01
6471,82.0,68.1,2026-04-01
6472,60.7,70.0,2026-04-01
6473,74.8,92.7,2026-04-01
6474,89.9,77.7,2026-04-01
6475,84.5,82.8,2026-04-01
6476,88.4,60.0,2026-04-01
6477,90.9,66.2,2026-04-01
6478,68.5,98.8,2026-04-01
6479,79.3,96.1,2026-04-01
6480,88.4,84.1,2026-04-01
6481,97.3,69.9,2026-04-01
6482,82.9,91.6,2026-04-01
6483,86.3,61.8,2026-04-01
6484,65.3,86.7,2026-04-01
6485,60.7,98.5,2026-04-01
6486,78.5,66.0,2026-04-01
6487,87.4,63.9,2026-04-01
6488,84.0,83.1,2026-04-01
6489,77.8,91.3,2026-04-01
6490,76.9,70.8,2026-04-01
6491,65.5,61.3,2026-04-01
6492,95.2,73.5,2026-04-01
6493,67.4,78.9,2026-04-01
6494,87.9,62.3,2026-04-01
6495,77.3,79.5,2026-04-01
6496,76.9,98.9,2026-04-01
6497,90.1,97.1,2026-04-01
6498,90.8,88.4,2026-04-01
6499,60.3,79.2,2026-04-01
6500,68.1,80.1,2026-04-01
6501,83.5,71.4,2026-04-01
6502,74.2,62.5,2026-04-01
6503,69.7,67.0,2026-04-01
6504,74.1,93.2,2026-04-01
6505,79.5,86.2,2026-04-01
6506,80.1,93.7,2026-04-01
6507,95.7,74.3,2026-04-01
6508,79.1,92.0,2026-04-01
6509,89.5,67.1,2026-04-01
6510,92.4,80.9,2026-04-01
6511,97.0,70.9,2026-04-01
6512,73.9,80.7,2026-04-01
6513,73.1,99.1,2026-04-01
6514,61.4,66.6,2026-04-01
6515,75.8,90.7,2026-04-01
6516,69.1,68.6,2026-04-01
6517,88.4,74.5,2026-04-01
6518,66.2,87.3,2026-04-01
6519,83.3,83.6,2026-04-01
6520,72.4,93.0,2026-04-01
6521,64.5,62.4,2026-04-01
6522,92.8,83.0,2026-04-01
6523,74.0,79.2,2026-04-01
6524,83.2,92.9,2026-04-01
6525,94.5,79.4,2026-04-01
6526,68.1,70.7,2026-04-01
6527,83.7,71.0,2026-04-01
6528,94.0,95.3,2026-04-01
6529,77.5,77.6,2026-04-01
6530,68.9,89.0,2026-04-01
6531,97.9,75.1,2026-04-01
6532,71.8,88.7,2026-04-01
6533,99.6,92.3,2026-04-01
6534,90.5,87.6,2026-04-01
6535,69.3,86.2,2026-04-01
6536,76.8,60.5,2026-04-01
6537,93.8,65.2,2026-04-01
6538,68.2,83.3,2026-04-01
6539,93.3,87.3,2026-04-01
6540,94.2,80.4,2026-04-01
6541,65.9,69.6,2026-04-01
6542,62.8,61.4,2026-04-01
6543,72.9,86.6,2026-04-01
6544,65.0,97.9,2026-04-01
6545,99.5,62.7,2026-04-01
6546,72.8,91.1,2026-04-01
6547,93.2,98.8,2026-04-01
6548,60.3,93.7,2026-04-01
6549,92.4,75.4,2026-04-01
6550,74.7,75.7,2026-04-01
6551,93.1,94.6,2026-04-01
6552,77.0,60.2,2026-04-01
6553,98.2,66.0,2026-04-01
6554,92.1,97.4,2026-04-01
6555,63.3,86.1,2026-04-01
6556,67.6,83.7,2026-04-01
6557,64.7,94.0,2026-04-01
6558,76.3,64.9,2026-04-01
6559,89.7,93.6,2026-04-01
6560,74.2,61.6,2026-04-01
6561,75.2,69.9,2026-04-01
6562,77.1,97.2,2026-04-01
6563,75.5,90.5,2026-04-01
6564,69.7,87.5,2026-04-01
6565,86.0,60.1,2026-04-01
6566,78.3,65.8,2026-04-01
6567,92.0,90.2,2026-04-01
6568,96.9,94.4,2026-04-01
6569,66.8,89.7,2026-04-01
6570,75.6,95.5,2026-04-01
6571,90.6,73.3,2026-04-01
6572,73.1,88.6,2026-04-01
6573,89.7,64.4,2026-04-01
6574,63.8,70.0,2026-04-01
6575,99.0,66.7,2026-04-01
6576,73.8,87.1,2026-04-01
6577,91.0,83.6,2026-04-01
6578,85.7,83.1,2026-04-01
6579,92.8,67.4,2026-04-01
6580,79.9,81.2,2026-04-01
6581,98.8,97.5,2026-04-01
6582,87.9,82.5,2026-04-01
6583,78.2,84.1,2026-04-01
6584,76.7,80.6,2026-04-01
6585,86.4,73.3,2026-04-01
6586,97.4,82.1,2026-04-01
6587,83.2,93.8,2026-04-01
6588,83.6,78.3,2026-04-01
6589,86.2,93.1,2026-04-01
6590,78.8,83.7,2026-04-01
6591,95.8,79.1,2026-04-01
6592,66.0,88.5,2026-04-01
6593,60.4,70.5,2026-04-01
6594,93.2,66.9,2026-04-01
6595,99.7,94.4,2026-04-01
6596,91.7,65.9,2026-04-01
6597,98.8,82.8,2026-04-01
6598,72.0,89.4,2026-04-01
6599,87.1,72.2,2026-04-01
6600,71.5,95.8,2026-04-01
6601,81.1,72.0,2026-04-01
6602,71.2,82.1,2026-04-01
6603,83.5,98.0,2026-04-01
6604,86.7,81.0,2026-04-01
6605,91.1,70.0,2026-04-01
6606,82.3,82.4,2026-04-01
6607,92.9,72.0,2026-04-01
6608,65.6,69.6,2026-04-01
6609,96.2,62.5,2026-04-01
6610,78.4,63.8,2026-04-01
6611,63.8,79.0,2026-04-01
6612,63.4,83.7,2026-04-01
6613,91.6,86.0,2026-04-01
6614,77.1,82.4,2026-04-01
6615,60.4,72.3,2026-04-01
6616,81.0,92.6,2026-04-01
6617,93.1,61.7,2026-04-01
6618,72.3,63.5,2026-04-01
6619,92.7,94.6,2026-04-01
6620,64.6,96.5,2026-04-01
6621,78.4,61.3,2026-04-01
6622,65.1,61.4,2026-04-01
6623,82.0,97.5,2026-04-01
6624,61.1,85.0,2026-04-01
6625,75.1,71.9,2026-04-01
6626,74.3,77.3,2026-04-01
6627,95.4,95.8,2026-04-01
6628,79.1,62.6,2026-04-01
6629,87.2,72.2,2026-04-01
6630,70.5,75.6,2026-04-01
6631,71.0,93.3,2026-04-01
6632,93.7,64.2,2026-04-01
6633,97.8,92.1,2026-04-01
6634,98.6,62.9,2026-04-01
6635,67.3,99.6,2026-04-01
6636,67.0,68.9,2026-04-01
6637,60.5,86.2,2026-04-01
6638,83.4,70.3,2026-04-01
6639,91.6,88.4,2026-04-01
6640,68.4,88.0,2026-04-01
6641,74.0,90.2,2026-04-01
6642,67.2,77.7,2026-04-01
6643,64.3,90.3,2026-04-01
6644,85.1,74.1,2026-04-01
6645,99.0,80.2,2026-04-01
6646,95.5,83.2,2026-04-01
6647,78.5,71.7,2026-04-01
6648,66.9,89.7,2026-04-01
6649,62.1,68.4,2026-04-01
6650,69.9,91.9,2026-04-01
6651,67.6,65.9,2026-04-01
6652,81.9,71.6,2026-04-01
6653,76.6,78.4,2026-04-01
6654,85.1,95.3,2026-04-01
6655,91.5,79.1,2026-04-01
6656,81.7,94.0,2026-04-01
6657,99.2,99.5,2026-04-01
6658,80.0,69.1,2026-04-01
6659,91.7,65.1,2026-04-01
6660,84.1,88.9,2026-04-01
6661,89.5,85.1,2026-04-01
6662,81.5,70.5,2026-04-01
6663,96.2,62.0,2026-04-01
6664,94.9,84.7,2026-04-01
6665,93.9,85.2,2026-04-01
6666,69.1,81.3,2026-04-01
6667,81.7,67.3,2026-04-01
6668,81.7,97.1,2026-04-01
6669,79.4,80.5,2026-04-01
6670,82.7,67.7,2026-04-01
6671,96.6,86.3,2026-04-01
6672,63.6,64.5,2026-04-01
6673,73.6,79.3,2026-04-01
6674,64.4,71.3,2026-04-01
6675,88.7,67.6,2026-04-01
6676,93.4,74.8,2026-04-01
6677,72.0,63.8,2026-04-01
6678,88.1,94.0,2026-04-01
6679,77.4,76.6,2026-04-01
6680,74.0,83.1,2026-04-01
6681,71.8,69.1,2026-04-01
6682,91.3,91.6,2026-04-01
6683,97.3,65.4,2026-04-01
6684,61.3,72.5,2026-04-01
6685,75.0,95.4,2026-04-01
6686,77.9,76.7,2026-04-01
6687,88.8,95.5,2026-04-01
6688,61.9,78.9,2026-04-01
6689,87.4,64.9,2026-04-01
6690,78.8,81.5,2026-04-01
6691,88.2,87.9,2026-04-01
6692,95.0,90.4,2026-04-01
6693,69.0,91.0,2026-04-01
6694,76.0,82.5,2026-04-01
6695,72.0,71.6,2026-04-01
6696,80.5,92.6,2026-04-01
6697,82.7,81.6,2026-04-01
6698,72.6,67.8,2026-04-01
6699,75.1,80.3,2026-04-01
6700,69.9,67.0,2026-04-01
6701,67.6,94.1,2026-04-01
6702,98.9,94.5,2026-04-01
6703,64.0,82.2,2026-04-01
6704,75.8,92.1,2026-04-01
6705,79.5,86.2,2026-04-01
6706,76.7,96.0,2026-04-01
6707,69.9,83.3,2026-04-01
6708,72.1,82.8,2026-04-01
6709,95.7,69.2,2026-04-01
6710,61.6,88.1,2026-04-01
6711,90.4,85.4,2026-04-01
6712,98.1,94.8,2026-04-01
6713,87.8,70.2,2026-04-01
6714,90.3,93.8,2026-04-01
6715,73.9,74.7,2026-04-01
6716,69.2,97.4,2026-04-01
6717,73.0,97.3,2026-04-01
6718,96.6,81.1,2026-04-01
6719,83.3,88.4,2026-04-01
6720,75.1,87.2,2026-04-01
6721,85.2,60.0,2026-04-01
6722,85.8,95.6,2026-04-01
6723,65.9,99.6,2026-04-01
6724,81.2,86.3,2026-04-01
6725,74.7,66.9,2026-04-01
6726,69.0,79.7,2026-04-01
6727,70.3,77.3,2026-04-01
6728,68.0,88.6,2026-04-01
6729,71.9,72.6,2026-04-01
6730,78.0,65.4,2026-04-01
6731,63.6,66.2,2026-04-01
6732,77.1,79.7,2026-04-01
6733,85.1,66.9,2026-04-01
6734,82.3,89.6,2026-04-01
6735,61.3,90.1,2026-04-01
6736,91.0,73.1,2026-04-01
6737,81.7,67.8,2026-04-01
6738,91.1,82.8,2026-04-01
6739,75.7,86.6,2026-04-01
6740,68.9,98.4,2026-04-01
6741,87.1,83.6,2026-04-01
6742,66.1,70.3,2026-04-01
6743,86.7,74.3,2026-04-01
6744,69.6,94.3,2026-04-01
6745,74.3,96.1,2026-04-01
6746,70.7,97.7,2026-04-01
6747,90.6,93.7,2026-04-01
6748,92.6,94.3,2026-04-01
6749,70.5,82.1,2026-04-01
6750,97.7,64.9,2026-04-01
6751,73.2,81.4,2026-04-01
6752,99.4,97.4,2026-04-01
6753,70.6,60.6,2026-04-01
6754,63.3,72.1,2026-04-01
6755,81.0,75.3,2026-04-01
6756,61.6,80.5,2026-04-01
6757,77.9,63.7,2026-04-01
6758,62.6,86.9,2026-04-01
6759,92.3,75.0,2026-04-01
6760,77.4,64.1,2026-04-01
6761,94.3,94.7,2026-04-01
6762,82.0,74.8,2026-04-01
6763,88.5,73.3,2026-04-01
6764,62.6,96.0,2026-04-01
6765,62.1,91.4,2026-04-01
6766,67.6,61.6,2026-04-01
6767,91.8,79.4,2026-04-01
6768,92.4,68.7,2026-04-01
6769,60.5,89.3,2026-04-01
6770,92.2,71.0,2026-04-01
6771,84.9,86.4,2026-04-01
6772,92.7,75.0,2026-04-01
6773,76.4,68.7,2026-04-01
6774,80.2,78.7,2026-04-01
6775,67.6,98.8,2026-04-01
6776,72.4,82.3,2026-04-01
6777,70.4,66.5,2026-04-01
6778,67.2,89.3,2026-04-01
6779,63.8,74.4,2026-04-01
6780,81.5,64.5,2026-04-01
6781,86.0,86.2,2026-04-01
6782,89.8,69.7,2026-04-01
6783,77.8,66.5,2026-04-01
6784,85.6,80.9,2026-04-01
6785,60.6,82.6,2026-04-01
6786,71.7,94.7,2026-04-01
6787,89.6,67.9,2026-04-01
6788,65.4,64.6,2026-04-01
6789,84.0,90.7,2026-04-01
6790,66.6,71.4,2026-04-01
6791,94.1,60.2,2026-04-01
6792,79.3,90.6,2026-04-01
6793,85.6,71.0,2026-04-01
6794,68.3,78.4,2026-04-01
6795,87.1,66.3,2026-04-01
6796,86.6,69.7,2026-04-01
6797,92.2,97.0,2026-04-01
6798,61.8,98.5,2026-04-01
6799,86.5,70.6,2026-04-01
6800,81.7,60.5,2026-04-01
6801,63.1,98.9,2026-04-01
6802,98.4,94.8,2026-04-01
6803,82.1,91.0,2026-04-01
6804,77.9,99.6,2026-04-01
6805,90.1,95.5,2026-04-01
6806,80.6,73.4,2026-04-01
6807,64.8,98.3,2026-04-01
6808,97.9,73.1,2026-04-01
6809,84.8,78.1,2026-04-01
6810,96.0,65.1,2026-04-01
6811,81.7,84.3,2026-04-01
6812,73.7,94.8,2026-04-01
6813,97.1,85.2,2026-04-01
6814,97.7,77.7,2026-04-01
6815,93.3,89.6,2026-04-01
6816,65.9,61.8,2026-04-01
6817,68.3,89.8,2026-04-01
6818,63.1,74.5,2026-04-01
6819,79.5,91.6,2026-04-01
6820,92.6,75.4,2026-04-01
6821,92.5,93.1,2026-04-01
6822,95.8,60.3,2026-04-01
6823,64.1,60.3,2026-04-01
6824,61.6,87.3,2026-04-01
6825,89.8,79.9,2026-04-01
6826,81.9,87.2,2026-04-01
6827,99.6,89.6,2026-04-01
6828,69.4,94.4,2026-04-01
6829,98.4,63.1,2026-04-01
6830,67.0,86.7,2026-04-01
6831,96.6,95.3,2026-04-01
6832,74.7,96.5,2026-04-01
6833,98.1,83.1,2026-04-01
6834,66.5,96.2,2026-04-01
6835,77.8,69.8,2026-04-01
6836,96.6,92.7,2026-04-01
6837,79.3,85.7,2026-04-01
6838,86.0,84.1,2026-04-01
6839,81.4,71.6,2026-04-01
6840,74.9,76.7,2026-04-01
6841,63.5,91.1,2026-04-01
6842,88.2,68.4,2026-04-01
6843,92.0,85.4,2026-04-01
6844,83.6,99.4,2026-04-01
6845,68.0,68.3,2026-04-01
6846,93.2,79.7,2026-04-01
6847,82.9,71.6,2026-04-01
6848,69.5,96.7,2026-04-01
6849,62.3,76.7,2026-04-01
6850,61.0,62.0,2026-04-01
6851,98.9,66.0,2026-04-01
6852,64.7,63.2,2026-04-01
6853,82.5,62.1,2026-04-01
6854,72.8,61.6,2026-04-01
6855,85.5,87.6,2026-04-01
6856,99.2,72.7,2026-04-01
6857,98.4,79.5,2026-04-01
6858,63.0,70.4,2026-04-01
6859,87.7,70.6,2026-04-01
6860,98.4,97.0,2026-04-01
6861,71.8,99.5,2026-04-01
6862,89.4,86.3,2026-04-01
6863,69.3,98.7,2026-04-01
6864,90.4,72.2,2026-04-01
6865,97.9,93.4,2026-04-01
6866,85.3,66.7,2026-04-01
6867,93.6,81.7,2026-04-01
6868,75.9,79.3,2026-04-01
6869,61.0,86.5,2026-04-01
6870,67.3,68.5,2026-04-01
6871,86.4,67.8,2026-04-01
6872,81.4,89.2,2026-04-01
6873,64.4,92.5,2026-04-01
6874,69.9,81.2,2026-04-01
6875,84.9,89.5,2026-04-01
6876,96.8,75.4,2026-04-01
6877,76.8,91.9,2026-04-01
6878,78.5,60.2,2026-04-01
6879,74.2,81.3,2026-04-01
6880,65.3,65.6,2026-04-01
6881,79.9,68.4,2026-04-01
6882,84.8,91.2,2026-04-01
6883,88.8,78.2,2026-04-01
6884,70.4,75.3,2026-04-01
6885,61.5,90.0,2026-04-01
6886,76.3,95.7,2026-04-01
6887,84.8,64.4,2026-04-01
6888,64.3,77.0,2026-04-01
6889,61.8,95.4,2026-04-01
6890,96.3,99.9,2026-04-01
6891,87.9,78.6,2026-04-01
6892,98.8,92.3,2026-04-01
6893,89.5,80.2,2026-04-01
6894,70.5,98.7,2026-04-01
6895,64.5,69.1,2026-04-01
6896,72.7,61.3,2026-04-01
6897,85.8,87.5,2026-04-01
6898,76.2,86.2,2026-04-01
6899,83.2,88.8,2026-04-01
6900,78.2,97.2,2026-04-01
6901,96.7,95.9,2026-04-01
6902,80.2,88.2,2026-04-01
6903,68.6,64.4,2026-04-01
6904,75.1,79.1,2026-04-01
6905,69.6,96.8,2026-04-01
6906,67.4,92.4,2026-04-01
6907,87.9,73.3,2026-04-01
6908,60.7,95.9,2026-04-01
6909,75.4,80.3,2026-04-01
6910,80.3,94.3,2026-04-01
6911,97.7,70.8,2026-04-01
6912,74.9,73.9,2026-04-01
6913,96.0,88.8,2026-04-01
6914,69.0,66.0,2026-04-01
6915,69.3,88.0,2026-04-01
6916,75.6,80.8,2026-04-01
6917,68.7,81.8,2026-04-01
6918,97.2,87.9,2026-04-01
6919,87.5,71.4,2026-04-01
6920,75.3,83.9,2026-04-01
6921,97.6,95.1,2026-04-01
6922,97.0,60.7,2026-04-01
6923,87.9,72.8,2026-04-01
6924,96.6,63.7,2026-04-01
6925,78.7,78.8,2026-04-01
6926,87.5,63.4,2026-04-01
6927,91.7,76.6,2026-04-01
6928,72.7,94.3,2026-04-01
6929,64.5,79.3,2026-04-01
6930,84.2,86.0,2026-04-01
6931,72.0,83.9,2026-04-01
6932,98.4,61.2,2026-04-01
6933,73.8,75.0,2026-04-01
6934,65.3,76.4,2026-04-01
6935,89.2,75.7,2026-04-01
6936,74.3,80.5,2026-04-01
6937,87.6,95.9,2026-04-01
6938,76.8,67.1,2026-04-01
6939,80.8,99.3,2026-04-01
6940,62.6,80.1,2026-04-01
6941,78.7,65.7,2026-04-01
6942,95.3,84.9,2026-04-01
6943,72.2,73.2,2026-04-01
6944,82.1,99.1,2026-04-01
6945,94.6,86.1,2026-04-01
6946,79.9,76.8,2026-04-01
6947,68.4,84.8,2026-04-01
6948,73.4,77.6,2026-04-01
6949,99.8,89.7,2026-04-01
6950,84.1,63.8,2026-04-01
6951,78.8,79.5,2026-04-01
6952,86.0,62.1,2026-04-01
6953,78.4,94.1,2026-04-01
6954,88.2,92.6,2026-04-01
6955,68.4,90.3,2026-04-01
6956,93.6,95.1,2026-04-01
6957,82.5,76.3,2026-04-01
6958,84.5,96.3,2026-04-01
6959,96.8,85.0,2026-04-01
6960,92.5,66.4,2026-04-01
6961,94.0,70.5,2026-04-01
6962,80.5,66.5,2026-04-01
6963,60.3,68.9,2026-04-01
6964,81.2,60.1,2026-04-01
6965,75.9,70.2,2026-04-01
6966,94.1,96.5,2026-04-01
6967,79.5,91.9,2026-04-01
6968,95.8,75.2,2026-04-01
6969,80.1,71.2,2026-04-01
6970,82.7,97.0,2026-04-01
6971,61.3,66.2,2026-04-01
6972,98.1,73.3,2026-04-01
6973,65.9,60.5,2026-04-01
6974,62.7,64.5,2026-04-01
6975,91.2,72.1,2026-04-01
6976,91.7,77.7,2026-04-01
6977,89.0,84.3,2026-04-01
6978,84.3,83.4,2026-04-01
6979,75.8,80.6,2026-04-01
6980,77.6,90.3,2026-04-01
6981,76.6,71.8,2026-04-01
6982,97.4,79.0,2026-04-01
6983,65.0,81.3,2026-04-01
6984,76.5,78.8,2026-04-01
6985,92.1,63.5,2026-04-01
6986,94.0,80.3,2026-04-01
6987,73.4,77.2,2026-04-01
6988,94.1,90.6,2026-04-01
6989,99.6,76.6,2026-04-01
6990,79.5,65.6,2026-04-01
6991,95.3,62.2,2026-04-01
6992,91.5,88.8,2026-04-01
6993,87.0,82.2,2026-04-01
6994,88.9,97.0,2026-04-01
6995,78.9,71.5,2026-04-01
6996,88.2,83.5,2026-04-01
6997,99.5,71.4,2026-04-01
6998,93.7,86.4,2026-04-01
6999,80.4,96.1,2026-04-01
7000,88.8,69.7,2026-04-01
7001,99.7,75.3,2026-04-01
7002,67.8,85.8,2026-04-01
7003,63.4,80.3,2026-04-01
7004,70.5,63.2,2026-04-01
7005,92.3,84.9,2026-04-01
7006,76.6,96.1,2026-04-01
7007,82.9,84.6,2026-04-01
7008,63.6,89.8,2026-04-01
7009,99.4,61.3,2026-04-01
7010,66.1,61.1,2026-04-01
7011,67.3,89.7,2026-04-01
7012,81.6,91.0,2026-04-01
7013,98.1,93.4,2026-04-01
7014,76.8,79.9,2026-04-01
7015,82.5,90.0,2026-04-01
7016,94.7,93.9,2026-04-01
7017,87.6,66.9,2026-04-01
7018,75.2,90.7,2026-04-01
7019,89.3,73.4,2026-04-01
7020,60.9,75.0,2026-04-01
7021,69.5,95.9,2026-04-01
7022,96.1,61.8,2026-04-01
7023,90.5,76.0,2026-04-01
7024,87.1,87.8,2026-04-01
7025,67.3,83.3,2026-04-01
7026,85.7,63.8,2026-04-01
7027,98.9,63.9,2026-04-01
7028,62.1,98.0,2026-04-01
7029,96.4,60.4,2026-04-01
7030,92.4,93.8,2026-04-01
7031,62.6,95.3,2026-04-01
7032,89.4,88.4,2026-04-01
7033,68.9,90.8,2026-04-01
7034,73.4,84.5,2026-04-01
7035,75.9,87.0,2026-04-01
7036,99.7,68.2,2026-04-01
7037,86.9,75.8,2026-04-01
7038,80.4,87.0,2026-04-01
7039,85.1,71.5,2026-04-01
7040,75.0,72.0,2026-04-01
7041,75.1,82.8,2026-04-01
7042,77.4,75.2,2026-04-01
7043,70.6,61.8,2026-04-01
7044,64.8,64.8,2026-04-01
7045,83.3,80.4,2026-04-01
7046,83.2,69.9,2026-04-01
7047,68.4,69.1,2026-04-01
7048,89.1,82.1,2026-04-01
7049,76.7,65.2,2026-04-01
7050,83.2,96.8,2026-04-01
7051,60.2,60.7,2026-04-01
7052,72.6,66.4,2026-04-01
7053,66.3,88.0,2026-04-01
7054,68.8,68.3,2026-04-01
7055,96.6,95.0,2026-04-01
7056,85.0,93.2,2026-04-01
7057,61.9,64.6,2026-04-01
7058,81.9,97.4,2026-04-01
7059,80.1,94.6,2026-04-01
7060,78.8,90.5,2026-04-01
7061,71.4,72.9,2026-04-01
7062,77.7,74.7,2026-04-01
7063,71.4,89.1,2026-04-01
7064,68.1,81.9,2026-04-01
7065,80.5,61.9,2026-04-01
7066,89.4,63.1,2026-04-01
7067,98.1,95.7,2026-04-01
7068,65.5,88.1,2026-04-01
7069,70.5,60.3,2026-04-01
7070,72.9,64.6,2026-04-01
7071,94.2,90.1,2026-04-01
7072,78.0,79.9,2026-04-01
7073,94.1,65.2,2026-04-01
7074,69.4,72.2,2026-04-01
7075,64.3,78.8,2026-04-01
7076,95.3,93.6,2026-04-01
7077,84.3,91.3,2026-04-01
7078,68.6,91.3,2026-04-01
7079,72.8,88.6,2026-04-01
7080,93.2,96.6,2026-04-01
7081,92.5,84.0,2026-04-01
7082,87.2,81.1,2026-04-01
7083,90.8,78.3,2026-04-01
7084,86.1,91.7,2026-04-01
7085,95.8,75.6,2026-04-01
7086,62.7,76.4,2026-04-01
7087,60.2,73.9,2026-04-01
7088,77.3,94.9,2026-04-01
7089,96.8,66.4,2026-04-01
7090,80.3,70.4,2026-04-01
7091,95.3,73.1,2026-04-01
7092,88.7,78.2,2026-04-01
7093,83.6,89.3,2026-04-01
7094,77.4,64.8,2026-04-01
7095,75.7,86.9,2026-04-01
7096,98.1,81.7,2026-04-01
7097,62.0,88.6,2026-04-01
7098,92.7,76.4,2026-04-01
7099,98.9,73.7,2026-04-01
7100,61.8,77.7,2026-04-01
7101,65.1,93.2,2026-04-01
7102,88.7,91.7,2026-04-01
7103,77.3,94.0,2026-04-01
7104,77.5,95.8,2026-04-01
7105,68.1,65.7,2026-04-01
7106,67.7,97.9,2026-04-01
7107,67.8,61.8,2026-04-01
7108,67.7,98.7,2026-04-01
7109,67.3,69.2,2026-04-01
7110,80.5,85.3,2026-04-01
7111,80.4,97.2,2026-04-01
7112,65.7,83.0,2026-04-01
7113,72.0,97.5,2026-04-01
7114,91.2,83.9,2026-04-01
7115,82.4,89.1,2026-04-01
7116,70.4,89.6,2026-04-01
7117,65.6,60.0,2026-04-01
7118,94.7,64.7,2026-04-01
7119,95.7,98.6,2026-04-01
7120,98.5,82.5,2026-04-01
7121,87.6,87.9,2026-04-01
7122,89.6,73.1,2026-04-01
7123,93.1,97.5,2026-04-01
7124,75.3,73.5,2026-04-01
7125,70.7,66.3,2026-04-01
7126,81.3,92.9,2026-04-01
7127,83.3,62.1,2026-04-01
7128,95.6,83.5,2026-04-01
7129,66.2,98.1,2026-04-01
7130,93.6,65.4,2026-04-01
7131,69.2,80.2,2026-04-01
7132,72.3,70.0,2026-04-01
7133,82.8,80.2,2026-04-01
7134,79.4,65.8,2026-04-01
7135,87.6,75.7,2026-04-01
7136,99.7,71.0,2026-04-01
7137,74.3,78.2,2026-04-01
7138,89.0,63.4,2026-04-01
7139,99.8,71.1,2026-04-01
7140,97.4,67.0,2026-04-01
7141,71.2,70.5,2026-04-01
7142,72.6,61.3,2026-04-01
7143,84.5,84.0,2026-04-01
7144,65.9,94.1,2026-04-01
7145,92.9,83.5,2026-04-01
7146,73.4,69.7,2026-04-01
7147,77.7,65.3,2026-04-01
7148,98.2,75.2,2026-04-01
7149,82.4,92.2,2026-04-01
7150,69.3,77.3,2026-04-01
7151,65.2,86.1,2026-04-01
7152,79.5,60.7,2026-04-01
7153,85.9,87.1,2026-04-01
7154,89.9,97.9,2026-04-01
7155,89.0,76.9,2026-04-01
7156,85.0,89.6,2026-04-01
7157,76.2,63.5,2026-04-01
7158,99.4,97.7,2026-04-01
7159,68.8,79.7,2026-04-01
7160,80.0,61.3,2026-04-01
7161,62.3,60.4,2026-04-01
7162,94.8,67.7,2026-04-01
7163,87.2,71.1,2026-04-01
7164,92.8,95.3,2026-04-01
7165,74.9,67.5,2026-04-01
7166,66.4,92.5,2026-04-01
7167,77.0,77.0,2026-04-01
7168,90.3,74.1,2026-04-01
7169,78.0,78.8,2026-04-01
7170,76.7,73.4,2026-04-01
7171,77.7,67.1,2026-04-01
7172,87.6,99.5,2026-04-01
7173,74.2,67.1,2026-04-01
7174,85.7,74.9,2026-04-01
7175,65.4,71.2,2026-04-01
7176,64.3,85.6,2026-04-01
7177,99.0,66.8,2026-04-01
7178,88.3,88.8,2026-04-01
7179,88.5,65.0,2026-04-01
7180,71.1,80.3,2026-04-01
7181,84.8,73.1,2026-04-01
7182,96.6,81.9,2026-04-01
7183,68.2,67.5,2026-04-01
7184,82.4,77.4,2026-04-01
7185,66.2,79.5,2026-04-01
7186,67.0,94.2,2026-04-01
7187,85.9,64.6,2026-04-01
7188,93.9,97.7,2026-04-01
7189,60.4,82.5,2026-04-01
7190,69.4,84.7,2026-04-01
7191,65.1,69.3,2026-04-01
7192,85.6,76.8,2026-04-01
7193,92.0,70.0,2026-04-01
7194,92.8,90.0,2026-04-01
7195,68.8,64.3,2026-04-01
7196,87.6,90.0,2026-04-01
7197,94.1,82.2,2026-04-01
7198,93.8,62.0,2026-04-01
7199,77.0,63.7,2026-04-01
7200,61.0,97.5,2026-04-01
7201,89.1,63.7,2026-04-01
7202,67.3,99.1,2026-04-01
7203,90.5,71.8,2026-04-01
7204,76.4,68.7,2026-04-01
7205,63.9,65.9,2026-04-01
7206,91.8,62.0,2026-04-01
7207,71.4,70.6,2026-04-01
7208,87.9,95.1,2026-04-01
7209,96.4,93.2,2026-04-01
7210,73.5,72.5,2026-04-01
7211,61.1,92.8,2026-04-01
7212,65.2,96.7,2026-04-01
7213,85.3,85.2,2026-04-01
7214,88.4,95.8,2026-04-01
7215,81.1,71.2,2026-04-01
7216,62.2,81.1,2026-04-01
7217,68.8,73.3,2026-04-01
7218,88.1,93.5,2026-04-01
7219,72.9,82.8,2026-04-01
7220,82.8,83.4,2026-04-01
7221,91.9,70.8,2026-04-01
7222,88.8,63.4,2026-04-01
7223,94.5,60.7,2026-04-01
7224,75.6,63.6,2026-04-01
7225,76.4,68.2,2026-04-01
7226,74.6,98.9,2026-04-01
7227,70.7,63.5,2026-04-01
7228,75.7,71.2,2026-04-01
7229,63.5,71.3,2026-04-01
7230,67.9,79.8,2026-04-01
7231,66.5,78.1,2026-04-01
7232,95.2,75.5,2026-04-01
7233,80.0,87.0,2026-04-01
7234,83.9,89.6,2026-04-01
7235,88.4,66.7,2026-04-01
7236,68.1,88.0,2026-04-01
7237,95.6,62.5,2026-04-01
7238,88.1,85.4,2026-04-01
7239,63.9,61.6,2026-04-01
7240,99.3,81.6,2026-04-01
7241,87.0,94.1,2026-04-01
7242,93.2,76.6,2026-04-01
7243,71.7,94.3,2026-04-01
7244,96.4,65.7,2026-04-01
7245,68.9,98.5,2026-04-01
7246,90.4,63.9,2026-04-01
7247,79.9,94.5,2026-04-01
7248,77.9,76.3,2026-04-01
7249,78.1,99.9,2026-04-01
7250,96.5,82.2,2026-04-01
7251,62.4,66.6,2026-04-01
7252,71.9,64.4,2026-04-01
7253,65.2,70.6,2026-04-01
7254,91.9,99.6,2026-04-01
7255,83.6,88.2,2026-04-01
7256,70.7,95.7,2026-04-01
7257,73.4,89.4,2026-04-01
7258,99.2,70.1,2026-04-01
7259,75.1,76.3,2026-04-01
7260,90.0,62.8,2026-04-01
7261,77.8,75.8,2026-04-01
7262,69.2,82.4,2026-04-01
7263,72.9,70.2,2026-04-01
7264,91.5,85.4,2026-04-01
7265,88.9,64.9,2026-04-01
7266,77.5,63.1,2026-04-01
7267,90.6,75.0,2026-04-01
7268,94.6,68.7,2026-04-01
7269,89.8,62.9,2026-04-01
7270,85.1,97.4,2026-04-01
7271,97.5,95.4,2026-04-01
7272,97.0,87.6,2026-04-01
7273,99.9,63.1,2026-04-01
7274,78.5,90.8,2026-04-01
7275,77.5,92.2,2026-04-01
7276,83.0,83.6,2026-04-01
7277,85.9,86.6,2026-04-01
7278,88.5,81.9,2026-04-01
7279,92.5,83.0,2026-04-01
7280,93.4,85.0,2026-04-01
7281,74.0,77.4,2026-04-01
7282,81.7,74.3,2026-04-01
7283,78.8,75.7,2026-04-01
7284,70.8,61.1,2026-04-01
7285,75.1,97.4,2026-04-01
7286,93.2,98.7,2026-04-01
7287,63.0,77.7,2026-04-01
7288,84.1,74.5,2026-04-01
7289,95.5,77.3,2026-04-01
7290,60.5,65.4,2026-04-01
7291,81.1,62.7,2026-04-01
7292,95.9,88.4,2026-04-01
7293,75.6,93.9,2026-04-01
7294,74.7,80.0,2026-04-01
7295,80.5,97.9,2026-04-01
7296,80.5,99.0,2026-04-01
7297,87.2,73.6,2026-04-01
7298,76.8,66.1,2026-04-01
7299,98.4,66.7,2026-04-01
7300,92.4,94.8,2026-04-01
7301,69.7,86.4,2026-04-01
7302,84.9,84.6,2026-04-01
7303,99.1,71.9,2026-04-01
7304,73.8,90.5,2026-04-01
7305,90.8,66.2,2026-04-01
7306,86.0,97.5,2026-04-01
7307,99.3,75.5,2026-04-01
7308,84.9,75.9,2026-04-01
7309,83.2,79.3,2026-04-01
7310,69.3,64.3,2026-04-01
7311,74.7,96.9,2026-04-01
7312,90.2,61.5,2026-04-01
7313,99.7,68.6,2026-04-01
7314,76.4,64.3,2026-04-01
7315,87.4,93.8,2026-04-01
7316,87.8,69.2,2026-04-01
7317,81.3,86.6,2026-04-01
7318,76.8,96.2,2026-04-01
7319,62.4,96.3,2026-04-01
7320,73.6,71.4,2026-04-01
7321,97.3,68.1,2026-04-01
7322,83.8,72.4,2026-04-01
7323,93.2,85.0,2026-04-01
7324,96.0,74.1,2026-04-01
7325,78.9,75.3,2026-04-01
7326,70.0,90.3,2026-04-01
7327,77.5,70.5,2026-04-01
7328,91.8,67.5,2026-04-01
7329,71.1,67.8,2026-04-01
7330,98.4,97.7,2026-04-01
7331,88.5,62.1,2026-04-01
7332,64.1,95.4,2026-04-01
7333,75.4,70.9,2026-04-01
7334,90.8,75.5,2026-04-01
7335,76.6,65.0,2026-04-01
7336,70.2,70.2,2026-04-01
7337,81.3,96.9,2026-04-01
7338,67.8,88.4,2026-04-01
7339,93.7,83.0,2026-04-01
7340,89.1,72.2,2026-04-01
7341,64.2,79.4,2026-04-01
7342,74.5,81.3,2026-04-01
7343,78.7,68.4,2026-04-01
7344,86.1,81.1,2026-04-01
7345,63.5,94.8,2026-04-01
7346,69.2,87.9,2026-04-01
7347,94.1,97.7,2026-04-01
7348,62.9,91.0,2026-04-01
7349,61.0,77.6,2026-04-01
7350,70.7,82.0,2026-04-01
7351,94.7,73.9,2026-04-01
7352,61.8,86.1,2026-04-01
7353,73.5,62.5,2026-04-01
7354,69.2,65.2,2026-04-01
7355,75.0,84.8,2026-04-01
7356,97.2,61.3,2026-04-01
7357,63.0,70.4,2026-04-01
7358,63.9,75.5,2026-04-01
7359,70.3,82.2,2026-04-01
7360,86.9,73.1,2026-04-01
7361,85.5,82.3,2026-04-01
7362,91.8,83.8,2026-04-01
7363,89.1,87.2,2026-04-01
7364,97.7,79.2,2026-04-01
7365,70.3,91.7,2026-04-01
7366,65.3,70.9,2026-04-01
7367,78.1,77.0,2026-04-01
7368,91.3,71.6,2026-04-01
7369,90.1,60.9,2026-04-01
7370,61.3,74.6,2026-04-01
7371,93.2,60.3,2026-04-01
7372,84.1,85.0,2026-04-01
7373,81.3,79.4,2026-04-01
7374,69.4,89.1,2026-04-01
7375,65.4,89.3,2026-04-01
7376,94.4,80.1,2026-04-01
7377,80.3,86.1,2026-04-01
7378,61.3,78.4,2026-04-01
7379,69.9,98.2,2026-04-01
7380,76.1,95.0,2026-04-01
7381,81.9,98.2,2026-04-01
7382,99.6,93.2,2026-04-01
7383,87.3,60.9,2026-04-01
7384,95.6,81.7,2026-04-01
7385,71.5,83.0,2026-04-01
7386,75.1,78.0,2026-04-01
7387,96.9,87.8,2026-04-01
7388,73.2,61.7,2026-04-01
7389,96.1,93.5,2026-04-01
7390,68.6,70.5,2026-04-01
7391,95.2,78.0,2026-04-01
7392,85.5,62.9,2026-04-01
7393,73.7,84.0,2026-04-01
7394,62.7,67.7,2026-04-01
7395,96.7,98.7,2026-04-01
7396,72.0,62.0,2026-04-01
7397,61.0,85.4,2026-04-01
7398,97.8,91.0,2026-04-01
7399,90.5,93.3,2026-04-01
7400,96.5,89.5,2026-04-01
7401,82.2,69.4,2026-04-01
7402,91.7,91.2,2026-04-01
7403,86.3,69.7,2026-04-01
7404,68.3,72.2,2026-04-01
7405,74.3,61.1,2026-04-01
7406,80.3,99.2,2026-04-01
7407,83.8,88.5,2026-04-01
7408,72.8,62.6,2026-04-01
7409,90.3,79.4,2026-04-01
7410,64.4,90.5,2026-04-01
7411,70.2,78.8,2026-04-01
7412,68.4,95.5,2026-04-01
7413,65.7,72.1,2026-04-01
7414,71.0,72.6,2026-04-01
7415,95.5,69.8,2026-04-01
7416,75.7,93.9,2026-04-01
7417,99.5,73.4,2026-04-01
7418,94.5,70.6,2026-04-01
7419,71.3,98.3,2026-04-01
7420,62.1,62.2,2026-04-01
7421,65.5,86.2,2026-04-01
7422,86.7,70.5,2026-04-01
7423,60.6,61.6,2026-04-01
7424,68.6,64.6,2026-04-01
7425,67.8,71.5,2026-04-01
7426,68.9,96.6,2026-04-01
7427,60.6,99.3,2026-04-01
7428,68.9,69.2,2026-04-01
7429,77.2,77.0,2026-04-01
7430,67.3,65.4,2026-04-01
7431,76.7,63.8,2026-04-01
7432,83.0,93.2,2026-04-01
7433,91.7,74.9,2026-04-01
7434,86.3,63.8,2026-04-01
7435,66.2,66.9,2026-04-01
7436,76.6,84.3,2026-04-01
7437,90.8,72.6,2026-04-01
7438,73.4,81.1,2026-04-01
7439,93.0,81.2,2026-04-01
7440,86.7,71.2,2026-04-01
7441,60.7,67.1,2026-04-01
7442,95.8,83.7,2026-04-01
7443,91.7,82.1,2026-04-01
7444,78.7,67.8,2026-04-01
7445,82.6,83.4,2026-04-01
7446,63.8,84.1,2026-04-01
7447,94.5,60.3,2026-04-01
7448,85.6,71.7,2026-04-01
7449,80.2,96.3,2026-04-01
7450,78.7,69.6,2026-04-01
7451,63.9,85.0,2026-04-01
7452,81.5,93.2,2026-04-01
7453,87.1,94.8,2026-04-01
7454,67.3,66.9,2026-04-01
7455,71.2,97.9,2026-04-01
7456,63.4,92.2,2026-04-01
7457,89.2,88.5,2026-04-01
7458,83.6,96.8,2026-04-01
7459,93.4,69.4,2026-04-01
7460,67.6,91.5,2026-04-01
7461,76.1,61.3,2026-04-01
7462,77.7,83.7,2026-04-01
7463,89.8,65.3,2026-04-01
7464,62.3,93.8,2026-04-01
7465,63.9,99.2,2026-04-01
7466,86.2,64.1,2026-04-01
7467,86.7,66.6,2026-04-01
7468,94.2,63.7,2026-04-01
7469,68.2,71.2,2026-04-01
7470,68.9,82.3,2026-04-01
7471,74.2,92.1,2026-04-01
7472,66.8,87.4,2026-04-01
7473,65.1,78.8,2026-04-01
7474,73.8,74.6,2026-04-01
7475,73.2,72.4,2026-04-01
7476,78.9,66.7,2026-04-01
7477,60.1,62.9,2026-04-01
7478,80.3,79.9,2026-04-01
7479,61.9,91.6,2026-04-01
7480,79.8,84.7,2026-04-01
7481,86.5,97.9,2026-04-01
7482,83.7,86.6,2026-04-01
7483,74.8,81.4,2026-04-01
7484,71.8,94.9,2026-04-01
7485,60.4,90.0,2026-04-01
7486,92.2,86.9,2026-04-01
7487,88.9,76.2,2026-04-01
7488,90.5,60.1,2026-04-01
7489,88.3,96.8,2026-04-01
7490,92.9,85.7,2026-04-01
7491,67.7,66.4,2026-04-01
7492,63.1,68.5,2026-04-01
7493,97.5,98.0,2026-04-01
7494,71.4,89.9,2026-04-01
7495,74.0,98.9,2026-04-01
7496,67.6,74.0,2026-04-01
7497,64.6,87.1,2026-04-01
7498,71.6,66.2,2026-04-01
7499,60.7,78.6,2026-04-01
7500,73.0,69.3,2026-04-01
7501,81.6,80.4,2026-04-01
7502,78.1,70.2,2026-04-01
7503,76.0,74.4,2026-04-01
7504,80.1,78.1,2026-04-01
7505,60.6,91.8,2026-04-01
7506,90.3,67.6,2026-04-01
7507,76.3,78.2,2026-04-01
7508,81.4,67.5,2026-04-01
7509,69.0,94.1,2026-04-01
7510,95.1,87.0,2026-04-01
7511,68.6,70.0,2026-04-01
7512,70.5,60.6,2026-04-01
7513,77.1,61.7,2026-04-01
7514,64.9,91.8,2026-04-01
7515,98.1,63.4,2026-04-01
7516,65.5,76.0,2026-04-01
7517,69.4,68.0,2026-04-01
7518,97.6,79.9,2026-04-01
7519,83.0,99.2,2026-04-01
7520,79.5,90.5,2026-04-01
7521,91.8,67.0,2026-04-01
7522,73.9,61.3,2026-04-01
7523,70.4,98.2,2026-04-01
7524,91.5,71.7,2026-04-01
7525,62.0,84.4,2026-04-01
7526,63.2,71.4,2026-04-01
7527,74.8,90.6,2026-04-01
7528,99.3,68.6,2026-04-01
7529,86.3,65.3,2026-04-01
7530,85.0,64.3,2026-04-01
7531,64.1,63.5,2026-04-01
7532,80.3,67.0,2026-04-01
7533,88.6,61.3,2026-04-01
7534,74.8,72.8,2026-04-01
7535,75.8,85.9,2026-04-01
7536,74.7,66.0,2026-04-01
7537,94.8,99.7,2026-04-01
7538,64.8,83.6,2026-04-01
7539,91.9,85.5,2026-04-01
7540,62.7,93.3,2026-04-01
7541,82.5,68.9,2026-04-01
7542,97.3,99.4,2026-04-01
7543,70.6,94.6,2026-04-01
7544,80.4,86.8,2026-04-01
7545,69.8,65.2,2026-04-01
7546,84.4,82.9,2026-04-01
7547,97.2,77.3,2026-04-01
7548,74.4,63.7,2026-04-01
7549,64.9,74.3,2026-04-01
7550,74.0,62.4,2026-04-01
7551,71.7,82.1,2026-04-01
7552,77.4,70.9,2026-04-01
7553,87.0,78.1,2026-04-01
7554,65.4,60.9,2026-04-01
7555,70.4,61.7,2026-04-01
7556,84.7,67.9,2026-04-01
7557,82.1,87.4,2026-04-01
7558,97.9,66.1,2026-04-01
7559,62.9,61.5,2026-04-01
7560,77.0,75.8,2026-04-01
7561,93.9,73.4,2026-04-01
7562,71.9,80.6,2026-04-01
7563,79.8,62.4,2026-04-01
7564,98.0,63.4,2026-04-01
7565,64.8,74.8,2026-04-01
7566,66.9,71.4,2026-04-01
7567,68.1,96.2,2026-04-01
7568,94.8,77.9,2026-04-01
7569,86.3,85.7,2026-04-01
7570,64.6,60.8,2026-04-01
7571,77.3,97.2,2026-04-01
7572,97.6,74.9,2026-04-01
7573,91.3,70.2,2026-04-01
7574,98.1,80.3,2026-04-01
7575,66.0,84.8,2026-04-01
7576,99.5,78.4,2026-04-01
7577,70.1,88.9,2026-04-01
7578,96.9,68.4,2026-04-01
7579,92.9,83.6,2026-04-01
7580,81.5,96.4,2026-04-01
7581,86.3,86.5,2026-04-01
7582,76.4,80.3,2026-04-01
7583,83.6,86.0,2026-04-01
7584,65.4,77.7,2026-04-01
7585,83.8,92.8,2026-04-01
7586,82.4,69.6,2026-04-01
7587,65.2,84.0,2026-04-01
7588,77.0,98.6,2026-04-01
7589,91.8,70.5,2026-04-01
7590,86.5,87.1,2026-04-01
7591,88.8,98.0,2026-04-01
7592,97.1,95.7,2026-04-01
7593,98.9,98.5,2026-04-01
7594,72.2,83.7,2026-04-01
7595,93.3,99.9,2026-04-01
7596,92.6,84.7,2026-04-01
7597,75.7,97.1,2026-04-01
7598,64.9,80.5,2026-04-01
7599,89.8,71.4,2026-04-01
7600,88.6,97.0,2026-04-01
7601,64.6,90.6,2026-04-01
7602,65.1,61.5,2026-04-01
7603,69.8,89.8,2026-04-01
7604,64.9,99.6,2026-04-01
7605,87.1,84.0,2026-04-01
7606,98.4,63.4,2026-04-01
7607,94.9,86.0,2026-04-01
7608,96.4,74.9,2026-04-01
7609,83.3,77.3,2026-04-01
7610,69.6,70.4,2026-04-01
7611,63.3,69.6,2026-04-01
7612,79.2,62.8,2026-04-01
7613,69.3,62.4,2026-04-01
7614,98.1,92.2,2026-04-01
7615,81.9,67.1,2026-04-01
7616,84.3,95.1,2026-04-01
7617,71.5,78.1,2026-04-01
7618,65.8,74.9,2026-04-01
7619,96.5,92.3,2026-04-01
7620,77.5,87.4,2026-04-01
7621,83.2,92.8,2026-04-01
7622,71.4,91.3,2026-04-01
7623,70.0,67.2,2026-04-01
7624,63.3,89.1,2026-04-01
7625,74.9,76.3,2026-04-01
7626,90.1,85.3,2026-04-01
7627,89.6,93.4,2026-04-01
7628,73.0,81.2,2026-04-01
7629,93.8,91.0,2026-04-01
7630,88.1,85.8,2026-04-01
7631,85.7,67.6,2026-04-01
7632,78.2,70.2,2026-04-01
7633,97.3,64.9,2026-04-01
7634,62.0,81.3,2026-04-01
7635,98.9,61.3,2026-04-01
7636,67.8,69.5,2026-04-01
7637,84.6,72.1,2026-04-01
7638,97.1,69.1,2026-04-01
7639,85.7,61.3,2026-04-01
7640,80.9,97.5,2026-04-01
7641,80.2,77.9,2026-04-01
7642,65.2,63.6,2026-04-01
7643,95.8,79.2,2026-04-01
7644,86.8,89.7,2026-04-01
7645,82.6,70.6,2026-04-01
7646,62.6,94.1,2026-04-01
7647,65.6,67.0,2026-04-01
7648,79.2,72.3,2026-04-01
7649,88.2,82.9,2026-04-01
7650,91.7,64.5,2026-04-01
7651,95.8,84.7,2026-04-01
7652,91.9,69.5,2026-04-01
7653,88.2,86.4,2026-04-01
7654,82.7,77.7,2026-04-01
7655,69.8,88.8,2026-04-01
7656,67.9,75.7,2026-04-01
7657,96.4,79.2,2026-04-01
7658,89.3,94.3,2026-04-01
7659,93.7,74.4,2026-04-01
7660,90.8,65.4,2026-04-01
7661,73.3,79.3,2026-04-01
7662,65.7,94.1,2026-04-01
7663,76.9,63.8,2026-04-01
7664,73.4,93.4,2026-04-01
7665,99.8,97.7,2026-04-01
7666,95.9,91.8,2026-04-01
7667,60.6,79.4,2026-04-01
7668,70.8,81.7,2026-04-01
7669,72.7,87.1,2026-04-01
7670,82.3,93.9,2026-04-01
7671,66.6,99.6,2026-04-01
7672,89.1,66.5,2026-04-01
7673,87.0,65.1,2026-04-01
7674,85.3,71.0,2026-04-01
7675,67.1,91.8,2026-04-01
7676,77.7,84.0,2026-04-01
7677,89.9,80.6,2026-04-01
7678,74.0,64.8,2026-04-01
7679,92.8,85.5,2026-04-01
7680,88.9,89.2,2026-04-01
7681,94.7,73.4,2026-04-01
7682,64.1,61.6,2026-04-01
7683,93.3,79.0,2026-04-01
7684,94.8,85.8,2026-04-01
7685,92.1,74.4,2026-04-01
7686,64.1,71.5,2026-04-01
7687,84.4,88.1,2026-04-01
7688,69.1,64.2,2026-04-01
7689,64.7,84.2,2026-04-01
7690,70.3,64.5,2026-04-01
7691,61.3,71.2,2026-04-01
7692,61.8,89.0,2026-04-01
7693,64.8,85.6,2026-04-01
7694,69.5,88.8,2026-04-01
7695,94.2,72.3,2026-04-01
7696,84.8,86.3,2026-04-01
7697,72.6,84.9,2026-04-01
7698,98.7,67.5,2026-04-01
7699,84.3,74.5,2026-04-01
7700,89.5,74.0,2026-04-01
7701,68.3,83.8,2026-04-01
7702,92.0,84.6,2026-04-01
7703,62.4,79.7,2026-04-01
7704,65.1,95.5,2026-04-01
7705,63.5,75.5,2026-04-01
7706,77.5,75.7,2026-04-01
7707,79.5,92.9,2026-04-01
7708,94.6,93.0,2026-04-01
7709,75.2,85.8,2026-04-01
7710,71.4,96.8,2026-04-01
7711,98.8,82.3,2026-04-01
7712,66.6,64.7,2026-04-01
7713,85.2,74.8,2026-04-01
7714,98.2,69.4,2026-04-01
7715,86.3,66.7,2026-04-01
7716,77.0,81.6,2026-04-01
7717,90.6,82.0,2026-04-01
7718,92.8,75.0,2026-04-01
7719,64.7,89.1,2026-04-01
7720,90.7,89.4,2026-04-01
7721,93.8,78.5,2026-04-01
7722,75.1,96.9,2026-04-01
7723,74.4,79.5,2026-04-01
7724,77.4,66.2,2026-04-01
7725,77.6,88.9,2026-04-01
7726,75.3,67.3,2026-04-01
7727,76.9,80.1,2026-04-01
7728,72.8,68.7,2026-04-01
7729,84.9,87.8,2026-04-01
7730,71.5,94.8,2026-04-01
7731,65.5,79.9,2026-04-01
7732,94.7,67.6,2026-04-01
7733,60.4,85.0,2026-04-01
7734,96.4,90.8,2026-04-01
7735,68.6,74.2,2026-04-01
7736,65.8,92.3,2026-04-01
7737,61.4,90.7,2026-04-01
7738,70.5,70.0,2026-04-01
7739,69.0,91.2,2026-04-01
7740,77.4,95.3,2026-04-01
7741,79.8,99.8,2026-04-01
7742,88.0,84.9,2026-04-01
7743,82.3,64.9,2026-04-01
7744,84.5,80.6,2026-04-01
7745,90.2,68.0,2026-04-01
7746,62.5,61.1,2026-04-01
7747,96.2,66.5,2026-04-01
7748,67.7,88.4,2026-04-01
7749,73.8,72.8,2026-04-01
7750,93.0,62.7,2026-04-01
7751,97.3,96.4,2026-04-01
7752,81.4,99.4,2026-04-01
7753,98.4,62.7,2026-04-01
7754,63.6,67.9,2026-04-01
7755,73.7,91.0,2026-04-01
7756,86.1,73.9,2026-04-01
7757,86.3,93.7,2026-04-01
7758,69.9,66.8,2026-04-01
7759,71.8,81.6,2026-04-01
7760,70.0,91.5,2026-04-01
7761,63.3,86.3,2026-04-01
7762,70.3,94.8,2026-04-01
7763,93.8,76.6,2026-04-01
7764,76.7,98.8,2026-04-01
7765,90.7,85.6,2026-04-01
7766,82.6,89.1,2026-04-01
7767,71.8,92.6,2026-04-01
7768,73.9,66.5,2026-04-01
7769,84.0,85.1,2026-04-01
7770,71.8,88.2,2026-04-01
7771,74.8,85.6,2026-04-01
7772,83.9,67.3,2026-04-01
7773,96.6,86.7,2026-04-01
7774,95.2,96.3,2026-04-01
7775,60.1,67.3,2026-04-01
7776,64.1,63.8,2026-04-01
7777,73.6,78.4,2026-04-01
7778,70.9,97.2,2026-04-01
7779,78.3,64.8,2026-04-01
7780,84.3,81.7,2026-04-01
7781,86.8,70.8,2026-04-01
7782,88.4,77.4,2026-04-01
7783,78.0,71.8,2026-04-01
7784,99.6,94.8,2026-04-01
7785,85.3,83.9,2026-04-01
7786,74.4,97.0,2026-04-01
7787,97.1,63.0,2026-04-01
7788,65.0,77.8,2026-04-01
7789,95.0,67.7,2026-04-01
7790,92.4,73.0,2026-04-01
7791,85.4,60.7,2026-04-01
7792,96.0,61.3,2026-04-01
7793,97.3,97.4,2026-04-01
7794,77.0,85.5,2026-04-01
7795,75.4,87.4,2026-04-01
7796,65.0,96.4,2026-04-01
7797,63.0,85.6,2026-04-01
7798,93.0,91.9,2026-04-01
7799,82.6,72.2,2026-04-01
7800,88.0,83.5,2026-04-01
7801,79.2,62.9,2026-04-01
7802,85.6,61.8,2026-04-01
7803,89.0,73.2,2026-04-01
7804,82.3,78.6,2026-04-01
7805,68.8,95.9,2026-04-01
7806,94.1,78.6,2026-04-01
7807,98.1,84.8,2026-04-01
7808,71.7,66.6,2026-04-01
7809,86.8,67.6,2026-04-01
7810,84.2,78.1,2026-04-01
7811,91.8,69.9,2026-04-01
7812,75.5,63.6,2026-04-01
7813,79.9,73.6,2026-04-01
7814,80.5,60.7,2026-04-01
7815,65.1,91.3,2026-04-01
7816,99.1,97.6,2026-04-01
7817,63.6,92.9,2026-04-01
7818,61.1,99.2,2026-04-01
7819,79.0,80.4,2026-04-01
7820,84.4,81.6,2026-04-01
7821,60.7,83.1,2026-04-01
7822,91.4,93.4,2026-04-01
7823,99.1,90.6,2026-04-01
7824,76.6,90.2,2026-04-01
7825,62.2,93.9,2026-04-01
7826,65.6,93.9,2026-04-01
7827,83.4,97.0,2026-04-01
7828,71.3,61.5,2026-04-01
7829,63.8,80.4,2026-04-01
7830,88.8,81.2,2026-04-01
7831,74.2,70.4,2026-04-01
7832,63.5,79.2,2026-04-01
7833,82.2,84.6,2026-04-01
7834,96.0,93.2,2026-04-01
7835,75.3,76.6,2026-04-01
7836,60.3,87.4,2026-04-01
7837,95.6,81.7,2026-04-01
7838,64.7,93.1,2026-04-01
7839,94.5,65.7,2026-04-01
7840,75.2,97.6,2026-04-01
7841,64.8,87.7,2026-04-01
7842,76.6,69.1,2026-04-01
7843,85.1,64.9,2026-04-01
7844,85.0,85.8,2026-04-01
7845,94.2,87.4,2026-04-01
7846,86.4,93.0,2026-04-01
7847,71.3,83.5,2026-04-01
7848,72.9,60.7,2026-04-01
7849,98.0,94.3,2026-04-01
7850,72.6,77.9,2026-04-01
7851,63.7,76.2,2026-04-01
7852,84.7,63.9,2026-04-01
7853,72.4,65.4,2026-04-01
7854,74.7,94.6,2026-04-01
7855,84.2,69.2,2026-04-01
7856,80.3,88.5,2026-04-01
7857,61.7,79.7,2026-04-01
7858,82.9,75.4,2026-04-01
7859,71.9,90.3,2026-04-01
7860,85.4,68.6,2026-04-01
7861,65.0,86.2,2026-04-01
7862,94.1,90.5,2026-04-01
7863,75.1,78.2,2026-04-01
7864,86.4,84.9,2026-04-01
7865,82.1,67.8,2026-04-01
7866,63.3,86.6,2026-04-01
7867,93.3,85.5,2026-04-01
7868,97.9,97.9,2026-04-01
7869,62.6,96.0,2026-04-01
7870,86.9,70.1,2026-04-01
7871,88.7,70.2,2026-04-01
7872,79.6,88.5,2026-04-01
7873,68.2,98.0,2026-04-01
7874,80.5,80.2,2026-04-01
7875,78.8,66.0,2026-04-01
7876,84.1,97.8,2026-04-01
7877,84.2,88.0,2026-04-01
7878,73.0,92.1,2026-04-01
7879,93.5,97.1,2026-04-01
7880,78.6,88.7,2026-04-01
7881,79.4,97.5,2026-04-01
7882,98.9,83.8,2026-04-01
7883,80.3,78.1,2026-04-01
7884,60.9,89.1,2026-04-01
7885,71.3,78.1,2026-04-01
7886,91.5,66.5,2026-04-01
7887,69.4,98.6,2026-04-01
7888,61.0,78.8,2026-04-01
7889,90.6,65.9,2026-04-01
7890,95.1,90.2,2026-04-01
7891,60.5,99.7,2026-04-01
7892,74.8,67.5,2026-04-01
7893,80.9,73.8,2026-04-01
7894,83.9,97.3,2026-04-01
7895,61.8,72.9,2026-04-01
7896,70.5,78.3,2026-04-01
7897,65.6,97.9,2026-04-01
7898,99.4,77.4,2026-04-01
7899,94.4,65.7,2026-04-01
7900,67.7,78.2,2026-04-01
7901,97.2,83.0,2026-04-01
7902,90.2,77.0,2026-04-01
7903,69.8,96.7,2026-04-01
7904,97.6,88.1,2026-04-01
7905,98.4,86.4,2026-04-01
7906,76.5,68.3,2026-04-01
7907,68.8,74.9,2026-04-01
7908,94.8,80.5,2026-04-01
7909,70.4,60.9,2026-04-01
7910,99.6,72.0,2026-04-01
7911,69.5,62.9,2026-04-01
7912,88.3,95.3,2026-04-01
7913,79.8,69.0,2026-04-01
7914,68.8,60.5,2026-04-01
7915,74.7,69.1,2026-04-01
7916,69.7,79.3,2026-04-01
7917,89.2,71.4,2026-04-01
7918,60.8,75.9,2026-04-01
7919,93.9,91.3,2026-04-01
7920,74.6,89.9,2026-04-01
7921,89.4,75.0,2026-04-01
7922,88.6,82.8,2026-04-01
7923,69.3,71.4,2026-04-01
7924,91.3,64.0,2026-04-01
7925,63.3,85.5,2026-04-01
7926,64.5,97.2,2026-04-01
7927,88.5,84.2,2026-04-01
7928,77.4,60.0,2026-04-01
7929,77.0,70.9,2026-04-01
7930,75.1,70.4,2026-04-01
7931,96.5,82.5,2026-04-01
7932,88.1,70.8,2026-04-01
7933,84.1,77.0,2026-04-01
7934,86.1,95.8,2026-04-01
7935,67.0,86.5,2026-04-01
7936,83.6,78.3,2026-04-01
7937,79.6,84.1,2026-04-01
7938,94.7,63.2,2026-04-01
7939,94.8,97.2,2026-04-01
7940,78.2,62.9,2026-04-01
7941,69.2,79.3,2026-04-01
7942,72.2,79.3,2026-04-01
7943,90.0,83.0,2026-04-01
7944,83.1,89.9,2026-04-01
7945,95.9,69.9,2026-04-01
7946,71.4,78.6,2026-04-01
7947,95.5,85.2,2026-04-01
7948,68.5,68.4,2026-04-01
7949,92.7,82.7,2026-04-01
7950,75.4,97.9,2026-04-01
7951,98.2,76.9,2026-04-01
7952,77.3,97.2,2026-04-01
7953,83.1,94.8,2026-04-01
7954,96.2,94.2,2026-04-01
7955,81.2,62.4,2026-04-01
7956,61.8,77.5,2026-04-01
7957,80.8,98.5,2026-04-01
7958,87.3,90.7,2026-04-01
7959,64.5,89.7,2026-04-01
7960,67.0,68.2,2026-04-01
7961,77.7,69.3,2026-04-01
7962,95.0,67.9,2026-04-01
7963,86.7,74.8,2026-04-01
7964,80.2,73.7,2026-04-01
7965,91.3,80.7,2026-04-01
7966,92.9,86.7,2026-04-01
7967,98.2,65.4,2026-04-01
7968,65.0,88.1,2026-04-01
7969,90.1,93.7,2026-04-01
7970,88.3,63.8,2026-04-01
7971,76.8,88.8,2026-04-01
7972,73.8,78.9,2026-04-01
7973,66.2,95.7,2026-04-01
7974,65.5,89.7,2026-04-01
7975,80.5,80.1,2026-04-01
7976,71.9,84.3,2026-04-01
7977,91.7,95.7,2026-04-01
7978,74.2,75.5,2026-04-01
7979,81.9,88.2,2026-04-01
7980,69.7,66.3,2026-04-01
7981,85.4,96.2,2026-04-01
7982,93.3,65.8,2026-04-01
7983,97.8,80.6,2026-04-01
7984,84.0,74.3,2026-04-01
7985,78.4,61.9,2026-04-01
7986,97.7,63.2,2026-04-01
7987,87.9,73.4,2026-04-01
7988,85.7,81.9,2026-04-01
7989,95.6,78.3,2026-04-01
7990,81.4,99.8,2026-04-01
7991,98.3,63.8,2026-04-01
7992,77.0,60.1,2026-04-01
7993,66.8,67.2,2026-04-01
7994,74.8,71.7,2026-04-01
7995,69.8,73.6,2026-04-01
7996,68.3,77.8,2026-04-01
7997,76.5,69.8,2026-04-01
7998,90.2,71.5,2026-04-01
7999,78.6,66.9,2026-04-01
8000,94.5,99.1,2026-04-01
8001,64.4,68.8,2026-04-01
8002,83.0,63.2,2026-04-01
8003,81.0,93.3,2026-04-01
8004,69.5,70.9,2026-04-01
8005,62.4,95.8,2026-04-01
8006,73.0,71.1,2026-04-01
8007,87.3,79.5,2026-04-01
8008,84.2,84.6,2026-04-01
8009,65.0,87.2,2026-04-01
8010,67.8,62.1,2026-04-01
8011,83.8,78.6,2026-04-01
8012,99.0,61.6,2026-04-01
8013,79.2,96.4,2026-04-01
8014,80.1,93.4,2026-04-01
8015,70.0,80.7,2026-04-01
8016,93.5,91.6,2026-04-01
8017,89.0,76.1,2026-04-01
8018,65.8,69.2,2026-04-01
8019,65.5,67.6,2026-04-01
8020,99.3,94.5,2026-04-01
8021,72.4,71.3,2026-04-01
8022,97.5,89.2,2026-04-01
8023,80.3,92.3,2026-04-01
8024,69.7,60.1,2026-04-01
8025,87.4,96.0,2026-04-01
8026,97.4,82.6,2026-04-01
8027,94.0,68.5,2026-04-01
8028,92.9,74.6,2026-04-01
8029,65.8,84.9,2026-04-01
8030,97.5,70.4,2026-04-01
8031,67.2,68.1,2026-04-01
8032,70.4,98.7,2026-04-01
8033,67.9,63.4,2026-04-01
8034,87.5,77.5,2026-04-01
8035,97.9,74.7,2026-04-01
8036,81.1,81.0,2026-04-01
8037,91.2,75.4,2026-04-01
8038,65.7,73.2,2026-04-01
8039,94.6,76.6,2026-04-01
8040,89.7,61.3,2026-04-01
8041,61.2,62.8,2026-04-01
8042,78.6,72.8,2026-04-01
8043,81.1,77.8,2026-04-01
8044,62.4,61.7,2026-04-01
8045,69.3,99.0,2026-04-01
8046,91.5,88.0,2026-04-01
8047,95.5,84.1,2026-04-01
8048,83.9,95.8,2026-04-01
8049,74.9,61.1,2026-04-01
8050,92.1,78.5,2026-04-01
8051,93.5,95.0,2026-04-01
8052,78.4,69.7,2026-04-01
8053,79.2,88.1,2026-04-01
8054,98.5,91.5,2026-04-01
8055,85.4,82.8,2026-04-01
8056,89.1,94.8,2026-04-01
8057,90.3,88.4,2026-04-01
8058,95.9,70.7,2026-04-01
8059,72.1,73.0,2026-04-01
8060,75.1,65.3,2026-04-01
8061,92.0,90.5,2026-04-01
8062,70.2,67.2,2026-04-01
8063,88.0,79.0,2026-04-01
8064,76.8,61.3,2026-04-01
8065,80.7,85.6,2026-04-01
8066,67.4,90.9,2026-04-01
8067,94.8,65.5,2026-04-01
8068,85.3,68.2,2026-04-01
8069,99.7,63.2,2026-04-01
8070,99.0,88.9,2026-04-01
8071,91.8,80.8,2026-04-01
8072,95.8,78.1,2026-04-01
8073,70.7,65.1,2026-04-01
8074,83.3,87.6,2026-04-01
8075,77.4,78.0,2026-04-01
8076,73.4,69.7,2026-04-01
8077,81.6,68.1,2026-04-01
8078,66.9,88.9,2026-04-01
8079,97.7,72.1,2026-04-01
8080,80.9,88.1,2026-04-01
8081,77.9,76.0,2026-04-01
8082,91.0,60.1,2026-04-01
8083,67.5,66.8,2026-04-01
8084,93.2,81.2,2026-04-01
8085,78.0,81.6,2026-04-01
8086,89.2,84.5,2026-04-01
8087,64.6,95.6,2026-04-01
8088,88.8,80.7,2026-04-01
8089,80.3,79.5,2026-04-01
8090,83.6,89.4,2026-04-01
8091,98.5,89.8,2026-04-01
8092,98.9,98.0,2026-04-01
8093,90.4,70.2,2026-04-01
8094,64.0,94.0,2026-04-01
8095,94.5,67.4,2026-04-01
8096,87.5,96.7,2026-04-01
8097,96.0,99.1,2026-04-01
8098,81.2,88.3,2026-04-01
8099,71.1,95.0,2026-04-01
8100,91.4,65.2,2026-04-01
8101,84.4,60.5,2026-04-01
8102,64.7,71.9,2026-04-01
8103,83.2,90.5,2026-04-01
8104,97.7,75.5,2026-04-01
8105,88.8,84.2,2026-04-01
8106,90.9,98.6,2026-04-01
8107,74.3,97.7,2026-04-01
8108,78.0,94.2,2026-04-01
8109,65.8,77.2,2026-04-01
8110,70.1,85.0,2026-04-01
8111,71.2,81.0,2026-04-01
8112,71.5,65.8,2026-04-01
8113,74.7,96.9,2026-04-01
8114,65.1,70.2,2026-04-01
8115,67.4,93.0,2026-04-01
8116,84.2,76.8,2026-04-01
8117,79.4,67.1,2026-04-01
8118,71.0,74.1,2026-04-01
8119,98.1,87.4,2026-04-01
8120,69.8,96.9,2026-04-01
8121,93.1,79.9,2026-04-01
8122,65.2,85.2,2026-04-01
8123,85.9,87.4,2026-04-01
8124,97.2,80.1,2026-04-01
8125,70.2,75.9,2026-04-01
8126,89.2,77.9,2026-04-01
8127,94.0,65.7,2026-04-01
8128,90.6,79.9,2026-04-01
8129,85.8,91.9,2026-04-01
8130,73.0,79.3,2026-04-01
8131,80.7,91.1,2026-04-01
8132,70.8,92.5,2026-04-01
8133,84.5,88.3,2026-04-01
8134,76.7,85.2,2026-04-01
8135,99.5,76.8,2026-04-01
8136,82.2,99.0,2026-04-01
8137,75.5,85.9,2026-04-01
8138,94.6,82.6,2026-04-01
8139,99.2,62.2,2026-04-01
8140,77.9,84.0,2026-04-01
8141,62.3,67.5,2026-04-01
8142,89.4,68.1,2026-04-01
8143,78.4,99.2,2026-04-01
8144,66.7,87.9,2026-04-01
8145,99.8,86.5,2026-04-01
8146,95.4,93.9,2026-04-01
8147,60.9,98.3,2026-04-01
8148,62.0,81.2,2026-04-01
8149,78.9,82.6,2026-04-01
8150,89.6,69.6,2026-04-01
8151,86.4,91.9,2026-04-01
8152,61.2,87.1,2026-04-01
8153,82.2,96.9,2026-04-01
8154,88.1,80.6,2026-04-01
8155,88.5,65.6,2026-04-01
8156,68.2,97.0,2026-04-01
8157,86.4,98.5,2026-04-01
8158,61.3,66.0,2026-04-01
8159,81.4,74.1,2026-04-01
8160,92.0,98.7,2026-04-01
8161,76.4,93.6,2026-04-01
8162,62.2,91.2,2026-04-01
8163,98.6,96.7,2026-04-01
8164,88.6,97.8,2026-04-01
8165,88.7,92.3,2026-04-01
8166,72.4,73.0,2026-04-01
8167,87.8,95.4,2026-04-01
8168,75.7,62.3,2026-04-01
8169,71.0,91.9,2026-04-01
8170,73.9,61.2,2026-04-01
8171,96.4,94.9,2026-04-01
8172,77.2,90.6,2026-04-01
8173,97.6,71.8,2026-04-01
8174,96.3,60.6,2026-04-01
8175,77.4,80.5,2026-04-01
8176,90.9,97.0,2026-04-01
8177,98.2,98.7,2026-04-01
8178,77.3,65.8,2026-04-01
8179,63.1,74.8,2026-04-01
8180,76.4,74.8,2026-04-01
8181,82.0,88.1,2026-04-01
8182,83.7,69.9,2026-04-01
8183,77.2,69.7,2026-04-01
8184,68.5,77.0,2026-04-01
8185,92.1,81.8,2026-04-01
8186,87.1,86.1,2026-04-01
8187,83.0,98.2,2026-04-01
8188,93.4,69.0,2026-04-01
8189,90.4,67.5,2026-04-01
8190,78.9,64.6,2026-04-01
8191,67.2,70.9,2026-04-01
8192,82.3,67.7,2026-04-01
8193,87.9,68.0,2026-04-01
8194,62.5,74.1,2026-04-01
8195,69.4,76.6,2026-04-01
8196,70.2,97.6,2026-04-01
8197,75.4,85.4,2026-04-01
8198,87.7,72.4,2026-04-01
8199,60.0,82.5,2026-04-01
8200,99.2,97.9,2026-04-01
8201,89.3,83.7,2026-04-01
8202,83.4,71.0,2026-04-01
8203,82.9,99.1,2026-04-01
8204,82.4,93.1,2026-04-01
8205,61.4,70.1,2026-04-01
8206,60.2,62.0,2026-04-01
8207,94.7,98.1,2026-04-01
8208,76.3,65.8,2026-04-01
8209,76.5,99.3,2026-04-01
8210,66.4,83.2,2026-04-01
8211,80.4,96.9,2026-04-01
8212,72.7,68.1,2026-04-01
8213,65.3,86.9,2026-04-01
8214,94.3,86.8,2026-04-01
8215,61.9,88.4,2026-04-01
8216,84.4,99.3,2026-04-01
8217,96.1,68.5,2026-04-01
8218,94.6,83.3,2026-04-01
8219,63.1,74.7,2026-04-01
8220,97.8,79.0,2026-04-01
8221,81.1,74.2,2026-04-01
8222,75.4,89.9,2026-04-01
8223,75.7,96.2,2026-04-01
8224,85.6,74.2,2026-04-01
8225,83.7,65.7,2026-04-01
8226,82.1,67.9,2026-04-01
8227,93.0,96.6,2026-04-01
8228,82.8,89.3,2026-04-01
8229,73.3,68.6,2026-04-01
8230,82.9,88.2,2026-04-01
8231,63.3,89.1,2026-04-01
8232,81.7,73.3,2026-04-01
8233,94.9,86.1,2026-04-01
8234,77.2,83.6,2026-04-01
8235,86.9,99.3,2026-04-01
8236,98.4,96.7,2026-04-01
8237,76.2,78.4,2026-04-01
8238,93.7,74.4,2026-04-01
8239,77.3,74.4,2026-04-01
8240,68.0,93.3,2026-04-01
8241,98.7,86.6,2026-04-01
8242,73.8,64.0,2026-04-01
8243,62.2,68.5,2026-04-01
8244,62.6,77.6,2026-04-01
8245,67.2,98.9,2026-04-01
8246,82.6,72.1,2026-04-01
8247,92.7,93.6,2026-04-01
8248,63.0,88.1,2026-04-01
8249,94.9,69.4,2026-04-01
8250,89.0,72.0,2026-04-01
8251,69.2,90.3,2026-04-01
8252,68.3,60.8,2026-04-01
8253,75.7,94.0,2026-04-01
8254,81.6,88.9,2026-04-01
8255,95.2,80.2,2026-04-01
8256,84.2,84.1,2026-04-01
8257,77.7,95.7,2026-04-01
8258,66.0,78.7,2026-04-01
8259,99.9,94.3,2026-04-01
8260,94.1,72.4,2026-04-01
8261,96.9,63.9,2026-04-01
8262,92.3,88.3,2026-04-01
8263,91.4,98.9,2026-04-01
8264,69.0,76.1,2026-04-01
8265,99.3,91.3,2026-04-01
8266,84.1,99.2,2026-04-01
8267,80.2,60.9,2026-04-01
8268,72.4,92.3,2026-04-01
8269,67.7,71.5,2026-04-01
8270,64.1,61.3,2026-04-01
8271,85.1,96.2,2026-04-01
8272,89.7,65.1,2026-04-01
8273,90.9,85.8,2026-04-01
8274,88.7,70.9,2026-04-01
8275,77.2,76.0,2026-04-01
8276,68.5,72.1,2026-04-01
8277,73.8,60.4,2026-04-01
8278,82.4,82.9,2026-04-01
8279,82.3,92.2,2026-04-01
8280,64.2,73.1,2026-04-01
8281,99.5,93.3,2026-04-01
8282,61.9,65.4,2026-04-01
8283,90.9,72.2,2026-04-01
8284,64.8,92.6,2026-04-01
8285,62.0,96.7,2026-04-01
8286,81.7,90.5,2026-04-01
8287,74.8,73.2,2026-04-01
8288,90.3,68.5,2026-04-01
8289,84.5,86.8,2026-04-01
8290,98.6,98.4,2026-04-01
8291,80.3,98.1,2026-04-01
8292,73.2,70.3,2026-04-01
8293,68.4,73.3,2026-04-01
8294,74.2,72.2,2026-04-01
8295,69.8,61.5,2026-04-01
8296,70.5,65.6,2026-04-01
8297,70.0,88.5,2026-04-01
8298,63.7,90.0,2026-04-01
8299,86.6,69.2,2026-04-01
8300,66.4,96.3,2026-04-01
8301,77.8,87.0,2026-04-01
8302,98.2,86.4,2026-04-01
8303,64.0,82.3,2026-04-01
8304,70.4,93.7,2026-04-01
8305,72.0,74.2,2026-04-01
8306,84.8,81.3,2026-04-01
8307,86.9,71.2,2026-04-01
8308,60.0,79.2,2026-04-01
8309,86.8,96.9,2026-04-01
8310,72.2,93.1,2026-04-01
8311,83.5,60.6,2026-04-01
8312,85.4,84.6,2026-04-01
8313,85.5,63.9,2026-04-01
8314,88.0,84.0,2026-04-01
8315,86.4,71.7,2026-04-01
8316,63.4,65.3,2026-04-01
8317,81.5,71.0,2026-04-01
8318,80.0,65.5,2026-04-01
8319,92.8,71.7,2026-04-01
8320,86.2,82.9,2026-04-01
8321,90.9,75.4,2026-04-01
8322,68.9,89.2,2026-04-01
8323,84.3,79.5,2026-04-01
8324,97.9,82.0,2026-04-01
8325,89.6,77.9,2026-04-01
8326,64.2,87.6,2026-04-01
8327,61.0,66.7,2026-04-01
8328,60.3,82.6,2026-04-01
8329,68.2,60.1,2026-04-01
8330,77.8,76.6,2026-04-01
8331,88.1,60.5,2026-04-01
8332,71.5,88.7,2026-04-01
8333,74.3,68.9,2026-04-01
8334,74.8,86.9,2026-04-01
8335,76.7,68.7,2026-04-01
8336,81.1,72.5,2026-04-01
8337,86.6,85.6,2026-04-01
8338,67.4,86.0,2026-04-01
8339,89.7,70.4,2026-04-01
8340,97.1,75.9,2026-04-01
8341,87.8,67.9,2026-04-01
8342,81.5,72.5,2026-04-01
8343,84.2,70.8,2026-04-01
8344,84.7,99.9,2026-04-01
8345,76.5,65.2,2026-04-01
8346,66.6,98.8,2026-04-01
8347,63.4,70.8,2026-04-01
8348,60.1,70.5,2026-04-01
8349,96.9,91.7,2026-04-01
8350,68.1,90.5,2026-04-01
8351,72.0,91.0,2026-04-01
8352,73.2,80.1,2026-04-01
8353,88.9,89.0,2026-04-01
8354,60.1,67.6,2026-04-01
8355,90.3,73.3,2026-04-01
8356,68.0,65.2,2026-04-01
8357,77.3,87.3,2026-04-01
8358,60.1,95.2,2026-04-01
8359,86.8,97.4,2026-04-01
8360,91.5,60.4,2026-04-01
8361,94.7,76.5,2026-04-01
8362,62.9,79.2,2026-04-01
8363,63.2,73.6,2026-04-01
8364,71.9,74.0,2026-04-01
8365,72.2,73.5,2026-04-01
8366,73.4,91.9,2026-04-01
8367,84.5,91.3,2026-04-01
8368,80.6,70.9,2026-04-01
8369,94.0,91.1,2026-04-01
8370,73.0,75.5,2026-04-01
8371,73.2,76.0,2026-04-01
8372,85.4,72.4,2026-04-01
8373,88.4,97.6,2026-04-01
8374,85.6,91.2,2026-04-01
8375,63.8,91.3,2026-04-01
8376,65.8,71.0,2026-04-01
8377,89.7,83.9,2026-04-01
8378,98.1,70.0,2026-04-01
8379,82.8,70.3,2026-04-01
8380,98.5,95.9,2026-04-01
8381,99.5,94.0,2026-04-01
8382,71.1,64.3,2026-04-01
8383,91.5,88.5,2026-04-01
8384,86.3,81.6,2026-04-01
8385,87.8,74.6,2026-04-01
8386,94.4,64.4,2026-04-01
8387,91.5,83.2,2026-04-01
8388,91.9,66.7,2026-04-01
8389,76.8,62.6,2026-04-01
8390,67.3,65.8,2026-04-01
8391,70.2,88.8,2026-04-01
8392,73.8,97.1,2026-04-01
8393,91.2,98.4,2026-04-01
8394,68.3,93.9,2026-04-01
8395,75.1,89.7,2026-04-01
8396,71.8,86.1,2026-04-01
8397,67.6,78.3,2026-04-01
8398,60.9,88.7,2026-04-01
8399,88.1,88.8,2026-04-01
8400,95.7,97.9,2026-04-01
8401,96.4,68.6,2026-04-01
8402,79.3,62.1,2026-04-01
8403,88.6,85.1,2026-04-01
8404,65.5,98.8,2026-04-01
8405,73.8,74.2,2026-04-01
8406,84.3,63.0,2026-04-01
8407,94.3,90.3,2026-04-01
8408,91.8,73.1,2026-04-01
8409,66.5,74.2,2026-04-01
8410,65.7,96.9,2026-04-01
8411,89.9,90.4,2026-04-01
8412,96.3,61.2,2026-04-01
8413,85.2,70.5,2026-04-01
8414,67.5,71.2,2026-04-01
8415,94.6,66.0,2026-04-01
8416,78.1,82.2,2026-04-01
8417,88.8,93.5,2026-04-01
8418,70.3,74.3,2026-04-01
8419,66.3,91.9,2026-04-01
8420,84.0,92.9,2026-04-01
8421,64.8,97.4,2026-04-01
8422,77.5,81.3,2026-04-01
8423,85.5,98.2,2026-04-01
8424,68.1,90.7,2026-04-01
8425,95.7,97.0,2026-04-01
8426,68.8,89.7,2026-04-01
8427,83.0,67.2,2026-04-01
8428,68.0,87.7,2026-04-01
8429,60.6,62.2,2026-04-01
8430,60.2,76.8,2026-04-01
8431,95.5,81.4,2026-04-01
8432,68.6,62.4,2026-04-01
8433,71.1,88.8,2026-04-01
8434,75.7,64.1,2026-04-01
8435,61.0,77.1,2026-04-01
8436,78.7,85.6,2026-04-01
8437,79.0,60.8,2026-04-01
8438,77.4,84.4,2026-04-01
8439,91.0,74.4,2026-04-01
8440,87.5,88.6,2026-04-01
8441,85.7,67.4,2026-04-01
8442,89.3,72.8,2026-04-01
8443,60.3,85.0,2026-04-01
8444,88.8,60.6,2026-04-01
8445,88.8,89.5,2026-04-01
8446,86.9,74.0,2026-04-01
8447,61.4,88.3,2026-04-01
8448,83.7,86.5,2026-04-01
8449,71.9,72.8,2026-04-01
8450,75.8,75.5,2026-04-01
8451,69.5,71.6,2026-04-01
8452,90.4,62.4,2026-04-01
8453,83.7,68.3,2026-04-01
8454,62.3,60.5,2026-04-01
8455,99.7,66.7,2026-04-01
8456,89.4,92.2,2026-04-01
8457,72.0,82.8,2026-04-01
8458,74.5,64.1,2026-04-01
8459,64.4,61.6,2026-04-01
8460,63.6,98.9,2026-04-01
8461,65.9,90.4,2026-04-01
8462,95.2,96.3,2026-04-01
8463,98.9,81.6,2026-04-01
8464,89.4,64.9,2026-04-01
8465,96.8,62.4,2026-04-01
8466,64.7,87.0,2026-04-01
8467,93.9,95.2,2026-04-01
8468,94.0,65.3,2026-04-01
8469,70.1,90.9,2026-04-01
8470,80.4,60.1,2026-04-01
8471,66.8,70.1,2026-04-01
8472,91.3,96.3,2026-04-01
8473,60.9,64.5,2026-04-01
8474,85.7,91.3,2026-04-01
8475,84.8,88.4,2026-04-01
8476,86.0,61.4,2026-04-01
8477,92.0,79.6,2026-04-01
8478,93.2,79.2,2026-04-01
8479,94.5,60.2,2026-04-01
8480,67.7,90.7,2026-04-01
8481,74.3,69.8,2026-04-01
8482,90.0,87.7,2026-04-01
8483,66.4,87.6,2026-04-01
8484,62.7,94.1,2026-04-01
8485,89.6,80.3,2026-04-01
8486,77.8,81.4,2026-04-01
8487,73.6,80.6,2026-04-01
8488,81.6,77.0,2026-04-01
8489,66.0,62.2,2026-04-01
8490,66.9,64.5,2026-04-01
8491,95.4,75.8,2026-04-01
8492,95.2,70.6,2026-04-01
8493,64.1,84.6,2026-04-01
8494,70.2,66.1,2026-04-01
8495,94.5,83.9,2026-04-01
8496,63.3,75.5,2026-04-01
8497,91.6,78.8,2026-04-01
8498,76.0,69.8,2026-04-01
8499,74.7,90.1,2026-04-01
8500,72.5,94.4,2026-04-01
8501,86.4,65.1,2026-04-01
8502,97.6,79.5,2026-04-01
8503,72.3,81.7,2026-04-01
8504,68.3,87.7,2026-04-01
8505,95.2,93.9,2026-04-01
8506,88.6,65.0,2026-04-01
8507,67.8,71.8,2026-04-01
8508,94.5,63.1,2026-04-01
8509,86.0,78.5,2026-04-01
8510,96.9,75.9,2026-04-01
8511,60.5,78.2,2026-04-01
8512,68.6,73.5,2026-04-01
8513,91.2,98.6,2026-04-01
8514,73.8,97.9,2026-04-01
8515,86.2,76.5,2026-04-01
8516,67.7,69.7,2026-04-01
8517,83.1,76.6,2026-04-01
8518,87.9,84.7,2026-04-01
8519,84.6,69.9,2026-04-01
8520,86.1,68.5,2026-04-01
8521,87.6,96.1,2026-04-01
8522,64.9,76.5,2026-04-01
8523,66.2,82.7,2026-04-01
8524,74.8,96.9,2026-04-01
8525,83.8,79.8,2026-04-01
8526,63.0,99.4,2026-04-01
8527,94.1,62.9,2026-04-01
8528,96.4,79.2,2026-04-01
8529,91.5,75.6,2026-04-01
8530,77.9,92.5,2026-04-01
8531,86.5,96.5,2026-04-01
8532,89.5,70.2,2026-04-01
8533,63.1,93.5,2026-04-01
8534,76.4,79.4,2026-04-01
8535,86.4,80.2,2026-04-01
8536,82.8,78.0,2026-04-01
8537,65.7,73.5,2026-04-01
8538,86.7,80.5,2026-04-01
8539,66.6,60.6,2026-04-01
8540,76.4,62.3,2026-04-01
8541,91.6,74.9,2026-04-01
8542,99.5,94.0,2026-04-01
8543,84.5,71.1,2026-04-01
8544,86.3,60.6,2026-04-01
8545,73.8,60.5,2026-04-01
8546,80.2,64.2,2026-04-01
8547,93.7,78.0,2026-04-01
8548,95.3,72.7,2026-04-01
8549,81.0,82.6,2026-04-01
8550,68.6,86.0,2026-04-01
8551,89.3,80.0,2026-04-01
8552,66.7,96.8,2026-04-01
8553,78.1,90.0,2026-04-01
8554,94.1,64.4,2026-04-01
8555,85.6,70.3,2026-04-01
8556,83.4,60.4,2026-04-01
8557,92.3,81.5,2026-04-01
8558,95.3,64.0,2026-04-01
8559,74.7,74.7,2026-04-01
8560,98.1,83.6,2026-04-01
8561,89.1,74.7,2026-04-01
8562,92.0,69.2,2026-04-01
8563,91.9,93.5,2026-04-01
8564,62.5,88.5,2026-04-01
8565,70.4,93.3,2026-04-01
8566,72.3,84.3,2026-04-01
8567,95.0,79.0,2026-04-01
8568,62.5,85.7,2026-04-01
8569,91.5,96.2,2026-04-01
8570,91.4,83.5,2026-04-01
8571,69.7,61.1,2026-04-01
8572,98.9,94.8,2026-04-01
8573,67.0,81.3,2026-04-01
8574,60.5,89.1,2026-04-01
8575,90.3,90.5,2026-04-01
8576,79.7,69.1,2026-04-01
8577,67.5,81.2,2026-04-01
8578,75.2,61.1,2026-04-01
8579,82.1,93.1,2026-04-01
8580,93.8,63.7,2026-04-01
8581,78.7,96.7,2026-04-01
8582,75.9,91.3,2026-04-01
8583,86.8,79.9,2026-04-01
8584,97.3,72.8,2026-04-01
8585,60.3,93.4,2026-04-01
8586,76.8,64.7,2026-04-01
8587,61.5,95.3,2026-04-01
8588,72.4,86.7,2026-04-01
8589,92.2,77.7,2026-04-01
8590,75.2,92.4,2026-04-01
8591,75.7,97.2,2026-04-01
8592,98.0,91.7,2026-04-01
8593,72.4,66.3,2026-04-01
8594,90.3,94.8,2026-04-01
8595,61.1,83.4,2026-04-01
8596,75.3,83.1,2026-04-01
8597,81.0,67.1,2026-04-01
8598,73.6,91.3,2026-04-01
8599,99.7,86.4,2026-04-01
8600,90.9,91.5,2026-04-01
8601,66.0,79.4,2026-04-01
8602,96.9,95.4,2026-04-01
8603,62.8,95.3,2026-04-01
8604,61.3,72.8,2026-04-01
8605,75.6,77.4,2026-04-01
8606,72.5,88.8,2026-04-01
8607,87.2,63.4,2026-04-01
8608,89.5,75.3,2026-04-01
8609,82.5,97.7,2026-04-01
8610,65.4,68.7,2026-04-01
8611,74.9,92.8,2026-04-01
8612,88.9,66.4,2026-04-01
8613,90.0,97.5,2026-04-01
8614,74.7,70.6,2026-04-01
8615,73.0,93.5,2026-04-01
8616,86.1,80.2,2026-04-01
8617,89.4,94.3,2026-04-01
8618,94.8,84.5,2026-04-01
8619,91.2,77.3,2026-04-01
8620,72.9,86.8,2026-04-01
8621,93.9,99.5,2026-04-01
8622,80.5,88.8,2026-04-01
8623,73.0,62.9,2026-04-01
8624,79.3,81.7,2026-04-01
8625,67.3,76.3,2026-04-01
8626,99.2,65.7,2026-04-01
8627,62.9,83.4,2026-04-01
8628,86.9,61.6,2026-04-01
8629,93.5,90.0,2026-04-01
8630,94.9,77.8,2026-04-01
8631,74.1,88.4,2026-04-01
8632,83.2,80.2,2026-04-01
8633,87.2,75.1,2026-04-01
8634,72.9,91.4,2026-04-01
8635,89.6,84.2,2026-04-01
8636,84.9,80.2,2026-04-01
8637,67.0,78.5,2026-04-01
8638,72.2,83.2,2026-04-01
8639,76.4,76.7,2026-04-01
8640,83.5,73.7,2026-04-01
8641,88.0,91.6,2026-04-01
8642,92.9,70.8,2026-04-01
8643,92.2,67.8,2026-04-01
8644,86.7,80.5,2026-04-01
8645,75.4,87.8,2026-04-01
8646,75.5,66.7,2026-04-01
8647,81.1,77.4,2026-04-01
8648,79.0,86.4,2026-04-01
8649,94.9,78.7,2026-04-01
8650,71.6,99.7,2026-04-01
8651,84.1,75.0,2026-04-01
8652,97.3,72.9,2026-04-01
8653,73.6,64.8,2026-04-01
8654,89.5,66.8,2026-04-01
8655,69.7,84.1,2026-04-01
8656,71.0,68.3,2026-04-01
8657,94.0,92.6,2026-04-01
8658,89.6,74.9,2026-04-01
8659,60.5,74.2,2026-04-01
8660,65.6,99.7,2026-04-01
8661,65.5,90.9,2026-04-01
8662,65.8,73.4,2026-04-01
8663,66.6,61.3,2026-04-01
8664,74.8,76.6,2026-04-01
8665,71.7,84.6,2026-04-01
8666,70.3,87.4,2026-04-01
8667,85.3,60.7,2026-04-01
8668,64.7,66.3,2026-04-01
8669,70.6,62.7,2026-04-01
8670,69.1,75.7,2026-04-01
8671,82.9,77.3,2026-04-01
8672,91.9,79.7,2026-04-01
8673,84.4,82.2,2026-04-01
8674,77.7,85.3,2026-04-01
8675,83.6,64.5,2026-04-01
8676,71.8,78.6,2026-04-01
8677,67.7,80.7,2026-04-01
8678,62.3,85.7,2026-04-01
8679,95.1,91.2,2026-04-01
8680,85.7,71.0,2026-04-01
8681,80.9,62.7,2026-04-01
8682,85.6,65.9,2026-04-01
8683,97.6,74.7,2026-04-01
8684,99.4,84.1,2026-04-01
8685,84.5,75.8,2026-04-01
8686,80.1,73.9,2026-04-01
8687,83.4,81.5,2026-04-01
8688,87.8,63.6,2026-04-01
8689,93.1,73.0,2026-04-01
8690,80.5,88.5,2026-04-01
8691,89.1,93.0,2026-04-01
8692,68.7,63.4,2026-04-01
8693,74.1,96.6,2026-04-01
8694,78.7,73.3,2026-04-01
8695,70.3,76.7,2026-04-01
8696,79.8,97.2,2026-04-01
8697,74.4,94.2,2026-04-01
8698,93.7,93.0,2026-04-01
8699,73.7,81.5,2026-04-01
8700,88.9,95.8,2026-04-01
8701,77.1,64.0,2026-04-01
8702,75.9,62.5,2026-04-01
8703,86.0,65.5,2026-04-01
8704,75.4,73.3,2026-04-01
8705,92.4,73.0,2026-04-01
8706,87.6,66.5,2026-04-01
8707,71.8,61.2,2026-04-01
8708,69.1,96.1,2026-04-01
8709,82.7,60.5,2026-04-01
8710,96.8,82.0,2026-04-01
8711,97.6,74.7,2026-04-01
8712,81.9,93.5,2026-04-01
8713,84.0,76.2,2026-04-01
8714,65.6,70.2,2026-04-01
8715,75.0,60.1,2026-04-01
8716,64.3,80.8,2026-04-01
8717,82.6,68.6,2026-04-01
8718,76.5,67.8,2026-04-01
8719,87.0,89.3,2026-04-01
8720,89.6,91.2,2026-04-01
8721,74.4,78.0,2026-04-01
8722,78.0,91.2,2026-04-01
8723,83.1,83.8,2026-04-01
8724,85.4,89.7,2026-04-01
8725,72.2,82.4,2026-04-01
8726,93.8,78.7,2026-04-01
8727,61.4,64.8,2026-04-01
8728,73.9,93.3,2026-04-01
8729,77.2,93.5,2026-04-01
8730,81.7,75.7,2026-04-01
8731,83.4,79.8,2026-04-01
8732,73.5,65.1,2026-04-01
8733,91.7,60.0,2026-04-01
8734,87.1,61.1,2026-04-01
8735,79.4,65.2,2026-04-01
8736,60.2,98.9,2026-04-01
8737,97.5,69.5,2026-04-01
8738,98.8,60.5,2026-04-01
8739,68.4,71.5,2026-04-01
8740,60.3,61.3,2026-04-01
8741,89.7,78.0,2026-04-01
8742,72.4,60.3,2026-04-01
8743,91.0,61.0,2026-04-01
8744,92.7,91.5,2026-04-01
8745,95.6,78.4,2026-04-01
8746,77.4,87.6,2026-04-01
8747,97.4,96.3,2026-04-01
8748,93.6,95.5,2026-04-01
8749,91.4,61.7,2026-04-01
8750,89.8,71.1,2026-04-01
8751,71.5,66.8,2026-04-01
8752,68.0,64.0,2026-04-01
8753,97.4,92.6,2026-04-01
8754,95.3,70.4,2026-04-01
8755,82.6,70.1,2026-04-01
8756,84.2,70.9,2026-04-01
8757,91.9,73.4,2026-04-01
8758,97.9,66.5,2026-04-01
8759,88.2,62.2,2026-04-01
8760,88.8,92.9,2026-04-01
8761,62.9,72.4,2026-04-01
8762,60.4,68.3,2026-04-01
8763,74.1,80.3,2026-04-01
8764,94.6,76.5,2026-04-01
8765,81.4,64.2,2026-04-01
8766,60.5,82.6,2026-04-01
8767,85.9,87.2,2026-04-01
8768,83.4,88.8,2026-04-01
8769,71.0,60.6,2026-04-01
8770,81.1,62.1,2026-04-01
8771,73.3,62.6,2026-04-01
8772,96.4,64.3,2026-04-01
8773,88.1,81.2,2026-04-01
8774,93.8,83.0,2026-04-01
8775,88.3,73.6,2026-04-01
8776,63.4,76.6,2026-04-01
8777,92.9,80.0,2026-04-01
8778,80.0,95.0,2026-04-01
8779,72.2,68.1,2026-04-01
8780,72.1,82.4,2026-04-01
8781,66.4,97.2,2026-04-01
8782,88.9,72.3,2026-04-01
8783,79.9,60.7,2026-04-01
8784,65.1,94.4,2026-04-01
8785,64.3,67.4,2026-04-01
8786,78.1,74.9,2026-04-01
8787,76.5,60.3,2026-04-01
8788,95.6,77.7,2026-04-01
8789,76.3,61.3,2026-04-01
8790,65.3,72.4,2026-04-01
8791,86.0,91.3,2026-04-01
8792,63.3,80.9,2026-04-01
8793,62.8,96.0,2026-04-01
8794,60.1,88.2,2026-04-01
8795,80.4,97.8,2026-04-01
8796,70.8,88.1,2026-04-01
8797,87.9,89.7,2026-04-01
8798,60.4,68.8,2026-04-01
8799,97.0,90.6,2026-04-01
8800,61.7,64.5,2026-04-01
8801,63.4,83.7,2026-04-01
8802,69.7,79.9,2026-04-01
8803,80.6,68.0,2026-04-01
8804,90.2,87.2,2026-04-01
8805,91.2,86.8,2026-04-01
8806,78.1,67.3,2026-04-01
8807,86.4,75.4,2026-04-01
